nohup: ignoring input
/home/jack/code/lerobot-sim2real/.venv/lib/python3.10/site-packages/torch/cuda/__init__.py:61: FutureWarning: The pynvml package is deprecated. Please install nvidia-ml-py instead. If you did not install pynvml directly, please report this to the maintainers of the package that installed pynvml for you.
  import pynvml  # type: ignore[import]
/home/jack/code/lerobot-sim2real/.venv/lib/python3.10/site-packages/sapien/__init__.py:18: UserWarning: pkg_resources is deprecated as an API. See https://setuptools.pypa.io/en/latest/pkg_resources.html. The pkg_resources package is slated for removal as early as 2025-11-30. Refrain from using this package or pin to Setuptools<81.
  import pkg_resources
wandb: Currently logged in as: jackvial to https://api.wandb.ai. Use `wandb login --relogin` to force relogin
wandb: Tracking run with wandb version 0.21.3
wandb: Run data is saved locally in /home/jack/code/lerobot-sim2real/wandb/run-20250912_093709-wdqpgzh6
wandb: Run `wandb offline` to turn off syncing.
wandb: Syncing run gandalf-so101graspcube-43
wandb: ⭐️ View project at https://wandb.ai/jackvial/SO101-ManiSkill
wandb: 🚀 View run at https://wandb.ai/jackvial/SO101-ManiSkill/runs/wdqpgzh6
Saving eval videos to runs/gandalf-so101graspcube-43/videos
Running training
####
args.num_iterations=6103 args.num_envs=1024 args.num_eval_envs=16
args.minibatch_size=512 args.batch_size=16384 args.update_epochs=8
####
Epoch: 1, global_step=0
Evaluating
Evaluated 1024 steps resulting in 16 episodes
eval_success_once_mean=0.0
eval_return_mean=11.3817138671875
eval_episode_len_mean=64.0
eval_reward_mean=0.1778392791748047
eval_success_at_end_mean=0.0
model saved to runs/gandalf-so101graspcube-43/ckpt_1.pt
SPS: 695
Epoch: 2, global_step=16384
SPS: 1149
Epoch: 3, global_step=32768
SPS: 1468
Epoch: 4, global_step=49152
SPS: 1684
Epoch: 5, global_step=65536
SPS: 1868
Epoch: 6, global_step=81920
SPS: 2013
Epoch: 7, global_step=98304
SPS: 2127
Epoch: 8, global_step=114688
SPS: 2204
Epoch: 9, global_step=131072
SPS: 2288
Epoch: 10, global_step=147456
SPS: 2399
Epoch: 11, global_step=163840
SPS: 2456
Epoch: 12, global_step=180224
SPS: 2492
Epoch: 13, global_step=196608
SPS: 2540
Epoch: 14, global_step=212992
SPS: 2580
Epoch: 15, global_step=229376
SPS: 2632
Epoch: 16, global_step=245760
SPS: 2667
Epoch: 17, global_step=262144
SPS: 2728
Epoch: 18, global_step=278528
SPS: 2777
Epoch: 19, global_step=294912
SPS: 2829
Epoch: 20, global_step=311296
SPS: 2882
Epoch: 21, global_step=327680
SPS: 2905
Epoch: 22, global_step=344064
SPS: 2942
Epoch: 23, global_step=360448
SPS: 2988
Epoch: 24, global_step=376832
SPS: 3029
Epoch: 25, global_step=393216
SPS: 3075
Epoch: 26, global_step=409600
Evaluating
Evaluated 1024 steps resulting in 16 episodes
eval_success_once_mean=0.0
eval_return_mean=18.685951232910156
eval_episode_len_mean=64.0
eval_reward_mean=0.2919679880142212
eval_success_at_end_mean=0.0
model saved to runs/gandalf-so101graspcube-43/ckpt_26.pt
SPS: 2784
Epoch: 27, global_step=425984
SPS: 2824
Epoch: 28, global_step=442368
SPS: 2856
Epoch: 29, global_step=458752
SPS: 2895
Epoch: 30, global_step=475136
SPS: 2933
Epoch: 31, global_step=491520
SPS: 2967
Epoch: 32, global_step=507904
SPS: 3005
Epoch: 33, global_step=524288
SPS: 3046
Epoch: 34, global_step=540672
SPS: 3078
Epoch: 35, global_step=557056
SPS: 3105
Epoch: 36, global_step=573440
SPS: 3120
Epoch: 37, global_step=589824
SPS: 3143
Epoch: 38, global_step=606208
SPS: 3178
Epoch: 39, global_step=622592
SPS: 3198
Epoch: 40, global_step=638976
SPS: 3214
Epoch: 41, global_step=655360
SPS: 3249
Epoch: 42, global_step=671744
SPS: 3270
Epoch: 43, global_step=688128
SPS: 3289
Epoch: 44, global_step=704512
SPS: 3296
Epoch: 45, global_step=720896
SPS: 3318
Epoch: 46, global_step=737280
SPS: 3345
Epoch: 47, global_step=753664
SPS: 3371
Epoch: 48, global_step=770048
SPS: 3373
Epoch: 49, global_step=786432
SPS: 3394
Epoch: 50, global_step=802816
SPS: 3412
Epoch: 51, global_step=819200
Evaluating
Evaluated 1024 steps resulting in 16 episodes
eval_success_once_mean=0.0
eval_return_mean=29.777538299560547
eval_episode_len_mean=64.0
eval_reward_mean=0.46527403593063354
eval_success_at_end_mean=0.0
model saved to runs/gandalf-so101graspcube-43/ckpt_51.pt
SPS: 3214
Epoch: 52, global_step=835584
SPS: 3232
Epoch: 53, global_step=851968
SPS: 3250
Epoch: 54, global_step=868352
SPS: 3273
Epoch: 55, global_step=884736
SPS: 3296
Epoch: 56, global_step=901120
SPS: 3308
Epoch: 57, global_step=917504
SPS: 3325
Epoch: 58, global_step=933888
SPS: 3334
Epoch: 59, global_step=950272
SPS: 3346
Epoch: 60, global_step=966656
SPS: 3359
Epoch: 61, global_step=983040
SPS: 3375
Epoch: 62, global_step=999424
SPS: 3388
Epoch: 63, global_step=1015808
SPS: 3403
Epoch: 64, global_step=1032192
SPS: 3413
Epoch: 65, global_step=1048576
SPS: 3433
Epoch: 66, global_step=1064960
SPS: 3445
Epoch: 67, global_step=1081344
SPS: 3463
Epoch: 68, global_step=1097728
SPS: 3474
Epoch: 69, global_step=1114112
SPS: 3489
Epoch: 70, global_step=1130496
SPS: 3505
Epoch: 71, global_step=1146880
SPS: 3503
Epoch: 72, global_step=1163264
SPS: 3510
Epoch: 73, global_step=1179648
SPS: 3524
Epoch: 74, global_step=1196032
SPS: 3529
Epoch: 75, global_step=1212416
SPS: 3540
Epoch: 76, global_step=1228800
Evaluating
Evaluated 1024 steps resulting in 16 episodes
eval_success_once_mean=0.0
eval_return_mean=31.07457160949707
eval_episode_len_mean=64.0
eval_reward_mean=0.4855401813983917
eval_success_at_end_mean=0.0
model saved to runs/gandalf-so101graspcube-43/ckpt_76.pt
SPS: 3392
Epoch: 77, global_step=1245184
SPS: 3404
Epoch: 78, global_step=1261568
SPS: 3419
Epoch: 79, global_step=1277952
SPS: 3430
Epoch: 80, global_step=1294336
SPS: 3440
Epoch: 81, global_step=1310720
SPS: 3451
Epoch: 82, global_step=1327104
SPS: 3458
Epoch: 83, global_step=1343488
SPS: 3462
Epoch: 84, global_step=1359872
SPS: 3458
Epoch: 85, global_step=1376256
SPS: 3472
Epoch: 86, global_step=1392640
SPS: 3485
Epoch: 87, global_step=1409024
SPS: 3495
Epoch: 88, global_step=1425408
SPS: 3502
Epoch: 89, global_step=1441792
SPS: 3515
Epoch: 90, global_step=1458176
SPS: 3524
Epoch: 91, global_step=1474560
SPS: 3525
Epoch: 92, global_step=1490944
SPS: 3526
Epoch: 93, global_step=1507328
SPS: 3540
Epoch: 94, global_step=1523712
SPS: 3547
Epoch: 95, global_step=1540096
SPS: 3556
Epoch: 96, global_step=1556480
SPS: 3559
Epoch: 97, global_step=1572864
SPS: 3569
Epoch: 98, global_step=1589248
SPS: 3577
Epoch: 99, global_step=1605632
SPS: 3588
Epoch: 100, global_step=1622016
SPS: 3593
Epoch: 101, global_step=1638400
Evaluating
Evaluated 1024 steps resulting in 16 episodes
eval_success_once_mean=0.0
eval_return_mean=25.061138153076172
eval_episode_len_mean=64.0
eval_reward_mean=0.3915802836418152
eval_success_at_end_mean=0.0
model saved to runs/gandalf-so101graspcube-43/ckpt_101.pt
SPS: 3480
Epoch: 102, global_step=1654784
SPS: 3484
Epoch: 103, global_step=1671168
SPS: 3485
Epoch: 104, global_step=1687552
SPS: 3487
Epoch: 105, global_step=1703936
SPS: 3499
Epoch: 106, global_step=1720320
SPS: 3509
Epoch: 107, global_step=1736704
SPS: 3518
Epoch: 108, global_step=1753088
SPS: 3523
Epoch: 109, global_step=1769472
SPS: 3534
Epoch: 110, global_step=1785856
SPS: 3543
Epoch: 111, global_step=1802240
SPS: 3553
Epoch: 112, global_step=1818624
SPS: 3547
Epoch: 113, global_step=1835008
SPS: 3554
Epoch: 114, global_step=1851392
SPS: 3561
Epoch: 115, global_step=1867776
SPS: 3567
Epoch: 116, global_step=1884160
SPS: 3574
Epoch: 117, global_step=1900544
SPS: 3584
Epoch: 118, global_step=1916928
SPS: 3593
Epoch: 119, global_step=1933312
SPS: 3594
Epoch: 120, global_step=1949696
SPS: 3594
Epoch: 121, global_step=1966080
SPS: 3603
Epoch: 122, global_step=1982464
SPS: 3610
Epoch: 123, global_step=1998848
SPS: 3615
Epoch: 124, global_step=2015232
SPS: 3613
Epoch: 125, global_step=2031616
SPS: 3618
Epoch: 126, global_step=2048000
Evaluating
Evaluated 1024 steps resulting in 16 episodes
eval_success_once_mean=0.0
eval_return_mean=34.74091339111328
eval_episode_len_mean=64.0
eval_reward_mean=0.542826771736145
eval_success_at_end_mean=0.0
model saved to runs/gandalf-so101graspcube-43/ckpt_126.pt
SPS: 3522
Epoch: 127, global_step=2064384
SPS: 3530
Epoch: 128, global_step=2080768
SPS: 3536
Epoch: 129, global_step=2097152
SPS: 3544
Epoch: 130, global_step=2113536
SPS: 3551
Epoch: 131, global_step=2129920
SPS: 3559
Epoch: 132, global_step=2146304
SPS: 3564
Epoch: 133, global_step=2162688
SPS: 3570
Epoch: 134, global_step=2179072
SPS: 3573
Epoch: 135, global_step=2195456
SPS: 3579
Epoch: 136, global_step=2211840
SPS: 3582
Epoch: 137, global_step=2228224
SPS: 3589
Epoch: 138, global_step=2244608
SPS: 3597
Epoch: 139, global_step=2260992
SPS: 3605
Epoch: 140, global_step=2277376
SPS: 3611
Epoch: 141, global_step=2293760
SPS: 3617
Epoch: 142, global_step=2310144
SPS: 3625
Epoch: 143, global_step=2326528
SPS: 3627
Epoch: 144, global_step=2342912
SPS: 3632
Epoch: 145, global_step=2359296
SPS: 3638
Epoch: 146, global_step=2375680
SPS: 3640
Epoch: 147, global_step=2392064
SPS: 3646
Epoch: 148, global_step=2408448
SPS: 3651
Epoch: 149, global_step=2424832
SPS: 3658
Epoch: 150, global_step=2441216
SPS: 3664
Epoch: 151, global_step=2457600
Evaluating
Evaluated 1024 steps resulting in 16 episodes
eval_success_once_mean=0.0
eval_return_mean=40.84703063964844
eval_episode_len_mean=64.0
eval_reward_mean=0.6382348537445068
eval_success_at_end_mean=0.0
model saved to runs/gandalf-so101graspcube-43/ckpt_151.pt
SPS: 3579
Epoch: 152, global_step=2473984
SPS: 3583
Epoch: 153, global_step=2490368
SPS: 3591
Epoch: 154, global_step=2506752
SPS: 3597
Epoch: 155, global_step=2523136
SPS: 3602
Epoch: 156, global_step=2539520
SPS: 3606
Epoch: 157, global_step=2555904
SPS: 3613
Epoch: 158, global_step=2572288
SPS: 3618
Epoch: 159, global_step=2588672
SPS: 3625
Epoch: 160, global_step=2605056
SPS: 3625
Epoch: 161, global_step=2621440
SPS: 3629
Epoch: 162, global_step=2637824
SPS: 3633
Epoch: 163, global_step=2654208
SPS: 3640
Epoch: 164, global_step=2670592
SPS: 3642
Epoch: 165, global_step=2686976
SPS: 3646
Epoch: 166, global_step=2703360
SPS: 3650
Epoch: 167, global_step=2719744
SPS: 3653
Epoch: 168, global_step=2736128
SPS: 3655
Epoch: 169, global_step=2752512
SPS: 3659
Epoch: 170, global_step=2768896
SPS: 3663
Epoch: 171, global_step=2785280
SPS: 3666
Epoch: 172, global_step=2801664
SPS: 3670
Epoch: 173, global_step=2818048
SPS: 3674
Epoch: 174, global_step=2834432
SPS: 3678
Epoch: 175, global_step=2850816
SPS: 3683
Epoch: 176, global_step=2867200
Evaluating
Evaluated 1024 steps resulting in 16 episodes
eval_success_once_mean=0.0
eval_return_mean=37.89693069458008
eval_episode_len_mean=64.0
eval_reward_mean=0.5921395421028137
eval_success_at_end_mean=0.0
model saved to runs/gandalf-so101graspcube-43/ckpt_176.pt
SPS: 3610
Epoch: 177, global_step=2883584
SPS: 3615
Epoch: 178, global_step=2899968
SPS: 3618
Epoch: 179, global_step=2916352
SPS: 3622
Epoch: 180, global_step=2932736
SPS: 3626
Epoch: 181, global_step=2949120
SPS: 3631
Epoch: 182, global_step=2965504
SPS: 3636
Epoch: 183, global_step=2981888
SPS: 3641
Epoch: 184, global_step=2998272
SPS: 3645
Epoch: 185, global_step=3014656
SPS: 3651
Epoch: 186, global_step=3031040
SPS: 3655
Epoch: 187, global_step=3047424
SPS: 3660
Epoch: 188, global_step=3063808
SPS: 3662
Epoch: 189, global_step=3080192
SPS: 3668
Epoch: 190, global_step=3096576
SPS: 3671
Epoch: 191, global_step=3112960
SPS: 3674
Epoch: 192, global_step=3129344
SPS: 3676
Epoch: 193, global_step=3145728
SPS: 3682
Epoch: 194, global_step=3162112
SPS: 3686
Epoch: 195, global_step=3178496
SPS: 3689
Epoch: 196, global_step=3194880
SPS: 3692
Epoch: 197, global_step=3211264
SPS: 3698
Epoch: 198, global_step=3227648
SPS: 3700
Epoch: 199, global_step=3244032
SPS: 3702
Epoch: 200, global_step=3260416
SPS: 3706
Epoch: 201, global_step=3276800
Evaluating
Evaluated 1024 steps resulting in 16 episodes
eval_success_once_mean=0.0
eval_return_mean=33.302391052246094
eval_episode_len_mean=64.0
eval_reward_mean=0.5203498601913452
eval_success_at_end_mean=0.0
model saved to runs/gandalf-so101graspcube-43/ckpt_201.pt
SPS: 3642
Epoch: 202, global_step=3293184
SPS: 3647
Epoch: 203, global_step=3309568
SPS: 3649
Epoch: 204, global_step=3325952
SPS: 3647
Epoch: 205, global_step=3342336
SPS: 3650
Epoch: 206, global_step=3358720
SPS: 3655
Epoch: 207, global_step=3375104
SPS: 3659
Epoch: 208, global_step=3391488
SPS: 3658
Epoch: 209, global_step=3407872
SPS: 3663
Epoch: 210, global_step=3424256
SPS: 3665
Epoch: 211, global_step=3440640
SPS: 3670
Epoch: 212, global_step=3457024
SPS: 3671
Epoch: 213, global_step=3473408
SPS: 3674
Epoch: 214, global_step=3489792
SPS: 3677
Epoch: 215, global_step=3506176
SPS: 3681
Epoch: 216, global_step=3522560
SPS: 3680
Epoch: 217, global_step=3538944
SPS: 3684
Epoch: 218, global_step=3555328
SPS: 3688
Epoch: 219, global_step=3571712
SPS: 3691
Epoch: 220, global_step=3588096
SPS: 3693
Epoch: 221, global_step=3604480
SPS: 3696
Epoch: 222, global_step=3620864
SPS: 3700
Epoch: 223, global_step=3637248
SPS: 3703
Epoch: 224, global_step=3653632
SPS: 3704
Epoch: 225, global_step=3670016
SPS: 3708
Epoch: 226, global_step=3686400
Evaluating
Evaluated 1024 steps resulting in 16 episodes
eval_success_once_mean=0.0
eval_return_mean=36.24330139160156
eval_episode_len_mean=64.0
eval_reward_mean=0.5663015842437744
eval_success_at_end_mean=0.0
model saved to runs/gandalf-so101graspcube-43/ckpt_226.pt
SPS: 3650
Epoch: 227, global_step=3702784
SPS: 3651
Epoch: 228, global_step=3719168
SPS: 3650
Epoch: 229, global_step=3735552
SPS: 3654
Epoch: 230, global_step=3751936
SPS: 3658
Epoch: 231, global_step=3768320
SPS: 3660
Epoch: 232, global_step=3784704
SPS: 3662
Epoch: 233, global_step=3801088
SPS: 3665
Epoch: 234, global_step=3817472
SPS: 3668
Epoch: 235, global_step=3833856
SPS: 3672
Epoch: 236, global_step=3850240
SPS: 3673
Epoch: 237, global_step=3866624
SPS: 3676
Epoch: 238, global_step=3883008
SPS: 3681
Epoch: 239, global_step=3899392
SPS: 3682
Epoch: 240, global_step=3915776
SPS: 3682
Epoch: 241, global_step=3932160
SPS: 3687
Epoch: 242, global_step=3948544
SPS: 3689
Epoch: 243, global_step=3964928
SPS: 3691
Epoch: 244, global_step=3981312
SPS: 3694
Epoch: 245, global_step=3997696
SPS: 3698
Epoch: 246, global_step=4014080
SPS: 3702
Epoch: 247, global_step=4030464
SPS: 3703
Epoch: 248, global_step=4046848
SPS: 3702
Epoch: 249, global_step=4063232
SPS: 3706
Epoch: 250, global_step=4079616
SPS: 3710
Epoch: 251, global_step=4096000
Evaluating
Evaluated 1024 steps resulting in 16 episodes
eval_success_once_mean=0.0
eval_return_mean=37.90736389160156
eval_episode_len_mean=64.0
eval_reward_mean=0.5923025608062744
eval_success_at_end_mean=0.0
model saved to runs/gandalf-so101graspcube-43/ckpt_251.pt
SPS: 3656
Epoch: 252, global_step=4112384
SPS: 3657
Epoch: 253, global_step=4128768
SPS: 3662
Epoch: 254, global_step=4145152
SPS: 3664
Epoch: 255, global_step=4161536
SPS: 3668
Epoch: 256, global_step=4177920
SPS: 3671
Epoch: 257, global_step=4194304
SPS: 3674
Epoch: 258, global_step=4210688
SPS: 3678
Epoch: 259, global_step=4227072
SPS: 3681
Epoch: 260, global_step=4243456
SPS: 3684
Epoch: 261, global_step=4259840
SPS: 3688
Epoch: 262, global_step=4276224
SPS: 3690
Epoch: 263, global_step=4292608
SPS: 3692
Epoch: 264, global_step=4308992
SPS: 3694
Epoch: 265, global_step=4325376
SPS: 3697
Epoch: 266, global_step=4341760
SPS: 3701
Epoch: 267, global_step=4358144
SPS: 3703
Epoch: 268, global_step=4374528
SPS: 3706
Epoch: 269, global_step=4390912
SPS: 3709
Epoch: 270, global_step=4407296
SPS: 3713
Epoch: 271, global_step=4423680
SPS: 3716
Epoch: 272, global_step=4440064
SPS: 3717
Epoch: 273, global_step=4456448
SPS: 3721
Epoch: 274, global_step=4472832
SPS: 3723
Epoch: 275, global_step=4489216
SPS: 3726
Epoch: 276, global_step=4505600
Evaluating
Evaluated 1024 steps resulting in 16 episodes
eval_success_once_mean=0.0
eval_return_mean=41.70262145996094
eval_episode_len_mean=64.0
eval_reward_mean=0.6516034603118896
eval_success_at_end_mean=0.0
model saved to runs/gandalf-so101graspcube-43/ckpt_276.pt
SPS: 3677
Epoch: 277, global_step=4521984
SPS: 3679
Epoch: 278, global_step=4538368
SPS: 3683
Epoch: 279, global_step=4554752
SPS: 3687
Epoch: 280, global_step=4571136
SPS: 3689
Epoch: 281, global_step=4587520
SPS: 3691
Epoch: 282, global_step=4603904
SPS: 3691
Epoch: 283, global_step=4620288
SPS: 3694
Epoch: 284, global_step=4636672
SPS: 3694
Epoch: 285, global_step=4653056
SPS: 3697
Epoch: 286, global_step=4669440
SPS: 3698
Epoch: 287, global_step=4685824
SPS: 3701
Epoch: 288, global_step=4702208
SPS: 3703
Epoch: 289, global_step=4718592
SPS: 3706
Epoch: 290, global_step=4734976
SPS: 3710
Epoch: 291, global_step=4751360
SPS: 3712
Epoch: 292, global_step=4767744
SPS: 3712
Epoch: 293, global_step=4784128
SPS: 3715
Epoch: 294, global_step=4800512
SPS: 3718
Epoch: 295, global_step=4816896
SPS: 3722
Epoch: 296, global_step=4833280
SPS: 3721
Epoch: 297, global_step=4849664
SPS: 3725
Epoch: 298, global_step=4866048
SPS: 3728
Epoch: 299, global_step=4882432
SPS: 3731
Epoch: 300, global_step=4898816
SPS: 3733
Epoch: 301, global_step=4915200
Evaluating
Evaluated 1024 steps resulting in 16 episodes
eval_success_once_mean=0.0
eval_return_mean=37.65388488769531
eval_episode_len_mean=64.0
eval_reward_mean=0.5883419513702393
eval_success_at_end_mean=0.0
model saved to runs/gandalf-so101graspcube-43/ckpt_301.pt
SPS: 3690
Epoch: 302, global_step=4931584
SPS: 3693
Epoch: 303, global_step=4947968
SPS: 3697
Epoch: 304, global_step=4964352
SPS: 3699
Epoch: 305, global_step=4980736
SPS: 3702
Epoch: 306, global_step=4997120
SPS: 3706
Epoch: 307, global_step=5013504
SPS: 3707
Epoch: 308, global_step=5029888
SPS: 3708
Epoch: 309, global_step=5046272
SPS: 3710
Epoch: 310, global_step=5062656
SPS: 3714
Epoch: 311, global_step=5079040
SPS: 3717
Epoch: 312, global_step=5095424
SPS: 3719
Epoch: 313, global_step=5111808
SPS: 3721
Epoch: 314, global_step=5128192
SPS: 3723
Epoch: 315, global_step=5144576
SPS: 3727
Epoch: 316, global_step=5160960
SPS: 3728
Epoch: 317, global_step=5177344
SPS: 3731
Epoch: 318, global_step=5193728
SPS: 3734
Epoch: 319, global_step=5210112
SPS: 3738
Epoch: 320, global_step=5226496
SPS: 3739
Epoch: 321, global_step=5242880
SPS: 3741
Epoch: 322, global_step=5259264
SPS: 3744
Epoch: 323, global_step=5275648
SPS: 3746
Epoch: 324, global_step=5292032
SPS: 3746
Epoch: 325, global_step=5308416
SPS: 3748
Epoch: 326, global_step=5324800
Evaluating
Evaluated 1024 steps resulting in 16 episodes
eval_success_once_mean=0.0
eval_return_mean=38.62647247314453
eval_episode_len_mean=64.0
eval_reward_mean=0.6035386323928833
eval_success_at_end_mean=0.0
model saved to runs/gandalf-so101graspcube-43/ckpt_326.pt
SPS: 3708
Epoch: 327, global_step=5341184
SPS: 3709
Epoch: 328, global_step=5357568
SPS: 3710
Epoch: 329, global_step=5373952
SPS: 3712
Epoch: 330, global_step=5390336
SPS: 3715
Epoch: 331, global_step=5406720
SPS: 3718
Epoch: 332, global_step=5423104
SPS: 3717
Epoch: 333, global_step=5439488
SPS: 3720
Epoch: 334, global_step=5455872
SPS: 3722
Epoch: 335, global_step=5472256
SPS: 3723
Epoch: 336, global_step=5488640
SPS: 3724
Epoch: 337, global_step=5505024
SPS: 3727
Epoch: 338, global_step=5521408
SPS: 3730
Epoch: 339, global_step=5537792
SPS: 3733
Epoch: 340, global_step=5554176
SPS: 3731
Epoch: 341, global_step=5570560
SPS: 3735
Epoch: 342, global_step=5586944
SPS: 3737
Epoch: 343, global_step=5603328
SPS: 3740
Epoch: 344, global_step=5619712
SPS: 3740
Epoch: 345, global_step=5636096
SPS: 3743
Epoch: 346, global_step=5652480
SPS: 3746
Epoch: 347, global_step=5668864
SPS: 3749
Epoch: 348, global_step=5685248
SPS: 3750
Epoch: 349, global_step=5701632
SPS: 3753
Epoch: 350, global_step=5718016
SPS: 3756
Epoch: 351, global_step=5734400
Evaluating
Evaluated 1024 steps resulting in 16 episodes
eval_success_once_mean=0.0
eval_return_mean=42.2480583190918
eval_episode_len_mean=64.0
eval_reward_mean=0.6601259112358093
eval_success_at_end_mean=0.0
model saved to runs/gandalf-so101graspcube-43/ckpt_351.pt
SPS: 3718
Epoch: 352, global_step=5750784
SPS: 3720
Epoch: 353, global_step=5767168
SPS: 3722
Epoch: 354, global_step=5783552
SPS: 3725
Epoch: 355, global_step=5799936
SPS: 3726
Epoch: 356, global_step=5816320
SPS: 3725
Epoch: 357, global_step=5832704
SPS: 3728
Epoch: 358, global_step=5849088
SPS: 3730
Epoch: 359, global_step=5865472
SPS: 3733
Epoch: 360, global_step=5881856
SPS: 3733
Epoch: 361, global_step=5898240
SPS: 3735
Epoch: 362, global_step=5914624
SPS: 3738
Epoch: 363, global_step=5931008
SPS: 3739
Epoch: 364, global_step=5947392
SPS: 3740
Epoch: 365, global_step=5963776
SPS: 3743
Epoch: 366, global_step=5980160
SPS: 3746
Epoch: 367, global_step=5996544
SPS: 3746
Epoch: 368, global_step=6012928
SPS: 3746
Epoch: 369, global_step=6029312
SPS: 3749
Epoch: 370, global_step=6045696
SPS: 3751
Epoch: 371, global_step=6062080
SPS: 3754
Epoch: 372, global_step=6078464
SPS: 3756
Epoch: 373, global_step=6094848
SPS: 3759
Epoch: 374, global_step=6111232
SPS: 3761
Epoch: 375, global_step=6127616
SPS: 3763
Epoch: 376, global_step=6144000
Evaluating
Evaluated 1024 steps resulting in 16 episodes
eval_success_once_mean=0.0
eval_return_mean=40.47053527832031
eval_episode_len_mean=64.0
eval_reward_mean=0.6323521137237549
eval_success_at_end_mean=0.0
model saved to runs/gandalf-so101graspcube-43/ckpt_376.pt
SPS: 3724
Epoch: 377, global_step=6160384
SPS: 3727
Epoch: 378, global_step=6176768
SPS: 3729
Epoch: 379, global_step=6193152
SPS: 3731
Epoch: 380, global_step=6209536
SPS: 3732
Epoch: 381, global_step=6225920
SPS: 3735
Epoch: 382, global_step=6242304
SPS: 3737
Epoch: 383, global_step=6258688
SPS: 3740
Epoch: 384, global_step=6275072
SPS: 3741
Epoch: 385, global_step=6291456
SPS: 3744
Epoch: 386, global_step=6307840
SPS: 3745
Epoch: 387, global_step=6324224
SPS: 3747
Epoch: 388, global_step=6340608
SPS: 3747
Epoch: 389, global_step=6356992
SPS: 3750
Epoch: 390, global_step=6373376
SPS: 3751
Epoch: 391, global_step=6389760
SPS: 3753
Epoch: 392, global_step=6406144
SPS: 3755
Epoch: 393, global_step=6422528
SPS: 3757
Epoch: 394, global_step=6438912
SPS: 3759
Epoch: 395, global_step=6455296
SPS: 3761
Epoch: 396, global_step=6471680
SPS: 3761
Epoch: 397, global_step=6488064
SPS: 3763
Epoch: 398, global_step=6504448
SPS: 3765
Epoch: 399, global_step=6520832
SPS: 3767
Epoch: 400, global_step=6537216
SPS: 3768
Epoch: 401, global_step=6553600
Evaluating
Evaluated 1024 steps resulting in 16 episodes
eval_success_once_mean=0.0
eval_return_mean=44.49233627319336
eval_episode_len_mean=64.0
eval_reward_mean=0.6951927542686462
eval_success_at_end_mean=0.0
model saved to runs/gandalf-so101graspcube-43/ckpt_401.pt
SPS: 3735
Epoch: 402, global_step=6569984
SPS: 3738
Epoch: 403, global_step=6586368
SPS: 3740
Epoch: 404, global_step=6602752
SPS: 3742
Epoch: 405, global_step=6619136
SPS: 3744
Epoch: 406, global_step=6635520
SPS: 3747
Epoch: 407, global_step=6651904
SPS: 3748
Epoch: 408, global_step=6668288
SPS: 3747
Epoch: 409, global_step=6684672
SPS: 3750
Epoch: 410, global_step=6701056
SPS: 3751
Epoch: 411, global_step=6717440
SPS: 3753
Epoch: 412, global_step=6733824
SPS: 3753
Epoch: 413, global_step=6750208
SPS: 3755
Epoch: 414, global_step=6766592
SPS: 3758
Epoch: 415, global_step=6782976
SPS: 3758
Epoch: 416, global_step=6799360
SPS: 3759
Epoch: 417, global_step=6815744
SPS: 3762
Epoch: 418, global_step=6832128
SPS: 3764
Epoch: 419, global_step=6848512
SPS: 3765
Epoch: 420, global_step=6864896
SPS: 3767
Epoch: 421, global_step=6881280
SPS: 3769
Epoch: 422, global_step=6897664
SPS: 3772
Epoch: 423, global_step=6914048
SPS: 3773
Epoch: 424, global_step=6930432
SPS: 3774
Epoch: 425, global_step=6946816
SPS: 3776
Epoch: 426, global_step=6963200
Evaluating
Evaluated 1024 steps resulting in 16 episodes
eval_success_once_mean=0.0
eval_return_mean=44.73342514038086
eval_episode_len_mean=64.0
eval_reward_mean=0.6989597678184509
eval_success_at_end_mean=0.0
model saved to runs/gandalf-so101graspcube-43/ckpt_426.pt
SPS: 3744
Epoch: 427, global_step=6979584
SPS: 3745
Epoch: 428, global_step=6995968
SPS: 3746
Epoch: 429, global_step=7012352
SPS: 3749
Epoch: 430, global_step=7028736
SPS: 3751
Epoch: 431, global_step=7045120
SPS: 3753
Epoch: 432, global_step=7061504
SPS: 3754
Epoch: 433, global_step=7077888
SPS: 3757
Epoch: 434, global_step=7094272
SPS: 3759
Epoch: 435, global_step=7110656
SPS: 3762
Epoch: 436, global_step=7127040
SPS: 3762
Epoch: 437, global_step=7143424
SPS: 3764
Epoch: 438, global_step=7159808
SPS: 3767
Epoch: 439, global_step=7176192
SPS: 3769
Epoch: 440, global_step=7192576
SPS: 3769
Epoch: 441, global_step=7208960
SPS: 3772
Epoch: 442, global_step=7225344
SPS: 3773
Epoch: 443, global_step=7241728
SPS: 3775
Epoch: 444, global_step=7258112
SPS: 3776
Epoch: 445, global_step=7274496
SPS: 3778
Epoch: 446, global_step=7290880
SPS: 3778
Epoch: 447, global_step=7307264
SPS: 3779
Epoch: 448, global_step=7323648
SPS: 3778
Epoch: 449, global_step=7340032
SPS: 3780
Epoch: 450, global_step=7356416
SPS: 3783
Epoch: 451, global_step=7372800
Evaluating
Evaluated 1024 steps resulting in 16 episodes
eval_success_once_mean=0.0
eval_return_mean=43.18031311035156
eval_episode_len_mean=64.0
eval_reward_mean=0.6746923923492432
eval_success_at_end_mean=0.0
model saved to runs/gandalf-so101graspcube-43/ckpt_451.pt
SPS: 3753
Epoch: 452, global_step=7389184
SPS: 3755
Epoch: 453, global_step=7405568
SPS: 3758
Epoch: 454, global_step=7421952
SPS: 3759
Epoch: 455, global_step=7438336
SPS: 3761
Epoch: 456, global_step=7454720
SPS: 3760
Epoch: 457, global_step=7471104
SPS: 3762
Epoch: 458, global_step=7487488
SPS: 3764
Epoch: 459, global_step=7503872
SPS: 3766
Epoch: 460, global_step=7520256
SPS: 3767
Epoch: 461, global_step=7536640
SPS: 3769
Epoch: 462, global_step=7553024
SPS: 3770
Epoch: 463, global_step=7569408
SPS: 3771
Epoch: 464, global_step=7585792
SPS: 3772
Epoch: 465, global_step=7602176
SPS: 3775
Epoch: 466, global_step=7618560
SPS: 3775
Epoch: 467, global_step=7634944
SPS: 3778
Epoch: 468, global_step=7651328
SPS: 3778
Epoch: 469, global_step=7667712
SPS: 3780
Epoch: 470, global_step=7684096
SPS: 3783
Epoch: 471, global_step=7700480
SPS: 3784
Epoch: 472, global_step=7716864
SPS: 3786
Epoch: 473, global_step=7733248
SPS: 3788
Epoch: 474, global_step=7749632
SPS: 3790
Epoch: 475, global_step=7766016
SPS: 3791
Epoch: 476, global_step=7782400
Evaluating
Evaluated 1024 steps resulting in 16 episodes
eval_success_once_mean=0.0
eval_return_mean=44.054115295410156
eval_episode_len_mean=64.0
eval_reward_mean=0.6883455514907837
eval_success_at_end_mean=0.0
model saved to runs/gandalf-so101graspcube-43/ckpt_476.pt
SPS: 3761
Epoch: 477, global_step=7798784
SPS: 3763
Epoch: 478, global_step=7815168
SPS: 3765
Epoch: 479, global_step=7831552
SPS: 3766
Epoch: 480, global_step=7847936
SPS: 3767
Epoch: 481, global_step=7864320
SPS: 3769
Epoch: 482, global_step=7880704
SPS: 3770
Epoch: 483, global_step=7897088
SPS: 3772
Epoch: 484, global_step=7913472
SPS: 3773
Epoch: 485, global_step=7929856
SPS: 3776
Epoch: 486, global_step=7946240
SPS: 3778
Epoch: 487, global_step=7962624
SPS: 3780
Epoch: 488, global_step=7979008
SPS: 3778
Epoch: 489, global_step=7995392
SPS: 3780
Epoch: 490, global_step=8011776
SPS: 3780
Epoch: 491, global_step=8028160
SPS: 3783
Epoch: 492, global_step=8044544
SPS: 3784
Epoch: 493, global_step=8060928
SPS: 3786
Epoch: 494, global_step=8077312
SPS: 3788
Epoch: 495, global_step=8093696
SPS: 3789
Epoch: 496, global_step=8110080
SPS: 3790
Epoch: 497, global_step=8126464
SPS: 3793
Epoch: 498, global_step=8142848
SPS: 3794
Epoch: 499, global_step=8159232
SPS: 3795
Epoch: 500, global_step=8175616
SPS: 3796
Epoch: 501, global_step=8192000
Evaluating
Evaluated 1024 steps resulting in 16 episodes
eval_success_once_mean=0.0
eval_return_mean=43.671775817871094
eval_episode_len_mean=64.0
eval_reward_mean=0.6823714971542358
eval_success_at_end_mean=0.0
model saved to runs/gandalf-so101graspcube-43/ckpt_501.pt
SPS: 3769
Epoch: 502, global_step=8208384
SPS: 3771
Epoch: 503, global_step=8224768
SPS: 3772
Epoch: 504, global_step=8241152
SPS: 3773
Epoch: 505, global_step=8257536
SPS: 3776
Epoch: 506, global_step=8273920
SPS: 3776
Epoch: 507, global_step=8290304
SPS: 3778
Epoch: 508, global_step=8306688
SPS: 3779
Epoch: 509, global_step=8323072
SPS: 3780
Epoch: 510, global_step=8339456
SPS: 3781
Epoch: 511, global_step=8355840
SPS: 3783
Epoch: 512, global_step=8372224
SPS: 3783
Epoch: 513, global_step=8388608
SPS: 3785
Epoch: 514, global_step=8404992
SPS: 3787
Epoch: 515, global_step=8421376
SPS: 3787
Epoch: 516, global_step=8437760
SPS: 3789
Epoch: 517, global_step=8454144
SPS: 3791
Epoch: 518, global_step=8470528
SPS: 3792
Epoch: 519, global_step=8486912
SPS: 3793
Epoch: 520, global_step=8503296
SPS: 3793
Epoch: 521, global_step=8519680
SPS: 3796
Epoch: 522, global_step=8536064
SPS: 3797
Epoch: 523, global_step=8552448
SPS: 3799
Epoch: 524, global_step=8568832
SPS: 3799
Epoch: 525, global_step=8585216
SPS: 3801
Epoch: 526, global_step=8601600
Evaluating
Evaluated 1024 steps resulting in 16 episodes
eval_success_once_mean=0.0
eval_return_mean=44.07781982421875
eval_episode_len_mean=64.0
eval_reward_mean=0.688715934753418
eval_success_at_end_mean=0.0
model saved to runs/gandalf-so101graspcube-43/ckpt_526.pt
SPS: 3775
Epoch: 527, global_step=8617984
SPS: 3777
Epoch: 528, global_step=8634368
SPS: 3778
Epoch: 529, global_step=8650752
SPS: 3780
Epoch: 530, global_step=8667136
SPS: 3782
Epoch: 531, global_step=8683520
SPS: 3781
Epoch: 532, global_step=8699904
SPS: 3782
Epoch: 533, global_step=8716288
SPS: 3784
Epoch: 534, global_step=8732672
SPS: 3785
Epoch: 535, global_step=8749056
SPS: 3785
Epoch: 536, global_step=8765440
SPS: 3785
Epoch: 537, global_step=8781824
SPS: 3787
Epoch: 538, global_step=8798208
SPS: 3788
Epoch: 539, global_step=8814592
SPS: 3789
Epoch: 540, global_step=8830976
SPS: 3789
Epoch: 541, global_step=8847360
SPS: 3791
Epoch: 542, global_step=8863744
SPS: 3792
Epoch: 543, global_step=8880128
SPS: 3792
Epoch: 544, global_step=8896512
SPS: 3793
Epoch: 545, global_step=8912896
SPS: 3795
Epoch: 546, global_step=8929280
SPS: 3797
Epoch: 547, global_step=8945664
SPS: 3798
Epoch: 548, global_step=8962048
SPS: 3798
Epoch: 549, global_step=8978432
SPS: 3800
Epoch: 550, global_step=8994816
SPS: 3802
Epoch: 551, global_step=9011200
Evaluating
Evaluated 1024 steps resulting in 16 episodes
eval_success_once_mean=0.0
eval_return_mean=43.99620819091797
eval_episode_len_mean=64.0
eval_reward_mean=0.6874407529830933
eval_success_at_end_mean=0.0
model saved to runs/gandalf-so101graspcube-43/ckpt_551.pt
SPS: 3776
Epoch: 552, global_step=9027584
SPS: 3778
Epoch: 553, global_step=9043968
SPS: 3780
Epoch: 554, global_step=9060352
SPS: 3782
Epoch: 555, global_step=9076736
SPS: 3783
Epoch: 556, global_step=9093120
SPS: 3784
Epoch: 557, global_step=9109504
SPS: 3786
Epoch: 558, global_step=9125888
SPS: 3788
Epoch: 559, global_step=9142272
SPS: 3790
Epoch: 560, global_step=9158656
SPS: 3791
Epoch: 561, global_step=9175040
SPS: 3793
Epoch: 562, global_step=9191424
SPS: 3795
Epoch: 563, global_step=9207808
SPS: 3796
Epoch: 564, global_step=9224192
SPS: 3797
Epoch: 565, global_step=9240576
SPS: 3799
Epoch: 566, global_step=9256960
SPS: 3801
Epoch: 567, global_step=9273344
SPS: 3802
Epoch: 568, global_step=9289728
SPS: 3803
Epoch: 569, global_step=9306112
SPS: 3805
Epoch: 570, global_step=9322496
SPS: 3807
Epoch: 571, global_step=9338880
SPS: 3809
Epoch: 572, global_step=9355264
SPS: 3810
Epoch: 573, global_step=9371648
SPS: 3812
Epoch: 574, global_step=9388032
SPS: 3813
Epoch: 575, global_step=9404416
SPS: 3815
Epoch: 576, global_step=9420800
Evaluating
Evaluated 1024 steps resulting in 16 episodes
eval_success_once_mean=0.0
eval_return_mean=45.77828598022461
eval_episode_len_mean=64.0
eval_reward_mean=0.7152857184410095
eval_success_at_end_mean=0.0
model saved to runs/gandalf-so101graspcube-43/ckpt_576.pt
SPS: 3789
Epoch: 577, global_step=9437184
SPS: 3791
Epoch: 578, global_step=9453568
SPS: 3793
Epoch: 579, global_step=9469952
SPS: 3795
Epoch: 580, global_step=9486336
SPS: 3796
Epoch: 581, global_step=9502720
SPS: 3798
Epoch: 582, global_step=9519104
SPS: 3799
Epoch: 583, global_step=9535488
SPS: 3800
Epoch: 584, global_step=9551872
SPS: 3801
Epoch: 585, global_step=9568256
SPS: 3803
Epoch: 586, global_step=9584640
SPS: 3804
Epoch: 587, global_step=9601024
SPS: 3805
Epoch: 588, global_step=9617408
SPS: 3806
Epoch: 589, global_step=9633792
SPS: 3808
Epoch: 590, global_step=9650176
SPS: 3810
Epoch: 591, global_step=9666560
SPS: 3812
Epoch: 592, global_step=9682944
SPS: 3813
Epoch: 593, global_step=9699328
SPS: 3815
Epoch: 594, global_step=9715712
SPS: 3817
Epoch: 595, global_step=9732096
SPS: 3819
Epoch: 596, global_step=9748480
SPS: 3820
Epoch: 597, global_step=9764864
SPS: 3822
Epoch: 598, global_step=9781248
SPS: 3824
Epoch: 599, global_step=9797632
SPS: 3825
Epoch: 600, global_step=9814016
SPS: 3826
Epoch: 601, global_step=9830400
Evaluating
Evaluated 1024 steps resulting in 16 episodes
eval_success_once_mean=0.0
eval_return_mean=44.18069839477539
eval_episode_len_mean=64.0
eval_reward_mean=0.6903234124183655
eval_success_at_end_mean=0.0
model saved to runs/gandalf-so101graspcube-43/ckpt_601.pt
SPS: 3804
Epoch: 602, global_step=9846784
SPS: 3805
Epoch: 603, global_step=9863168
SPS: 3807
Epoch: 604, global_step=9879552
SPS: 3808
Epoch: 605, global_step=9895936
SPS: 3810
Epoch: 606, global_step=9912320
SPS: 3812
Epoch: 607, global_step=9928704
SPS: 3813
Epoch: 608, global_step=9945088
SPS: 3815
Epoch: 609, global_step=9961472
SPS: 3816
Epoch: 610, global_step=9977856
SPS: 3818
Epoch: 611, global_step=9994240
SPS: 3819
Epoch: 612, global_step=10010624
SPS: 3819
Epoch: 613, global_step=10027008
SPS: 3821
Epoch: 614, global_step=10043392
SPS: 3821
Epoch: 615, global_step=10059776
SPS: 3821
Epoch: 616, global_step=10076160
SPS: 3822
Epoch: 617, global_step=10092544
SPS: 3824
Epoch: 618, global_step=10108928
SPS: 3823
Epoch: 619, global_step=10125312
SPS: 3825
Epoch: 620, global_step=10141696
SPS: 3824
Epoch: 621, global_step=10158080
SPS: 3826
Epoch: 622, global_step=10174464
SPS: 3827
Epoch: 623, global_step=10190848
SPS: 3827
Epoch: 624, global_step=10207232
SPS: 3828
Epoch: 625, global_step=10223616
SPS: 3829
Epoch: 626, global_step=10240000
Evaluating
Evaluated 1024 steps resulting in 16 episodes
eval_success_once_mean=0.0
eval_return_mean=43.611724853515625
eval_episode_len_mean=64.0
eval_reward_mean=0.6814332008361816
eval_success_at_end_mean=0.0
model saved to runs/gandalf-so101graspcube-43/ckpt_626.pt
SPS: 3806
Epoch: 627, global_step=10256384
SPS: 3807
Epoch: 628, global_step=10272768
SPS: 3807
Epoch: 629, global_step=10289152
SPS: 3809
Epoch: 630, global_step=10305536
SPS: 3810
Epoch: 631, global_step=10321920
SPS: 3810
Epoch: 632, global_step=10338304
SPS: 3811
Epoch: 633, global_step=10354688
SPS: 3812
Epoch: 634, global_step=10371072
SPS: 3813
Epoch: 635, global_step=10387456
SPS: 3815
Epoch: 636, global_step=10403840
SPS: 3813
Epoch: 637, global_step=10420224
SPS: 3815
Epoch: 638, global_step=10436608
SPS: 3815
Epoch: 639, global_step=10452992
SPS: 3817
Epoch: 640, global_step=10469376
SPS: 3817
Epoch: 641, global_step=10485760
SPS: 3819
Epoch: 642, global_step=10502144
SPS: 3820
Epoch: 643, global_step=10518528
SPS: 3821
Epoch: 644, global_step=10534912
SPS: 3822
Epoch: 645, global_step=10551296
SPS: 3824
Epoch: 646, global_step=10567680
SPS: 3826
Epoch: 647, global_step=10584064
SPS: 3827
Epoch: 648, global_step=10600448
SPS: 3828
Epoch: 649, global_step=10616832
SPS: 3830
Epoch: 650, global_step=10633216
SPS: 3831
Epoch: 651, global_step=10649600
Evaluating
Evaluated 1024 steps resulting in 16 episodes
eval_success_once_mean=0.0
eval_return_mean=42.33259201049805
eval_episode_len_mean=64.0
eval_reward_mean=0.661446750164032
eval_success_at_end_mean=0.0
model saved to runs/gandalf-so101graspcube-43/ckpt_651.pt
SPS: 3810
Epoch: 652, global_step=10665984
SPS: 3811
Epoch: 653, global_step=10682368
SPS: 3812
Epoch: 654, global_step=10698752
SPS: 3812
Epoch: 655, global_step=10715136
SPS: 3813
Epoch: 656, global_step=10731520
SPS: 3814
Epoch: 657, global_step=10747904
SPS: 3815
Epoch: 658, global_step=10764288
SPS: 3815
Epoch: 659, global_step=10780672
SPS: 3816
Epoch: 660, global_step=10797056
SPS: 3817
Epoch: 661, global_step=10813440
SPS: 3819
Epoch: 662, global_step=10829824
SPS: 3819
Epoch: 663, global_step=10846208
SPS: 3820
Epoch: 664, global_step=10862592
SPS: 3821
Epoch: 665, global_step=10878976
SPS: 3823
Epoch: 666, global_step=10895360
SPS: 3824
Epoch: 667, global_step=10911744
SPS: 3825
Epoch: 668, global_step=10928128
SPS: 3825
Epoch: 669, global_step=10944512
SPS: 3827
Epoch: 670, global_step=10960896
SPS: 3828
Epoch: 671, global_step=10977280
SPS: 3829
Epoch: 672, global_step=10993664
SPS: 3830
Epoch: 673, global_step=11010048
SPS: 3832
Epoch: 674, global_step=11026432
SPS: 3833
Epoch: 675, global_step=11042816
SPS: 3834
Epoch: 676, global_step=11059200
Evaluating
Evaluated 1024 steps resulting in 16 episodes
eval_success_once_mean=0.0
eval_return_mean=44.5804443359375
eval_episode_len_mean=64.0
eval_reward_mean=0.6965694427490234
eval_success_at_end_mean=0.0
model saved to runs/gandalf-so101graspcube-43/ckpt_676.pt
SPS: 3813
Epoch: 677, global_step=11075584
SPS: 3814
Epoch: 678, global_step=11091968
SPS: 3815
Epoch: 679, global_step=11108352
SPS: 3815
Epoch: 680, global_step=11124736
SPS: 3815
Epoch: 681, global_step=11141120
SPS: 3817
Epoch: 682, global_step=11157504
SPS: 3818
Epoch: 683, global_step=11173888
SPS: 3818
Epoch: 684, global_step=11190272
SPS: 3819
Epoch: 685, global_step=11206656
SPS: 3821
Epoch: 686, global_step=11223040
SPS: 3821
Epoch: 687, global_step=11239424
SPS: 3822
Epoch: 688, global_step=11255808
SPS: 3822
Epoch: 689, global_step=11272192
SPS: 3823
Epoch: 690, global_step=11288576
SPS: 3823
Epoch: 691, global_step=11304960
SPS: 3824
Epoch: 692, global_step=11321344
SPS: 3825
Epoch: 693, global_step=11337728
SPS: 3826
Epoch: 694, global_step=11354112
SPS: 3827
Epoch: 695, global_step=11370496
SPS: 3829
Epoch: 696, global_step=11386880
SPS: 3829
Epoch: 697, global_step=11403264
SPS: 3831
Epoch: 698, global_step=11419648
SPS: 3832
Epoch: 699, global_step=11436032
SPS: 3834
Epoch: 700, global_step=11452416
SPS: 3833
Epoch: 701, global_step=11468800
Evaluating
Evaluated 1024 steps resulting in 16 episodes
eval_success_once_mean=0.0
eval_return_mean=41.53430938720703
eval_episode_len_mean=64.0
eval_reward_mean=0.6489735841751099
eval_success_at_end_mean=0.0
model saved to runs/gandalf-so101graspcube-43/ckpt_701.pt
SPS: 3814
Epoch: 702, global_step=11485184
SPS: 3815
Epoch: 703, global_step=11501568
SPS: 3816
Epoch: 704, global_step=11517952
SPS: 3817
Epoch: 705, global_step=11534336
SPS: 3819
Epoch: 706, global_step=11550720
SPS: 3820
Epoch: 707, global_step=11567104
SPS: 3821
Epoch: 708, global_step=11583488
SPS: 3822
Epoch: 709, global_step=11599872
SPS: 3823
Epoch: 710, global_step=11616256
SPS: 3824
Epoch: 711, global_step=11632640
SPS: 3825
Epoch: 712, global_step=11649024
SPS: 3825
Epoch: 713, global_step=11665408
SPS: 3827
Epoch: 714, global_step=11681792
SPS: 3827
Epoch: 715, global_step=11698176
SPS: 3826
Epoch: 716, global_step=11714560
SPS: 3827
Epoch: 717, global_step=11730944
SPS: 3829
Epoch: 718, global_step=11747328
SPS: 3830
Epoch: 719, global_step=11763712
SPS: 3830
Epoch: 720, global_step=11780096
SPS: 3830
Epoch: 721, global_step=11796480
SPS: 3832
Epoch: 722, global_step=11812864
SPS: 3833
Epoch: 723, global_step=11829248
SPS: 3834
Epoch: 724, global_step=11845632
SPS: 3835
Epoch: 725, global_step=11862016
SPS: 3837
Epoch: 726, global_step=11878400
Evaluating
Evaluated 1024 steps resulting in 16 episodes
eval_success_once_mean=0.0
eval_return_mean=37.662864685058594
eval_episode_len_mean=64.0
eval_reward_mean=0.5884822607040405
eval_success_at_end_mean=0.0
model saved to runs/gandalf-so101graspcube-43/ckpt_726.pt
SPS: 3818
Epoch: 727, global_step=11894784
SPS: 3819
Epoch: 728, global_step=11911168
SPS: 3820
Epoch: 729, global_step=11927552
SPS: 3822
Epoch: 730, global_step=11943936
SPS: 3823
Epoch: 731, global_step=11960320
SPS: 3825
Epoch: 732, global_step=11976704
SPS: 3825
Epoch: 733, global_step=11993088
SPS: 3827
Epoch: 734, global_step=12009472
SPS: 3827
Epoch: 735, global_step=12025856
SPS: 3828
Epoch: 736, global_step=12042240
SPS: 3828
Epoch: 737, global_step=12058624
SPS: 3830
Epoch: 738, global_step=12075008
SPS: 3831
Epoch: 739, global_step=12091392
SPS: 3831
Epoch: 740, global_step=12107776
SPS: 3830
Epoch: 741, global_step=12124160
SPS: 3832
Epoch: 742, global_step=12140544
SPS: 3833
Epoch: 743, global_step=12156928
SPS: 3834
Epoch: 744, global_step=12173312
SPS: 3832
Epoch: 745, global_step=12189696
SPS: 3834
Epoch: 746, global_step=12206080
SPS: 3835
Epoch: 747, global_step=12222464
SPS: 3834
Epoch: 748, global_step=12238848
SPS: 3835
Epoch: 749, global_step=12255232
SPS: 3836
Epoch: 750, global_step=12271616
SPS: 3837
Epoch: 751, global_step=12288000
Evaluating
Evaluated 1024 steps resulting in 16 episodes
eval_success_once_mean=0.0
eval_return_mean=45.193443298339844
eval_episode_len_mean=64.0
eval_reward_mean=0.7061475515365601
eval_success_at_end_mean=0.0
model saved to runs/gandalf-so101graspcube-43/ckpt_751.pt
SPS: 3818
Epoch: 752, global_step=12304384
SPS: 3819
Epoch: 753, global_step=12320768
SPS: 3821
Epoch: 754, global_step=12337152
SPS: 3821
Epoch: 755, global_step=12353536
SPS: 3822
Epoch: 756, global_step=12369920
SPS: 3822
Epoch: 757, global_step=12386304
SPS: 3823
Epoch: 758, global_step=12402688
SPS: 3824
Epoch: 759, global_step=12419072
SPS: 3826
Epoch: 760, global_step=12435456
SPS: 3826
Epoch: 761, global_step=12451840
SPS: 3827
Epoch: 762, global_step=12468224
SPS: 3829
Epoch: 763, global_step=12484608
SPS: 3829
Epoch: 764, global_step=12500992
SPS: 3830
Epoch: 765, global_step=12517376
SPS: 3832
Epoch: 766, global_step=12533760
SPS: 3832
Epoch: 767, global_step=12550144
SPS: 3833
Epoch: 768, global_step=12566528
SPS: 3834
Epoch: 769, global_step=12582912
SPS: 3835
Epoch: 770, global_step=12599296
SPS: 3836
Epoch: 771, global_step=12615680
SPS: 3837
Epoch: 772, global_step=12632064
SPS: 3838
Epoch: 773, global_step=12648448
SPS: 3839
Epoch: 774, global_step=12664832
SPS: 3840
Epoch: 775, global_step=12681216
SPS: 3840
Epoch: 776, global_step=12697600
Evaluating
Evaluated 1024 steps resulting in 16 episodes
eval_success_once_mean=0.0
eval_return_mean=45.321067810058594
eval_episode_len_mean=64.0
eval_reward_mean=0.7081416845321655
eval_success_at_end_mean=0.0
model saved to runs/gandalf-so101graspcube-43/ckpt_776.pt
SPS: 3822
Epoch: 777, global_step=12713984
SPS: 3823
Epoch: 778, global_step=12730368
SPS: 3824
Epoch: 779, global_step=12746752
SPS: 3825
Epoch: 780, global_step=12763136
SPS: 3826
Epoch: 781, global_step=12779520
SPS: 3828
Epoch: 782, global_step=12795904
SPS: 3829
Epoch: 783, global_step=12812288
SPS: 3830
Epoch: 784, global_step=12828672
SPS: 3831
Epoch: 785, global_step=12845056
SPS: 3832
Epoch: 786, global_step=12861440
SPS: 3834
Epoch: 787, global_step=12877824
SPS: 3834
Epoch: 788, global_step=12894208
SPS: 3835
Epoch: 789, global_step=12910592
SPS: 3836
Epoch: 790, global_step=12926976
SPS: 3838
Epoch: 791, global_step=12943360
SPS: 3839
Epoch: 792, global_step=12959744
SPS: 3839
Epoch: 793, global_step=12976128
SPS: 3840
Epoch: 794, global_step=12992512
SPS: 3841
Epoch: 795, global_step=13008896
SPS: 3842
Epoch: 796, global_step=13025280
SPS: 3843
Epoch: 797, global_step=13041664
SPS: 3844
Epoch: 798, global_step=13058048
SPS: 3845
Epoch: 799, global_step=13074432
SPS: 3845
Epoch: 800, global_step=13090816
SPS: 3846
Epoch: 801, global_step=13107200
Evaluating
Evaluated 1024 steps resulting in 16 episodes
eval_success_once_mean=0.0625
eval_return_mean=43.937225341796875
eval_episode_len_mean=64.0
eval_reward_mean=0.6865191459655762
eval_success_at_end_mean=0.0
model saved to runs/gandalf-so101graspcube-43/ckpt_801.pt
SPS: 3829
Epoch: 802, global_step=13123584
SPS: 3830
Epoch: 803, global_step=13139968
SPS: 3831
Epoch: 804, global_step=13156352
SPS: 3832
Epoch: 805, global_step=13172736
SPS: 3833
Epoch: 806, global_step=13189120
SPS: 3834
Epoch: 807, global_step=13205504
SPS: 3835
Epoch: 808, global_step=13221888
SPS: 3836
Epoch: 809, global_step=13238272
SPS: 3837
Epoch: 810, global_step=13254656
SPS: 3838
Epoch: 811, global_step=13271040
SPS: 3840
Epoch: 812, global_step=13287424
SPS: 3840
Epoch: 813, global_step=13303808
SPS: 3841
Epoch: 814, global_step=13320192
SPS: 3842
Epoch: 815, global_step=13336576
SPS: 3842
Epoch: 816, global_step=13352960
SPS: 3842
Epoch: 817, global_step=13369344
SPS: 3844
Epoch: 818, global_step=13385728
SPS: 3844
Epoch: 819, global_step=13402112
SPS: 3845
Epoch: 820, global_step=13418496
SPS: 3845
Epoch: 821, global_step=13434880
SPS: 3847
Epoch: 822, global_step=13451264
SPS: 3848
Epoch: 823, global_step=13467648
SPS: 3848
Epoch: 824, global_step=13484032
SPS: 3849
Epoch: 825, global_step=13500416
SPS: 3851
Epoch: 826, global_step=13516800
Evaluating
Evaluated 1024 steps resulting in 16 episodes
eval_success_once_mean=0.0
eval_return_mean=43.46171569824219
eval_episode_len_mean=64.0
eval_reward_mean=0.6790893077850342
eval_success_at_end_mean=0.0
model saved to runs/gandalf-so101graspcube-43/ckpt_826.pt
SPS: 3834
Epoch: 827, global_step=13533184
SPS: 3835
Epoch: 828, global_step=13549568
SPS: 3836
Epoch: 829, global_step=13565952
SPS: 3837
Epoch: 830, global_step=13582336
SPS: 3838
Epoch: 831, global_step=13598720
SPS: 3840
Epoch: 832, global_step=13615104
SPS: 3840
Epoch: 833, global_step=13631488
SPS: 3842
Epoch: 834, global_step=13647872
SPS: 3843
Epoch: 835, global_step=13664256
SPS: 3843
Epoch: 836, global_step=13680640
SPS: 3843
Epoch: 837, global_step=13697024
SPS: 3844
Epoch: 838, global_step=13713408
SPS: 3845
Epoch: 839, global_step=13729792
SPS: 3846
Epoch: 840, global_step=13746176
SPS: 3847
Epoch: 841, global_step=13762560
SPS: 3848
Epoch: 842, global_step=13778944
SPS: 3849
Epoch: 843, global_step=13795328
SPS: 3850
Epoch: 844, global_step=13811712
SPS: 3851
Epoch: 845, global_step=13828096
SPS: 3852
Epoch: 846, global_step=13844480
SPS: 3853
Epoch: 847, global_step=13860864
SPS: 3853
Epoch: 848, global_step=13877248
SPS: 3853
Epoch: 849, global_step=13893632
SPS: 3854
Epoch: 850, global_step=13910016
SPS: 3855
Epoch: 851, global_step=13926400
Evaluating
Evaluated 1024 steps resulting in 16 episodes
eval_success_once_mean=0.0
eval_return_mean=46.798866271972656
eval_episode_len_mean=64.0
eval_reward_mean=0.7312322854995728
eval_success_at_end_mean=0.0
model saved to runs/gandalf-so101graspcube-43/ckpt_851.pt
SPS: 3839
Epoch: 852, global_step=13942784
SPS: 3838
Epoch: 853, global_step=13959168
SPS: 3840
Epoch: 854, global_step=13975552
SPS: 3841
Epoch: 855, global_step=13991936
SPS: 3842
Epoch: 856, global_step=14008320
SPS: 3842
Epoch: 857, global_step=14024704
SPS: 3843
Epoch: 858, global_step=14041088
SPS: 3844
Epoch: 859, global_step=14057472
SPS: 3844
Epoch: 860, global_step=14073856
SPS: 3843
Epoch: 861, global_step=14090240
SPS: 3845
Epoch: 862, global_step=14106624
SPS: 3846
Epoch: 863, global_step=14123008
SPS: 3846
Epoch: 864, global_step=14139392
SPS: 3846
Epoch: 865, global_step=14155776
SPS: 3847
Epoch: 866, global_step=14172160
SPS: 3848
Epoch: 867, global_step=14188544
SPS: 3849
Epoch: 868, global_step=14204928
SPS: 3849
Epoch: 869, global_step=14221312
SPS: 3850
Epoch: 870, global_step=14237696
SPS: 3852
Epoch: 871, global_step=14254080
SPS: 3852
Epoch: 872, global_step=14270464
SPS: 3853
Epoch: 873, global_step=14286848
SPS: 3854
Epoch: 874, global_step=14303232
SPS: 3855
Epoch: 875, global_step=14319616
SPS: 3856
Epoch: 876, global_step=14336000
Evaluating
Evaluated 1024 steps resulting in 16 episodes
eval_success_once_mean=0.0
eval_return_mean=42.443199157714844
eval_episode_len_mean=64.0
eval_reward_mean=0.6631749868392944
eval_success_at_end_mean=0.0
model saved to runs/gandalf-so101graspcube-43/ckpt_876.pt
SPS: 3840
Epoch: 877, global_step=14352384
SPS: 3841
Epoch: 878, global_step=14368768
SPS: 3842
Epoch: 879, global_step=14385152
SPS: 3843
Epoch: 880, global_step=14401536
SPS: 3843
Epoch: 881, global_step=14417920
SPS: 3844
Epoch: 882, global_step=14434304
SPS: 3845
Epoch: 883, global_step=14450688
SPS: 3846
Epoch: 884, global_step=14467072
SPS: 3847
Epoch: 885, global_step=14483456
SPS: 3848
Epoch: 886, global_step=14499840
SPS: 3849
Epoch: 887, global_step=14516224
SPS: 3850
Epoch: 888, global_step=14532608
SPS: 3851
Epoch: 889, global_step=14548992
SPS: 3852
Epoch: 890, global_step=14565376
SPS: 3853
Epoch: 891, global_step=14581760
SPS: 3855
Epoch: 892, global_step=14598144
SPS: 3856
Epoch: 893, global_step=14614528
SPS: 3857
Epoch: 894, global_step=14630912
SPS: 3858
Epoch: 895, global_step=14647296
SPS: 3859
Epoch: 896, global_step=14663680
SPS: 3860
Epoch: 897, global_step=14680064
SPS: 3861
Epoch: 898, global_step=14696448
SPS: 3862
Epoch: 899, global_step=14712832
SPS: 3863
Epoch: 900, global_step=14729216
SPS: 3863
Epoch: 901, global_step=14745600
Evaluating
Evaluated 1024 steps resulting in 16 episodes
eval_success_once_mean=0.0
eval_return_mean=44.37517166137695
eval_episode_len_mean=64.0
eval_reward_mean=0.6933620572090149
eval_success_at_end_mean=0.0
model saved to runs/gandalf-so101graspcube-43/ckpt_901.pt
SPS: 3848
Epoch: 902, global_step=14761984
SPS: 3849
Epoch: 903, global_step=14778368
SPS: 3849
Epoch: 904, global_step=14794752
SPS: 3850
Epoch: 905, global_step=14811136
SPS: 3851
Epoch: 906, global_step=14827520
SPS: 3852
Epoch: 907, global_step=14843904
SPS: 3853
Epoch: 908, global_step=14860288
SPS: 3853
Epoch: 909, global_step=14876672
SPS: 3854
Epoch: 910, global_step=14893056
SPS: 3855
Epoch: 911, global_step=14909440
SPS: 3856
Epoch: 912, global_step=14925824
SPS: 3856
Epoch: 913, global_step=14942208
SPS: 3857
Epoch: 914, global_step=14958592
SPS: 3858
Epoch: 915, global_step=14974976
SPS: 3859
Epoch: 916, global_step=14991360
SPS: 3860
Epoch: 917, global_step=15007744
SPS: 3861
Epoch: 918, global_step=15024128
SPS: 3863
Epoch: 919, global_step=15040512
SPS: 3864
Epoch: 920, global_step=15056896
SPS: 3864
Epoch: 921, global_step=15073280
SPS: 3865
Epoch: 922, global_step=15089664
SPS: 3866
Epoch: 923, global_step=15106048
SPS: 3867
Epoch: 924, global_step=15122432
SPS: 3867
Epoch: 925, global_step=15138816
SPS: 3869
Epoch: 926, global_step=15155200
Evaluating
Evaluated 1024 steps resulting in 16 episodes
eval_success_once_mean=0.0
eval_return_mean=47.67188262939453
eval_episode_len_mean=64.0
eval_reward_mean=0.7448731660842896
eval_success_at_end_mean=0.0
model saved to runs/gandalf-so101graspcube-43/ckpt_926.pt
SPS: 3854
Epoch: 927, global_step=15171584
SPS: 3854
Epoch: 928, global_step=15187968
SPS: 3855
Epoch: 929, global_step=15204352
SPS: 3856
Epoch: 930, global_step=15220736
SPS: 3857
Epoch: 931, global_step=15237120
SPS: 3858
Epoch: 932, global_step=15253504
SPS: 3859
Epoch: 933, global_step=15269888
SPS: 3860
Epoch: 934, global_step=15286272
SPS: 3860
Epoch: 935, global_step=15302656
SPS: 3860
Epoch: 936, global_step=15319040
SPS: 3860
Epoch: 937, global_step=15335424
SPS: 3862
Epoch: 938, global_step=15351808
SPS: 3863
Epoch: 939, global_step=15368192
SPS: 3864
Epoch: 940, global_step=15384576
SPS: 3865
Epoch: 941, global_step=15400960
SPS: 3866
Epoch: 942, global_step=15417344
SPS: 3867
Epoch: 943, global_step=15433728
SPS: 3868
Epoch: 944, global_step=15450112
SPS: 3869
Epoch: 945, global_step=15466496
SPS: 3870
Epoch: 946, global_step=15482880
SPS: 3871
Epoch: 947, global_step=15499264
SPS: 3872
Epoch: 948, global_step=15515648
SPS: 3873
Epoch: 949, global_step=15532032
SPS: 3874
Epoch: 950, global_step=15548416
SPS: 3875
Epoch: 951, global_step=15564800
Evaluating
Evaluated 1024 steps resulting in 16 episodes
eval_success_once_mean=0.0
eval_return_mean=44.96012496948242
eval_episode_len_mean=64.0
eval_reward_mean=0.7025019526481628
eval_success_at_end_mean=0.0
model saved to runs/gandalf-so101graspcube-43/ckpt_951.pt
SPS: 3860
Epoch: 952, global_step=15581184
SPS: 3861
Epoch: 953, global_step=15597568
SPS: 3862
Epoch: 954, global_step=15613952
SPS: 3863
Epoch: 955, global_step=15630336
SPS: 3864
Epoch: 956, global_step=15646720
SPS: 3865
Epoch: 957, global_step=15663104
SPS: 3866
Epoch: 958, global_step=15679488
SPS: 3867
Epoch: 959, global_step=15695872
SPS: 3867
Epoch: 960, global_step=15712256
SPS: 3868
Epoch: 961, global_step=15728640
SPS: 3869
Epoch: 962, global_step=15745024
SPS: 3870
Epoch: 963, global_step=15761408
SPS: 3870
Epoch: 964, global_step=15777792
SPS: 3871
Epoch: 965, global_step=15794176
SPS: 3872
Epoch: 966, global_step=15810560
SPS: 3872
Epoch: 967, global_step=15826944
SPS: 3871
Epoch: 968, global_step=15843328
SPS: 3872
Epoch: 969, global_step=15859712
SPS: 3873
Epoch: 970, global_step=15876096
SPS: 3875
Epoch: 971, global_step=15892480
SPS: 3875
Epoch: 972, global_step=15908864
SPS: 3876
Epoch: 973, global_step=15925248
SPS: 3877
Epoch: 974, global_step=15941632
SPS: 3878
Epoch: 975, global_step=15958016
SPS: 3879
Epoch: 976, global_step=15974400
Evaluating
Evaluated 1024 steps resulting in 16 episodes
eval_success_once_mean=0.0
eval_return_mean=44.0180778503418
eval_episode_len_mean=64.0
eval_reward_mean=0.6877824664115906
eval_success_at_end_mean=0.0
model saved to runs/gandalf-so101graspcube-43/ckpt_976.pt
SPS: 3865
Epoch: 977, global_step=15990784
SPS: 3866
Epoch: 978, global_step=16007168
SPS: 3867
Epoch: 979, global_step=16023552
SPS: 3868
Epoch: 980, global_step=16039936
SPS: 3869
Epoch: 981, global_step=16056320
SPS: 3870
Epoch: 982, global_step=16072704
SPS: 3871
Epoch: 983, global_step=16089088
SPS: 3872
Epoch: 984, global_step=16105472
SPS: 3873
Epoch: 985, global_step=16121856
SPS: 3874
Epoch: 986, global_step=16138240
SPS: 3874
Epoch: 987, global_step=16154624
SPS: 3875
Epoch: 988, global_step=16171008
SPS: 3876
Epoch: 989, global_step=16187392
SPS: 3877
Epoch: 990, global_step=16203776
SPS: 3878
Epoch: 991, global_step=16220160
SPS: 3879
Epoch: 992, global_step=16236544
SPS: 3880
Epoch: 993, global_step=16252928
SPS: 3881
Epoch: 994, global_step=16269312
SPS: 3882
Epoch: 995, global_step=16285696
SPS: 3883
Epoch: 996, global_step=16302080
SPS: 3883
Epoch: 997, global_step=16318464
SPS: 3884
Epoch: 998, global_step=16334848
SPS: 3885
Epoch: 999, global_step=16351232
SPS: 3886
Epoch: 1000, global_step=16367616
SPS: 3887
Epoch: 1001, global_step=16384000
Evaluating
Evaluated 1024 steps resulting in 16 episodes
eval_success_once_mean=0.0
eval_return_mean=41.92498016357422
eval_episode_len_mean=64.0
eval_reward_mean=0.6550778150558472
eval_success_at_end_mean=0.0
model saved to runs/gandalf-so101graspcube-43/ckpt_1001.pt
SPS: 3873
Epoch: 1002, global_step=16400384
SPS: 3874
Epoch: 1003, global_step=16416768
SPS: 3875
Epoch: 1004, global_step=16433152
SPS: 3875
Epoch: 1005, global_step=16449536
SPS: 3876
Epoch: 1006, global_step=16465920
SPS: 3877
Epoch: 1007, global_step=16482304
SPS: 3878
Epoch: 1008, global_step=16498688
SPS: 3879
Epoch: 1009, global_step=16515072
SPS: 3880
Epoch: 1010, global_step=16531456
SPS: 3880
Epoch: 1011, global_step=16547840
SPS: 3880
Epoch: 1012, global_step=16564224
SPS: 3881
Epoch: 1013, global_step=16580608
SPS: 3882
Epoch: 1014, global_step=16596992
SPS: 3882
Epoch: 1015, global_step=16613376
SPS: 3883
Epoch: 1016, global_step=16629760
SPS: 3884
Epoch: 1017, global_step=16646144
SPS: 3885
Epoch: 1018, global_step=16662528
SPS: 3886
Epoch: 1019, global_step=16678912
SPS: 3887
Epoch: 1020, global_step=16695296
SPS: 3888
Epoch: 1021, global_step=16711680
SPS: 3889
Epoch: 1022, global_step=16728064
SPS: 3889
Epoch: 1023, global_step=16744448
SPS: 3890
Epoch: 1024, global_step=16760832
SPS: 3891
Epoch: 1025, global_step=16777216
SPS: 3892
Epoch: 1026, global_step=16793600
Evaluating
Evaluated 1024 steps resulting in 16 episodes
eval_success_once_mean=0.0
eval_return_mean=47.132179260253906
eval_episode_len_mean=64.0
eval_reward_mean=0.7364403009414673
eval_success_at_end_mean=0.0
model saved to runs/gandalf-so101graspcube-43/ckpt_1026.pt
SPS: 3878
Epoch: 1027, global_step=16809984
SPS: 3879
Epoch: 1028, global_step=16826368
SPS: 3880
Epoch: 1029, global_step=16842752
SPS: 3881
Epoch: 1030, global_step=16859136
SPS: 3882
Epoch: 1031, global_step=16875520
SPS: 3882
Epoch: 1032, global_step=16891904
SPS: 3883
Epoch: 1033, global_step=16908288
SPS: 3884
Epoch: 1034, global_step=16924672
SPS: 3885
Epoch: 1035, global_step=16941056
SPS: 3886
Epoch: 1036, global_step=16957440
SPS: 3887
Epoch: 1037, global_step=16973824
SPS: 3888
Epoch: 1038, global_step=16990208
SPS: 3889
Epoch: 1039, global_step=17006592
SPS: 3890
Epoch: 1040, global_step=17022976
SPS: 3889
Epoch: 1041, global_step=17039360
SPS: 3890
Epoch: 1042, global_step=17055744
SPS: 3891
Epoch: 1043, global_step=17072128
SPS: 3892
Epoch: 1044, global_step=17088512
SPS: 3892
Epoch: 1045, global_step=17104896
SPS: 3893
Epoch: 1046, global_step=17121280
SPS: 3894
Epoch: 1047, global_step=17137664
SPS: 3895
Epoch: 1048, global_step=17154048
SPS: 3895
Epoch: 1049, global_step=17170432
SPS: 3896
Epoch: 1050, global_step=17186816
SPS: 3897
Epoch: 1051, global_step=17203200
Evaluating
Evaluated 1024 steps resulting in 16 episodes
eval_success_once_mean=0.0
eval_return_mean=46.10625457763672
eval_episode_len_mean=64.0
eval_reward_mean=0.7204102277755737
eval_success_at_end_mean=0.0
model saved to runs/gandalf-so101graspcube-43/ckpt_1051.pt
SPS: 3883
Epoch: 1052, global_step=17219584
SPS: 3884
Epoch: 1053, global_step=17235968
SPS: 3885
Epoch: 1054, global_step=17252352
SPS: 3886
Epoch: 1055, global_step=17268736
SPS: 3887
Epoch: 1056, global_step=17285120
SPS: 3887
Epoch: 1057, global_step=17301504
SPS: 3889
Epoch: 1058, global_step=17317888
SPS: 3889
Epoch: 1059, global_step=17334272
SPS: 3890
Epoch: 1060, global_step=17350656
SPS: 3890
Epoch: 1061, global_step=17367040
SPS: 3891
Epoch: 1062, global_step=17383424
SPS: 3892
Epoch: 1063, global_step=17399808
SPS: 3893
Epoch: 1064, global_step=17416192
SPS: 3894
Epoch: 1065, global_step=17432576
SPS: 3895
Epoch: 1066, global_step=17448960
SPS: 3895
Epoch: 1067, global_step=17465344
SPS: 3896
Epoch: 1068, global_step=17481728
SPS: 3897
Epoch: 1069, global_step=17498112
SPS: 3898
Epoch: 1070, global_step=17514496
SPS: 3899
Epoch: 1071, global_step=17530880
SPS: 3900
Epoch: 1072, global_step=17547264
SPS: 3900
Epoch: 1073, global_step=17563648
SPS: 3901
Epoch: 1074, global_step=17580032
SPS: 3903
Epoch: 1075, global_step=17596416
SPS: 3904
Epoch: 1076, global_step=17612800
Evaluating
Evaluated 1024 steps resulting in 16 episodes
eval_success_once_mean=0.0
eval_return_mean=42.98798751831055
eval_episode_len_mean=64.0
eval_reward_mean=0.6716873049736023
eval_success_at_end_mean=0.0
model saved to runs/gandalf-so101graspcube-43/ckpt_1076.pt
SPS: 3890
Epoch: 1077, global_step=17629184
SPS: 3891
Epoch: 1078, global_step=17645568
SPS: 3892
Epoch: 1079, global_step=17661952
SPS: 3893
Epoch: 1080, global_step=17678336
SPS: 3893
Epoch: 1081, global_step=17694720
SPS: 3894
Epoch: 1082, global_step=17711104
SPS: 3895
Epoch: 1083, global_step=17727488
SPS: 3896
Epoch: 1084, global_step=17743872
SPS: 3896
Epoch: 1085, global_step=17760256
SPS: 3897
Epoch: 1086, global_step=17776640
SPS: 3898
Epoch: 1087, global_step=17793024
SPS: 3899
Epoch: 1088, global_step=17809408
SPS: 3900
Epoch: 1089, global_step=17825792
SPS: 3900
Epoch: 1090, global_step=17842176
SPS: 3900
Epoch: 1091, global_step=17858560
SPS: 3901
Epoch: 1092, global_step=17874944
SPS: 3901
Epoch: 1093, global_step=17891328
SPS: 3902
Epoch: 1094, global_step=17907712
SPS: 3902
Epoch: 1095, global_step=17924096
SPS: 3903
Epoch: 1096, global_step=17940480
SPS: 3904
Epoch: 1097, global_step=17956864
SPS: 3905
Epoch: 1098, global_step=17973248
SPS: 3906
Epoch: 1099, global_step=17989632
SPS: 3906
Epoch: 1100, global_step=18006016
SPS: 3907
Epoch: 1101, global_step=18022400
Evaluating
Evaluated 1024 steps resulting in 16 episodes
eval_success_once_mean=0.0
eval_return_mean=39.380615234375
eval_episode_len_mean=64.0
eval_reward_mean=0.6153221130371094
eval_success_at_end_mean=0.0
model saved to runs/gandalf-so101graspcube-43/ckpt_1101.pt
SPS: 3894
Epoch: 1102, global_step=18038784
SPS: 3895
Epoch: 1103, global_step=18055168
SPS: 3896
Epoch: 1104, global_step=18071552
SPS: 3896
Epoch: 1105, global_step=18087936
SPS: 3897
Epoch: 1106, global_step=18104320
SPS: 3898
Epoch: 1107, global_step=18120704
SPS: 3899
Epoch: 1108, global_step=18137088
SPS: 3899
Epoch: 1109, global_step=18153472
SPS: 3900
Epoch: 1110, global_step=18169856
SPS: 3900
Epoch: 1111, global_step=18186240
SPS: 3901
Epoch: 1112, global_step=18202624
SPS: 3902
Epoch: 1113, global_step=18219008
SPS: 3902
Epoch: 1114, global_step=18235392
SPS: 3903
Epoch: 1115, global_step=18251776
SPS: 3904
Epoch: 1116, global_step=18268160
SPS: 3904
Epoch: 1117, global_step=18284544
SPS: 3905
Epoch: 1118, global_step=18300928
SPS: 3905
Epoch: 1119, global_step=18317312
SPS: 3906
Epoch: 1120, global_step=18333696
SPS: 3907
Epoch: 1121, global_step=18350080
SPS: 3908
Epoch: 1122, global_step=18366464
SPS: 3909
Epoch: 1123, global_step=18382848
SPS: 3910
Epoch: 1124, global_step=18399232
SPS: 3910
Epoch: 1125, global_step=18415616
SPS: 3911
Epoch: 1126, global_step=18432000
Evaluating
Evaluated 1024 steps resulting in 16 episodes
eval_success_once_mean=0.0
eval_return_mean=44.561500549316406
eval_episode_len_mean=64.0
eval_reward_mean=0.6962734460830688
eval_success_at_end_mean=0.0
model saved to runs/gandalf-so101graspcube-43/ckpt_1126.pt
SPS: 3898
Epoch: 1127, global_step=18448384
SPS: 3899
Epoch: 1128, global_step=18464768
SPS: 3900
Epoch: 1129, global_step=18481152
SPS: 3900
Epoch: 1130, global_step=18497536
SPS: 3900
Epoch: 1131, global_step=18513920
SPS: 3901
Epoch: 1132, global_step=18530304
SPS: 3901
Epoch: 1133, global_step=18546688
SPS: 3902
Epoch: 1134, global_step=18563072
SPS: 3902
Epoch: 1135, global_step=18579456
SPS: 3903
Epoch: 1136, global_step=18595840
SPS: 3903
Epoch: 1137, global_step=18612224
SPS: 3904
Epoch: 1138, global_step=18628608
SPS: 3905
Epoch: 1139, global_step=18644992
SPS: 3906
Epoch: 1140, global_step=18661376
SPS: 3907
Epoch: 1141, global_step=18677760
SPS: 3908
Epoch: 1142, global_step=18694144
SPS: 3909
Epoch: 1143, global_step=18710528
SPS: 3909
Epoch: 1144, global_step=18726912
SPS: 3909
Epoch: 1145, global_step=18743296
SPS: 3910
Epoch: 1146, global_step=18759680
SPS: 3911
Epoch: 1147, global_step=18776064
SPS: 3911
Epoch: 1148, global_step=18792448
SPS: 3911
Epoch: 1149, global_step=18808832
SPS: 3912
Epoch: 1150, global_step=18825216
SPS: 3912
Epoch: 1151, global_step=18841600
Evaluating
Evaluated 1024 steps resulting in 16 episodes
eval_success_once_mean=0.0
eval_return_mean=44.34461975097656
eval_episode_len_mean=64.0
eval_reward_mean=0.6928846836090088
eval_success_at_end_mean=0.0
model saved to runs/gandalf-so101graspcube-43/ckpt_1151.pt
SPS: 3900
Epoch: 1152, global_step=18857984
SPS: 3901
Epoch: 1153, global_step=18874368
SPS: 3901
Epoch: 1154, global_step=18890752
SPS: 3902
Epoch: 1155, global_step=18907136
SPS: 3903
Epoch: 1156, global_step=18923520
SPS: 3903
Epoch: 1157, global_step=18939904
SPS: 3904
Epoch: 1158, global_step=18956288
SPS: 3904
Epoch: 1159, global_step=18972672
SPS: 3905
Epoch: 1160, global_step=18989056
SPS: 3905
Epoch: 1161, global_step=19005440
SPS: 3906
Epoch: 1162, global_step=19021824
SPS: 3906
Epoch: 1163, global_step=19038208
SPS: 3907
Epoch: 1164, global_step=19054592
SPS: 3907
Epoch: 1165, global_step=19070976
SPS: 3908
Epoch: 1166, global_step=19087360
SPS: 3909
Epoch: 1167, global_step=19103744
SPS: 3910
Epoch: 1168, global_step=19120128
SPS: 3910
Epoch: 1169, global_step=19136512
SPS: 3911
Epoch: 1170, global_step=19152896
SPS: 3912
Epoch: 1171, global_step=19169280
SPS: 3913
Epoch: 1172, global_step=19185664
SPS: 3914
Epoch: 1173, global_step=19202048
SPS: 3915
Epoch: 1174, global_step=19218432
SPS: 3915
Epoch: 1175, global_step=19234816
SPS: 3915
Epoch: 1176, global_step=19251200
Evaluating
Evaluated 1024 steps resulting in 16 episodes
eval_success_once_mean=0.0625
eval_return_mean=45.48078155517578
eval_episode_len_mean=64.0
eval_reward_mean=0.7106372117996216
eval_success_at_end_mean=0.0
model saved to runs/gandalf-so101graspcube-43/ckpt_1176.pt
SPS: 3903
Epoch: 1177, global_step=19267584
SPS: 3904
Epoch: 1178, global_step=19283968
SPS: 3904
Epoch: 1179, global_step=19300352
SPS: 3905
Epoch: 1180, global_step=19316736
SPS: 3906
Epoch: 1181, global_step=19333120
SPS: 3907
Epoch: 1182, global_step=19349504
SPS: 3907
Epoch: 1183, global_step=19365888
SPS: 3908
Epoch: 1184, global_step=19382272
SPS: 3908
Epoch: 1185, global_step=19398656
SPS: 3908
Epoch: 1186, global_step=19415040
SPS: 3909
Epoch: 1187, global_step=19431424
SPS: 3909
Epoch: 1188, global_step=19447808
SPS: 3910
Epoch: 1189, global_step=19464192
SPS: 3911
Epoch: 1190, global_step=19480576
SPS: 3911
Epoch: 1191, global_step=19496960
SPS: 3912
Epoch: 1192, global_step=19513344
SPS: 3912
Epoch: 1193, global_step=19529728
SPS: 3913
Epoch: 1194, global_step=19546112
SPS: 3913
Epoch: 1195, global_step=19562496
SPS: 3914
Epoch: 1196, global_step=19578880
SPS: 3915
Epoch: 1197, global_step=19595264
SPS: 3916
Epoch: 1198, global_step=19611648
SPS: 3916
Epoch: 1199, global_step=19628032
SPS: 3917
Epoch: 1200, global_step=19644416
SPS: 3918
Epoch: 1201, global_step=19660800
Evaluating
Evaluated 1024 steps resulting in 16 episodes
eval_success_once_mean=0.0625
eval_return_mean=43.05687713623047
eval_episode_len_mean=64.0
eval_reward_mean=0.6727637052536011
eval_success_at_end_mean=0.0
model saved to runs/gandalf-so101graspcube-43/ckpt_1201.pt
SPS: 3906
Epoch: 1202, global_step=19677184
SPS: 3907
Epoch: 1203, global_step=19693568
SPS: 3907
Epoch: 1204, global_step=19709952
SPS: 3908
Epoch: 1205, global_step=19726336
SPS: 3909
Epoch: 1206, global_step=19742720
SPS: 3910
Epoch: 1207, global_step=19759104
SPS: 3911
Epoch: 1208, global_step=19775488
SPS: 3911
Epoch: 1209, global_step=19791872
SPS: 3912
Epoch: 1210, global_step=19808256
SPS: 3913
Epoch: 1211, global_step=19824640
SPS: 3914
Epoch: 1212, global_step=19841024
SPS: 3914
Epoch: 1213, global_step=19857408
SPS: 3915
Epoch: 1214, global_step=19873792
SPS: 3915
Epoch: 1215, global_step=19890176
SPS: 3916
Epoch: 1216, global_step=19906560
SPS: 3917
Epoch: 1217, global_step=19922944
SPS: 3918
Epoch: 1218, global_step=19939328
SPS: 3919
Epoch: 1219, global_step=19955712
SPS: 3919
Epoch: 1220, global_step=19972096
SPS: 3920
Epoch: 1221, global_step=19988480
SPS: 3921
Epoch: 1222, global_step=20004864
SPS: 3921
Epoch: 1223, global_step=20021248
SPS: 3922
Epoch: 1224, global_step=20037632
SPS: 3922
Epoch: 1225, global_step=20054016
SPS: 3923
Epoch: 1226, global_step=20070400
Evaluating
Evaluated 1024 steps resulting in 16 episodes
eval_success_once_mean=0.125
eval_return_mean=45.55894470214844
eval_episode_len_mean=64.0
eval_reward_mean=0.7118585109710693
eval_success_at_end_mean=0.0625
model saved to runs/gandalf-so101graspcube-43/ckpt_1226.pt
SPS: 3912
Epoch: 1227, global_step=20086784
SPS: 3912
Epoch: 1228, global_step=20103168
SPS: 3913
Epoch: 1229, global_step=20119552
SPS: 3913
Epoch: 1230, global_step=20135936
SPS: 3914
Epoch: 1231, global_step=20152320
SPS: 3915
Epoch: 1232, global_step=20168704
SPS: 3915
Epoch: 1233, global_step=20185088
SPS: 3916
Epoch: 1234, global_step=20201472
SPS: 3917
Epoch: 1235, global_step=20217856
SPS: 3917
Epoch: 1236, global_step=20234240
SPS: 3917
Epoch: 1237, global_step=20250624
SPS: 3918
Epoch: 1238, global_step=20267008
SPS: 3919
Epoch: 1239, global_step=20283392
SPS: 3920
Epoch: 1240, global_step=20299776
SPS: 3920
Epoch: 1241, global_step=20316160
SPS: 3921
Epoch: 1242, global_step=20332544
SPS: 3921
Epoch: 1243, global_step=20348928
SPS: 3922
Epoch: 1244, global_step=20365312
SPS: 3922
Epoch: 1245, global_step=20381696
SPS: 3923
Epoch: 1246, global_step=20398080
SPS: 3924
Epoch: 1247, global_step=20414464
SPS: 3924
Epoch: 1248, global_step=20430848
SPS: 3925
Epoch: 1249, global_step=20447232
SPS: 3926
Epoch: 1250, global_step=20463616
SPS: 3926
Epoch: 1251, global_step=20480000
Evaluating
Evaluated 1024 steps resulting in 16 episodes
eval_success_once_mean=0.1875
eval_return_mean=48.45990753173828
eval_episode_len_mean=64.0
eval_reward_mean=0.7571860551834106
eval_success_at_end_mean=0.0625
model saved to runs/gandalf-so101graspcube-43/ckpt_1251.pt
SPS: 3914
Epoch: 1252, global_step=20496384
SPS: 3915
Epoch: 1253, global_step=20512768
SPS: 3916
Epoch: 1254, global_step=20529152
SPS: 3917
Epoch: 1255, global_step=20545536
SPS: 3917
Epoch: 1256, global_step=20561920
SPS: 3918
Epoch: 1257, global_step=20578304
SPS: 3919
Epoch: 1258, global_step=20594688
SPS: 3919
Epoch: 1259, global_step=20611072
SPS: 3920
Epoch: 1260, global_step=20627456
SPS: 3920
Epoch: 1261, global_step=20643840
SPS: 3921
Epoch: 1262, global_step=20660224
SPS: 3922
Epoch: 1263, global_step=20676608
SPS: 3923
Epoch: 1264, global_step=20692992
SPS: 3923
Epoch: 1265, global_step=20709376
SPS: 3924
Epoch: 1266, global_step=20725760
SPS: 3924
Epoch: 1267, global_step=20742144
SPS: 3925
Epoch: 1268, global_step=20758528
SPS: 3926
Epoch: 1269, global_step=20774912
SPS: 3927
Epoch: 1270, global_step=20791296
SPS: 3927
Epoch: 1271, global_step=20807680
SPS: 3928
Epoch: 1272, global_step=20824064
SPS: 3929
Epoch: 1273, global_step=20840448
SPS: 3929
Epoch: 1274, global_step=20856832
SPS: 3930
Epoch: 1275, global_step=20873216
SPS: 3931
Epoch: 1276, global_step=20889600
Evaluating
Evaluated 1024 steps resulting in 16 episodes
eval_success_once_mean=0.375
eval_return_mean=44.036685943603516
eval_episode_len_mean=64.0
eval_reward_mean=0.6880732178688049
eval_success_at_end_mean=0.0
model saved to runs/gandalf-so101graspcube-43/ckpt_1276.pt
SPS: 3918
Epoch: 1277, global_step=20905984
SPS: 3919
Epoch: 1278, global_step=20922368
SPS: 3919
Epoch: 1279, global_step=20938752
SPS: 3920
Epoch: 1280, global_step=20955136
SPS: 3920
Epoch: 1281, global_step=20971520
SPS: 3921
Epoch: 1282, global_step=20987904
SPS: 3922
Epoch: 1283, global_step=21004288
SPS: 3923
Epoch: 1284, global_step=21020672
SPS: 3923
Epoch: 1285, global_step=21037056
SPS: 3924
Epoch: 1286, global_step=21053440
SPS: 3925
Epoch: 1287, global_step=21069824
SPS: 3926
Epoch: 1288, global_step=21086208
SPS: 3926
Epoch: 1289, global_step=21102592
SPS: 3927
Epoch: 1290, global_step=21118976
SPS: 3928
Epoch: 1291, global_step=21135360
SPS: 3928
Epoch: 1292, global_step=21151744
SPS: 3928
Epoch: 1293, global_step=21168128
SPS: 3929
Epoch: 1294, global_step=21184512
SPS: 3930
Epoch: 1295, global_step=21200896
SPS: 3930
Epoch: 1296, global_step=21217280
SPS: 3931
Epoch: 1297, global_step=21233664
SPS: 3931
Epoch: 1298, global_step=21250048
SPS: 3932
Epoch: 1299, global_step=21266432
SPS: 3932
Epoch: 1300, global_step=21282816
SPS: 3932
Epoch: 1301, global_step=21299200
Evaluating
Evaluated 1024 steps resulting in 16 episodes
eval_success_once_mean=0.4375
eval_return_mean=47.77503204345703
eval_episode_len_mean=64.0
eval_reward_mean=0.7464848756790161
eval_success_at_end_mean=0.0
model saved to runs/gandalf-so101graspcube-43/ckpt_1301.pt
SPS: 3922
Epoch: 1302, global_step=21315584
SPS: 3922
Epoch: 1303, global_step=21331968
SPS: 3923
Epoch: 1304, global_step=21348352
SPS: 3923
Epoch: 1305, global_step=21364736
SPS: 3924
Epoch: 1306, global_step=21381120
SPS: 3925
Epoch: 1307, global_step=21397504
SPS: 3925
Epoch: 1308, global_step=21413888
SPS: 3926
Epoch: 1309, global_step=21430272
SPS: 3927
Epoch: 1310, global_step=21446656
SPS: 3928
Epoch: 1311, global_step=21463040
SPS: 3928
Epoch: 1312, global_step=21479424
SPS: 3929
Epoch: 1313, global_step=21495808
SPS: 3930
Epoch: 1314, global_step=21512192
SPS: 3930
Epoch: 1315, global_step=21528576
SPS: 3931
Epoch: 1316, global_step=21544960
SPS: 3931
Epoch: 1317, global_step=21561344
SPS: 3932
Epoch: 1318, global_step=21577728
SPS: 3932
Epoch: 1319, global_step=21594112
SPS: 3933
Epoch: 1320, global_step=21610496
SPS: 3934
Epoch: 1321, global_step=21626880
SPS: 3935
Epoch: 1322, global_step=21643264
SPS: 3935
Epoch: 1323, global_step=21659648
SPS: 3936
Epoch: 1324, global_step=21676032
SPS: 3937
Epoch: 1325, global_step=21692416
SPS: 3937
Epoch: 1326, global_step=21708800
Evaluating
Evaluated 1024 steps resulting in 16 episodes
eval_success_once_mean=0.3125
eval_return_mean=47.45404815673828
eval_episode_len_mean=64.0
eval_reward_mean=0.7414695024490356
eval_success_at_end_mean=0.0
model saved to runs/gandalf-so101graspcube-43/ckpt_1326.pt
SPS: 3926
Epoch: 1327, global_step=21725184
SPS: 3926
Epoch: 1328, global_step=21741568
SPS: 3926
Epoch: 1329, global_step=21757952
SPS: 3927
Epoch: 1330, global_step=21774336
SPS: 3928
Epoch: 1331, global_step=21790720
SPS: 3928
Epoch: 1332, global_step=21807104
SPS: 3929
Epoch: 1333, global_step=21823488
SPS: 3929
Epoch: 1334, global_step=21839872
SPS: 3930
Epoch: 1335, global_step=21856256
SPS: 3931
Epoch: 1336, global_step=21872640
SPS: 3931
Epoch: 1337, global_step=21889024
SPS: 3931
Epoch: 1338, global_step=21905408
SPS: 3931
Epoch: 1339, global_step=21921792
SPS: 3932
Epoch: 1340, global_step=21938176
SPS: 3932
Epoch: 1341, global_step=21954560
SPS: 3933
Epoch: 1342, global_step=21970944
SPS: 3933
Epoch: 1343, global_step=21987328
SPS: 3933
Epoch: 1344, global_step=22003712
SPS: 3934
Epoch: 1345, global_step=22020096
SPS: 3934
Epoch: 1346, global_step=22036480
SPS: 3935
Epoch: 1347, global_step=22052864
SPS: 3936
Epoch: 1348, global_step=22069248
SPS: 3936
Epoch: 1349, global_step=22085632
SPS: 3937
Epoch: 1350, global_step=22102016
SPS: 3937
Epoch: 1351, global_step=22118400
Evaluating
Evaluated 1024 steps resulting in 16 episodes
eval_success_once_mean=0.1875
eval_return_mean=46.23902130126953
eval_episode_len_mean=64.0
eval_reward_mean=0.7224847078323364
eval_success_at_end_mean=0.0
model saved to runs/gandalf-so101graspcube-43/ckpt_1351.pt
SPS: 3927
Epoch: 1352, global_step=22134784
SPS: 3927
Epoch: 1353, global_step=22151168
SPS: 3928
Epoch: 1354, global_step=22167552
SPS: 3928
Epoch: 1355, global_step=22183936
SPS: 3929
Epoch: 1356, global_step=22200320
SPS: 3929
Epoch: 1357, global_step=22216704
SPS: 3930
Epoch: 1358, global_step=22233088
SPS: 3930
Epoch: 1359, global_step=22249472
SPS: 3931
Epoch: 1360, global_step=22265856
SPS: 3931
Epoch: 1361, global_step=22282240
SPS: 3932
Epoch: 1362, global_step=22298624
SPS: 3932
Epoch: 1363, global_step=22315008
SPS: 3933
Epoch: 1364, global_step=22331392
SPS: 3933
Epoch: 1365, global_step=22347776
SPS: 3934
Epoch: 1366, global_step=22364160
SPS: 3934
Epoch: 1367, global_step=22380544
SPS: 3935
Epoch: 1368, global_step=22396928
SPS: 3935
Epoch: 1369, global_step=22413312
SPS: 3936
Epoch: 1370, global_step=22429696
SPS: 3937
Epoch: 1371, global_step=22446080
SPS: 3937
Epoch: 1372, global_step=22462464
SPS: 3938
Epoch: 1373, global_step=22478848
SPS: 3938
Epoch: 1374, global_step=22495232
SPS: 3939
Epoch: 1375, global_step=22511616
SPS: 3939
Epoch: 1376, global_step=22528000
Evaluating
Evaluated 1024 steps resulting in 16 episodes
eval_success_once_mean=0.5625
eval_return_mean=44.490325927734375
eval_episode_len_mean=64.0
eval_reward_mean=0.6951613426208496
eval_success_at_end_mean=0.0625
model saved to runs/gandalf-so101graspcube-43/ckpt_1376.pt
SPS: 3928
Epoch: 1377, global_step=22544384
SPS: 3929
Epoch: 1378, global_step=22560768
SPS: 3929
Epoch: 1379, global_step=22577152
SPS: 3930
Epoch: 1380, global_step=22593536
SPS: 3930
Epoch: 1381, global_step=22609920
SPS: 3930
Epoch: 1382, global_step=22626304
SPS: 3931
Epoch: 1383, global_step=22642688
SPS: 3931
Epoch: 1384, global_step=22659072
SPS: 3931
Epoch: 1385, global_step=22675456
SPS: 3932
Epoch: 1386, global_step=22691840
SPS: 3933
Epoch: 1387, global_step=22708224
SPS: 3933
Epoch: 1388, global_step=22724608
SPS: 3933
Epoch: 1389, global_step=22740992
SPS: 3934
Epoch: 1390, global_step=22757376
SPS: 3934
Epoch: 1391, global_step=22773760
SPS: 3935
Epoch: 1392, global_step=22790144
SPS: 3935
Epoch: 1393, global_step=22806528
SPS: 3936
Epoch: 1394, global_step=22822912
SPS: 3936
Epoch: 1395, global_step=22839296
SPS: 3937
Epoch: 1396, global_step=22855680
SPS: 3937
Epoch: 1397, global_step=22872064
SPS: 3938
Epoch: 1398, global_step=22888448
SPS: 3938
Epoch: 1399, global_step=22904832
SPS: 3939
Epoch: 1400, global_step=22921216
SPS: 3939
Epoch: 1401, global_step=22937600
Evaluating
Evaluated 1024 steps resulting in 16 episodes
eval_success_once_mean=0.5625
eval_return_mean=48.77234649658203
eval_episode_len_mean=64.0
eval_reward_mean=0.7620679140090942
eval_success_at_end_mean=0.125
model saved to runs/gandalf-so101graspcube-43/ckpt_1401.pt
SPS: 3929
Epoch: 1402, global_step=22953984
SPS: 3929
Epoch: 1403, global_step=22970368
SPS: 3930
Epoch: 1404, global_step=22986752
SPS: 3930
Epoch: 1405, global_step=23003136
SPS: 3931
Epoch: 1406, global_step=23019520
SPS: 3932
Epoch: 1407, global_step=23035904
SPS: 3932
Epoch: 1408, global_step=23052288
SPS: 3932
Epoch: 1409, global_step=23068672
SPS: 3932
Epoch: 1410, global_step=23085056
SPS: 3933
Epoch: 1411, global_step=23101440
SPS: 3933
Epoch: 1412, global_step=23117824
SPS: 3933
Epoch: 1413, global_step=23134208
SPS: 3934
Epoch: 1414, global_step=23150592
SPS: 3935
Epoch: 1415, global_step=23166976
SPS: 3935
Epoch: 1416, global_step=23183360
SPS: 3936
Epoch: 1417, global_step=23199744
SPS: 3936
Epoch: 1418, global_step=23216128
SPS: 3937
Epoch: 1419, global_step=23232512
SPS: 3937
Epoch: 1420, global_step=23248896
SPS: 3938
Epoch: 1421, global_step=23265280
SPS: 3938
Epoch: 1422, global_step=23281664
SPS: 3939
Epoch: 1423, global_step=23298048
SPS: 3940
Epoch: 1424, global_step=23314432
SPS: 3940
Epoch: 1425, global_step=23330816
SPS: 3941
Epoch: 1426, global_step=23347200
Evaluating
Evaluated 1024 steps resulting in 16 episodes
eval_success_once_mean=0.5625
eval_return_mean=47.494529724121094
eval_episode_len_mean=64.0
eval_reward_mean=0.7421020269393921
eval_success_at_end_mean=0.4375
model saved to runs/gandalf-so101graspcube-43/ckpt_1426.pt
SPS: 3931
Epoch: 1427, global_step=23363584
SPS: 3931
Epoch: 1428, global_step=23379968
SPS: 3931
Epoch: 1429, global_step=23396352
SPS: 3932
Epoch: 1430, global_step=23412736
SPS: 3932
Epoch: 1431, global_step=23429120
SPS: 3933
Epoch: 1432, global_step=23445504
SPS: 3933
Epoch: 1433, global_step=23461888
SPS: 3934
Epoch: 1434, global_step=23478272
SPS: 3934
Epoch: 1435, global_step=23494656
SPS: 3935
Epoch: 1436, global_step=23511040
SPS: 3935
Epoch: 1437, global_step=23527424
SPS: 3936
Epoch: 1438, global_step=23543808
SPS: 3937
Epoch: 1439, global_step=23560192
SPS: 3937
Epoch: 1440, global_step=23576576
SPS: 3938
Epoch: 1441, global_step=23592960
SPS: 3938
Epoch: 1442, global_step=23609344
SPS: 3939
Epoch: 1443, global_step=23625728
SPS: 3939
Epoch: 1444, global_step=23642112
SPS: 3939
Epoch: 1445, global_step=23658496
SPS: 3940
Epoch: 1446, global_step=23674880
SPS: 3940
Epoch: 1447, global_step=23691264
SPS: 3941
Epoch: 1448, global_step=23707648
SPS: 3941
Epoch: 1449, global_step=23724032
SPS: 3942
Epoch: 1450, global_step=23740416
SPS: 3942
Epoch: 1451, global_step=23756800
Evaluating
Evaluated 1024 steps resulting in 16 episodes
eval_success_once_mean=0.8125
eval_return_mean=46.39277648925781
eval_episode_len_mean=64.0
eval_reward_mean=0.7248871326446533
eval_success_at_end_mean=0.3125
model saved to runs/gandalf-so101graspcube-43/ckpt_1451.pt
SPS: 3932
Epoch: 1452, global_step=23773184
SPS: 3933
Epoch: 1453, global_step=23789568
SPS: 3933
Epoch: 1454, global_step=23805952
SPS: 3934
Epoch: 1455, global_step=23822336
SPS: 3934
Epoch: 1456, global_step=23838720
SPS: 3934
Epoch: 1457, global_step=23855104
SPS: 3935
Epoch: 1458, global_step=23871488
SPS: 3935
Epoch: 1459, global_step=23887872
SPS: 3936
Epoch: 1460, global_step=23904256
SPS: 3936
Epoch: 1461, global_step=23920640
SPS: 3936
Epoch: 1462, global_step=23937024
SPS: 3937
Epoch: 1463, global_step=23953408
SPS: 3938
Epoch: 1464, global_step=23969792
SPS: 3938
Epoch: 1465, global_step=23986176
SPS: 3939
Epoch: 1466, global_step=24002560
SPS: 3939
Epoch: 1467, global_step=24018944
SPS: 3940
Epoch: 1468, global_step=24035328
SPS: 3940
Epoch: 1469, global_step=24051712
SPS: 3940
Epoch: 1470, global_step=24068096
SPS: 3940
Epoch: 1471, global_step=24084480
SPS: 3941
Epoch: 1472, global_step=24100864
SPS: 3941
Epoch: 1473, global_step=24117248
SPS: 3942
Epoch: 1474, global_step=24133632
SPS: 3942
Epoch: 1475, global_step=24150016
SPS: 3942
Epoch: 1476, global_step=24166400
Evaluating
Evaluated 1024 steps resulting in 16 episodes
eval_success_once_mean=0.75
eval_return_mean=44.23591995239258
eval_episode_len_mean=64.0
eval_reward_mean=0.691186249256134
eval_success_at_end_mean=0.25
model saved to runs/gandalf-so101graspcube-43/ckpt_1476.pt
SPS: 3932
Epoch: 1477, global_step=24182784
SPS: 3933
Epoch: 1478, global_step=24199168
SPS: 3934
Epoch: 1479, global_step=24215552
SPS: 3934
Epoch: 1480, global_step=24231936
SPS: 3935
Epoch: 1481, global_step=24248320
SPS: 3935
Epoch: 1482, global_step=24264704
SPS: 3936
Epoch: 1483, global_step=24281088
SPS: 3936
Epoch: 1484, global_step=24297472
SPS: 3936
Epoch: 1485, global_step=24313856
SPS: 3937
Epoch: 1486, global_step=24330240
SPS: 3938
Epoch: 1487, global_step=24346624
SPS: 3938
Epoch: 1488, global_step=24363008
SPS: 3939
Epoch: 1489, global_step=24379392
SPS: 3939
Epoch: 1490, global_step=24395776
SPS: 3940
Epoch: 1491, global_step=24412160
SPS: 3940
Epoch: 1492, global_step=24428544
SPS: 3941
Epoch: 1493, global_step=24444928
SPS: 3941
Epoch: 1494, global_step=24461312
SPS: 3942
Epoch: 1495, global_step=24477696
SPS: 3942
Epoch: 1496, global_step=24494080
SPS: 3943
Epoch: 1497, global_step=24510464
SPS: 3943
Epoch: 1498, global_step=24526848
SPS: 3943
Epoch: 1499, global_step=24543232
SPS: 3944
Epoch: 1500, global_step=24559616
SPS: 3944
Epoch: 1501, global_step=24576000
Evaluating
Evaluated 1024 steps resulting in 16 episodes
eval_success_once_mean=1.0
eval_return_mean=48.7887077331543
eval_episode_len_mean=64.0
eval_reward_mean=0.7623235583305359
eval_success_at_end_mean=0.375
model saved to runs/gandalf-so101graspcube-43/ckpt_1501.pt
SPS: 3934
Epoch: 1502, global_step=24592384
SPS: 3935
Epoch: 1503, global_step=24608768
SPS: 3936
Epoch: 1504, global_step=24625152
SPS: 3936
Epoch: 1505, global_step=24641536
SPS: 3937
Epoch: 1506, global_step=24657920
SPS: 3937
Epoch: 1507, global_step=24674304
SPS: 3938
Epoch: 1508, global_step=24690688
SPS: 3938
Epoch: 1509, global_step=24707072
SPS: 3939
Epoch: 1510, global_step=24723456
SPS: 3939
Epoch: 1511, global_step=24739840
SPS: 3939
Epoch: 1512, global_step=24756224
SPS: 3939
Epoch: 1513, global_step=24772608
SPS: 3939
Epoch: 1514, global_step=24788992
SPS: 3940
Epoch: 1515, global_step=24805376
SPS: 3941
Epoch: 1516, global_step=24821760
SPS: 3940
Epoch: 1517, global_step=24838144
SPS: 3941
Epoch: 1518, global_step=24854528
SPS: 3941
Epoch: 1519, global_step=24870912
SPS: 3942
Epoch: 1520, global_step=24887296
SPS: 3943
Epoch: 1521, global_step=24903680
SPS: 3943
Epoch: 1522, global_step=24920064
SPS: 3944
Epoch: 1523, global_step=24936448
SPS: 3945
Epoch: 1524, global_step=24952832
SPS: 3945
Epoch: 1525, global_step=24969216
SPS: 3946
Epoch: 1526, global_step=24985600
Evaluating
Evaluated 1024 steps resulting in 16 episodes
eval_success_once_mean=1.0
eval_return_mean=49.803436279296875
eval_episode_len_mean=64.0
eval_reward_mean=0.7781786918640137
eval_success_at_end_mean=0.375
model saved to runs/gandalf-so101graspcube-43/ckpt_1526.pt
SPS: 3936
Epoch: 1527, global_step=25001984
SPS: 3937
Epoch: 1528, global_step=25018368
SPS: 3937
Epoch: 1529, global_step=25034752
SPS: 3938
Epoch: 1530, global_step=25051136
SPS: 3938
Epoch: 1531, global_step=25067520
SPS: 3939
Epoch: 1532, global_step=25083904
SPS: 3939
Epoch: 1533, global_step=25100288
SPS: 3940
Epoch: 1534, global_step=25116672
SPS: 3940
Epoch: 1535, global_step=25133056
SPS: 3941
Epoch: 1536, global_step=25149440
SPS: 3941
Epoch: 1537, global_step=25165824
SPS: 3942
Epoch: 1538, global_step=25182208
SPS: 3943
Epoch: 1539, global_step=25198592
SPS: 3943
Epoch: 1540, global_step=25214976
SPS: 3944
Epoch: 1541, global_step=25231360
SPS: 3944
Epoch: 1542, global_step=25247744
SPS: 3945
Epoch: 1543, global_step=25264128
SPS: 3945
Epoch: 1544, global_step=25280512
SPS: 3945
Epoch: 1545, global_step=25296896
SPS: 3946
Epoch: 1546, global_step=25313280
SPS: 3947
Epoch: 1547, global_step=25329664
SPS: 3947
Epoch: 1548, global_step=25346048
SPS: 3948
Epoch: 1549, global_step=25362432
SPS: 3948
Epoch: 1550, global_step=25378816
SPS: 3948
Epoch: 1551, global_step=25395200
Evaluating
Evaluated 1024 steps resulting in 16 episodes
eval_success_once_mean=0.875
eval_return_mean=46.53363037109375
eval_episode_len_mean=64.0
eval_reward_mean=0.7270879745483398
eval_success_at_end_mean=0.25
model saved to runs/gandalf-so101graspcube-43/ckpt_1551.pt
SPS: 3939
Epoch: 1552, global_step=25411584
SPS: 3939
Epoch: 1553, global_step=25427968
SPS: 3940
Epoch: 1554, global_step=25444352
SPS: 3940
Epoch: 1555, global_step=25460736
SPS: 3941
Epoch: 1556, global_step=25477120
SPS: 3941
Epoch: 1557, global_step=25493504
SPS: 3941
Epoch: 1558, global_step=25509888
SPS: 3942
Epoch: 1559, global_step=25526272
SPS: 3943
Epoch: 1560, global_step=25542656
SPS: 3943
Epoch: 1561, global_step=25559040
SPS: 3944
Epoch: 1562, global_step=25575424
SPS: 3944
Epoch: 1563, global_step=25591808
SPS: 3945
Epoch: 1564, global_step=25608192
SPS: 3945
Epoch: 1565, global_step=25624576
SPS: 3946
Epoch: 1566, global_step=25640960
SPS: 3946
Epoch: 1567, global_step=25657344
SPS: 3947
Epoch: 1568, global_step=25673728
SPS: 3947
Epoch: 1569, global_step=25690112
SPS: 3948
Epoch: 1570, global_step=25706496
SPS: 3949
Epoch: 1571, global_step=25722880
SPS: 3949
Epoch: 1572, global_step=25739264
SPS: 3950
Epoch: 1573, global_step=25755648
SPS: 3950
Epoch: 1574, global_step=25772032
SPS: 3951
Epoch: 1575, global_step=25788416
SPS: 3952
Epoch: 1576, global_step=25804800
Evaluating
Evaluated 1024 steps resulting in 16 episodes
eval_success_once_mean=0.9375
eval_return_mean=48.605316162109375
eval_episode_len_mean=64.0
eval_reward_mean=0.759458065032959
eval_success_at_end_mean=0.75
model saved to runs/gandalf-so101graspcube-43/ckpt_1576.pt
SPS: 3942
Epoch: 1577, global_step=25821184
SPS: 3942
Epoch: 1578, global_step=25837568
SPS: 3943
Epoch: 1579, global_step=25853952
SPS: 3943
Epoch: 1580, global_step=25870336
SPS: 3943
Epoch: 1581, global_step=25886720
SPS: 3944
Epoch: 1582, global_step=25903104
SPS: 3944
Epoch: 1583, global_step=25919488
SPS: 3945
Epoch: 1584, global_step=25935872
SPS: 3946
Epoch: 1585, global_step=25952256
SPS: 3946
Epoch: 1586, global_step=25968640
SPS: 3946
Epoch: 1587, global_step=25985024
SPS: 3947
Epoch: 1588, global_step=26001408
SPS: 3947
Epoch: 1589, global_step=26017792
SPS: 3948
Epoch: 1590, global_step=26034176
SPS: 3948
Epoch: 1591, global_step=26050560
SPS: 3949
Epoch: 1592, global_step=26066944
SPS: 3949
Epoch: 1593, global_step=26083328
SPS: 3950
Epoch: 1594, global_step=26099712
SPS: 3950
Epoch: 1595, global_step=26116096
SPS: 3951
Epoch: 1596, global_step=26132480
SPS: 3951
Epoch: 1597, global_step=26148864
SPS: 3952
Epoch: 1598, global_step=26165248
SPS: 3952
Epoch: 1599, global_step=26181632
SPS: 3953
Epoch: 1600, global_step=26198016
SPS: 3953
Epoch: 1601, global_step=26214400
Evaluating
Evaluated 1024 steps resulting in 16 episodes
eval_success_once_mean=0.875
eval_return_mean=43.40577697753906
eval_episode_len_mean=64.0
eval_reward_mean=0.6782152652740479
eval_success_at_end_mean=0.6875
model saved to runs/gandalf-so101graspcube-43/ckpt_1601.pt
SPS: 3944
Epoch: 1602, global_step=26230784
SPS: 3944
Epoch: 1603, global_step=26247168
SPS: 3945
Epoch: 1604, global_step=26263552
SPS: 3945
Epoch: 1605, global_step=26279936
SPS: 3946
Epoch: 1606, global_step=26296320
SPS: 3946
Epoch: 1607, global_step=26312704
SPS: 3947
Epoch: 1608, global_step=26329088
SPS: 3947
Epoch: 1609, global_step=26345472
SPS: 3948
Epoch: 1610, global_step=26361856
SPS: 3948
Epoch: 1611, global_step=26378240
SPS: 3949
Epoch: 1612, global_step=26394624
SPS: 3949
Epoch: 1613, global_step=26411008
SPS: 3950
Epoch: 1614, global_step=26427392
SPS: 3951
Epoch: 1615, global_step=26443776
SPS: 3951
Epoch: 1616, global_step=26460160
SPS: 3951
Epoch: 1617, global_step=26476544
SPS: 3952
Epoch: 1618, global_step=26492928
SPS: 3952
Epoch: 1619, global_step=26509312
SPS: 3953
Epoch: 1620, global_step=26525696
SPS: 3953
Epoch: 1621, global_step=26542080
SPS: 3954
Epoch: 1622, global_step=26558464
SPS: 3954
Epoch: 1623, global_step=26574848
SPS: 3955
Epoch: 1624, global_step=26591232
SPS: 3955
Epoch: 1625, global_step=26607616
SPS: 3956
Epoch: 1626, global_step=26624000
Evaluating
Evaluated 1024 steps resulting in 16 episodes
eval_success_once_mean=1.0
eval_return_mean=49.9511604309082
eval_episode_len_mean=64.0
eval_reward_mean=0.7804868817329407
eval_success_at_end_mean=1.0
model saved to runs/gandalf-so101graspcube-43/ckpt_1626.pt
SPS: 3947
Epoch: 1627, global_step=26640384
SPS: 3947
Epoch: 1628, global_step=26656768
SPS: 3948
Epoch: 1629, global_step=26673152
SPS: 3948
Epoch: 1630, global_step=26689536
SPS: 3949
Epoch: 1631, global_step=26705920
SPS: 3949
Epoch: 1632, global_step=26722304
SPS: 3950
Epoch: 1633, global_step=26738688
SPS: 3950
Epoch: 1634, global_step=26755072
SPS: 3951
Epoch: 1635, global_step=26771456
SPS: 3952
Epoch: 1636, global_step=26787840
SPS: 3952
Epoch: 1637, global_step=26804224
SPS: 3953
Epoch: 1638, global_step=26820608
SPS: 3953
Epoch: 1639, global_step=26836992
SPS: 3954
Epoch: 1640, global_step=26853376
SPS: 3954
Epoch: 1641, global_step=26869760
SPS: 3955
Epoch: 1642, global_step=26886144
SPS: 3955
Epoch: 1643, global_step=26902528
SPS: 3956
Epoch: 1644, global_step=26918912
SPS: 3957
Epoch: 1645, global_step=26935296
SPS: 3957
Epoch: 1646, global_step=26951680
SPS: 3958
Epoch: 1647, global_step=26968064
SPS: 3959
Epoch: 1648, global_step=26984448
SPS: 3959
Epoch: 1649, global_step=27000832
SPS: 3960
Epoch: 1650, global_step=27017216
SPS: 3960
Epoch: 1651, global_step=27033600
Evaluating
Evaluated 1024 steps resulting in 16 episodes
eval_success_once_mean=0.9375
eval_return_mean=47.28312683105469
eval_episode_len_mean=64.0
eval_reward_mean=0.7387988567352295
eval_success_at_end_mean=0.875
model saved to runs/gandalf-so101graspcube-43/ckpt_1651.pt
SPS: 3951
Epoch: 1652, global_step=27049984
SPS: 3952
Epoch: 1653, global_step=27066368
SPS: 3952
Epoch: 1654, global_step=27082752
SPS: 3953
Epoch: 1655, global_step=27099136
SPS: 3953
Epoch: 1656, global_step=27115520
SPS: 3954
Epoch: 1657, global_step=27131904
SPS: 3954
Epoch: 1658, global_step=27148288
SPS: 3955
Epoch: 1659, global_step=27164672
SPS: 3955
Epoch: 1660, global_step=27181056
SPS: 3956
Epoch: 1661, global_step=27197440
SPS: 3957
Epoch: 1662, global_step=27213824
SPS: 3957
Epoch: 1663, global_step=27230208
SPS: 3958
Epoch: 1664, global_step=27246592
SPS: 3958
Epoch: 1665, global_step=27262976
SPS: 3959
Epoch: 1666, global_step=27279360
SPS: 3959
Epoch: 1667, global_step=27295744
SPS: 3960
Epoch: 1668, global_step=27312128
SPS: 3961
Epoch: 1669, global_step=27328512
SPS: 3961
Epoch: 1670, global_step=27344896
SPS: 3962
Epoch: 1671, global_step=27361280
SPS: 3962
Epoch: 1672, global_step=27377664
SPS: 3962
Epoch: 1673, global_step=27394048
SPS: 3963
Epoch: 1674, global_step=27410432
SPS: 3964
Epoch: 1675, global_step=27426816
SPS: 3964
Epoch: 1676, global_step=27443200
Evaluating
Evaluated 1024 steps resulting in 16 episodes
eval_success_once_mean=0.875
eval_return_mean=44.627174377441406
eval_episode_len_mean=64.0
eval_reward_mean=0.697299599647522
eval_success_at_end_mean=0.875
model saved to runs/gandalf-so101graspcube-43/ckpt_1676.pt
SPS: 3955
Epoch: 1677, global_step=27459584
SPS: 3956
Epoch: 1678, global_step=27475968
SPS: 3956
Epoch: 1679, global_step=27492352
SPS: 3957
Epoch: 1680, global_step=27508736
SPS: 3957
Epoch: 1681, global_step=27525120
SPS: 3958
Epoch: 1682, global_step=27541504
SPS: 3959
Epoch: 1683, global_step=27557888
SPS: 3959
Epoch: 1684, global_step=27574272
SPS: 3960
Epoch: 1685, global_step=27590656
SPS: 3960
Epoch: 1686, global_step=27607040
SPS: 3961
Epoch: 1687, global_step=27623424
SPS: 3961
Epoch: 1688, global_step=27639808
SPS: 3962
Epoch: 1689, global_step=27656192
SPS: 3962
Epoch: 1690, global_step=27672576
SPS: 3963
Epoch: 1691, global_step=27688960
SPS: 3964
Epoch: 1692, global_step=27705344
SPS: 3964
Epoch: 1693, global_step=27721728
SPS: 3965
Epoch: 1694, global_step=27738112
SPS: 3965
Epoch: 1695, global_step=27754496
SPS: 3966
Epoch: 1696, global_step=27770880
SPS: 3966
Epoch: 1697, global_step=27787264
SPS: 3967
Epoch: 1698, global_step=27803648
SPS: 3968
Epoch: 1699, global_step=27820032
SPS: 3968
Epoch: 1700, global_step=27836416
SPS: 3969
Epoch: 1701, global_step=27852800
Evaluating
Evaluated 1024 steps resulting in 16 episodes
eval_success_once_mean=0.75
eval_return_mean=42.4925537109375
eval_episode_len_mean=64.0
eval_reward_mean=0.6639461517333984
eval_success_at_end_mean=0.75
model saved to runs/gandalf-so101graspcube-43/ckpt_1701.pt
SPS: 3960
Epoch: 1702, global_step=27869184
SPS: 3960
Epoch: 1703, global_step=27885568
SPS: 3961
Epoch: 1704, global_step=27901952
SPS: 3962
Epoch: 1705, global_step=27918336
SPS: 3962
Epoch: 1706, global_step=27934720
SPS: 3962
Epoch: 1707, global_step=27951104
SPS: 3963
Epoch: 1708, global_step=27967488
SPS: 3963
Epoch: 1709, global_step=27983872
SPS: 3964
Epoch: 1710, global_step=28000256
SPS: 3964
Epoch: 1711, global_step=28016640
SPS: 3965
Epoch: 1712, global_step=28033024
SPS: 3965
Epoch: 1713, global_step=28049408
SPS: 3966
Epoch: 1714, global_step=28065792
SPS: 3966
Epoch: 1715, global_step=28082176
SPS: 3967
Epoch: 1716, global_step=28098560
SPS: 3967
Epoch: 1717, global_step=28114944
SPS: 3968
Epoch: 1718, global_step=28131328
SPS: 3968
Epoch: 1719, global_step=28147712
SPS: 3968
Epoch: 1720, global_step=28164096
SPS: 3969
Epoch: 1721, global_step=28180480
SPS: 3969
Epoch: 1722, global_step=28196864
SPS: 3969
Epoch: 1723, global_step=28213248
SPS: 3970
Epoch: 1724, global_step=28229632
SPS: 3970
Epoch: 1725, global_step=28246016
SPS: 3971
Epoch: 1726, global_step=28262400
Evaluating
Evaluated 1024 steps resulting in 16 episodes
eval_success_once_mean=1.0
eval_return_mean=49.21318054199219
eval_episode_len_mean=64.0
eval_reward_mean=0.7689559459686279
eval_success_at_end_mean=1.0
model saved to runs/gandalf-so101graspcube-43/ckpt_1726.pt
SPS: 3962
Epoch: 1727, global_step=28278784
SPS: 3962
Epoch: 1728, global_step=28295168
SPS: 3963
Epoch: 1729, global_step=28311552
SPS: 3963
Epoch: 1730, global_step=28327936
SPS: 3964
Epoch: 1731, global_step=28344320
SPS: 3964
Epoch: 1732, global_step=28360704
SPS: 3965
Epoch: 1733, global_step=28377088
SPS: 3965
Epoch: 1734, global_step=28393472
SPS: 3966
Epoch: 1735, global_step=28409856
SPS: 3966
Epoch: 1736, global_step=28426240
SPS: 3967
Epoch: 1737, global_step=28442624
SPS: 3967
Epoch: 1738, global_step=28459008
SPS: 3968
Epoch: 1739, global_step=28475392
SPS: 3968
Epoch: 1740, global_step=28491776
SPS: 3969
Epoch: 1741, global_step=28508160
SPS: 3969
Epoch: 1742, global_step=28524544
SPS: 3969
Epoch: 1743, global_step=28540928
SPS: 3970
Epoch: 1744, global_step=28557312
SPS: 3970
Epoch: 1745, global_step=28573696
SPS: 3971
Epoch: 1746, global_step=28590080
SPS: 3971
Epoch: 1747, global_step=28606464
SPS: 3972
Epoch: 1748, global_step=28622848
SPS: 3972
Epoch: 1749, global_step=28639232
SPS: 3972
Epoch: 1750, global_step=28655616
SPS: 3973
Epoch: 1751, global_step=28672000
Evaluating
Evaluated 1024 steps resulting in 16 episodes
eval_success_once_mean=0.9375
eval_return_mean=47.58995819091797
eval_episode_len_mean=64.0
eval_reward_mean=0.7435930967330933
eval_success_at_end_mean=0.9375
model saved to runs/gandalf-so101graspcube-43/ckpt_1751.pt
SPS: 3964
Epoch: 1752, global_step=28688384
SPS: 3965
Epoch: 1753, global_step=28704768
SPS: 3965
Epoch: 1754, global_step=28721152
SPS: 3965
Epoch: 1755, global_step=28737536
SPS: 3966
Epoch: 1756, global_step=28753920
SPS: 3966
Epoch: 1757, global_step=28770304
SPS: 3966
Epoch: 1758, global_step=28786688
SPS: 3967
Epoch: 1759, global_step=28803072
SPS: 3967
Epoch: 1760, global_step=28819456
SPS: 3967
Epoch: 1761, global_step=28835840
SPS: 3967
Epoch: 1762, global_step=28852224
SPS: 3967
Epoch: 1763, global_step=28868608
SPS: 3968
Epoch: 1764, global_step=28884992
SPS: 3968
Epoch: 1765, global_step=28901376
SPS: 3968
Epoch: 1766, global_step=28917760
SPS: 3969
Epoch: 1767, global_step=28934144
SPS: 3969
Epoch: 1768, global_step=28950528
SPS: 3969
Epoch: 1769, global_step=28966912
SPS: 3970
Epoch: 1770, global_step=28983296
SPS: 3970
Epoch: 1771, global_step=28999680
SPS: 3970
Epoch: 1772, global_step=29016064
SPS: 3971
Epoch: 1773, global_step=29032448
SPS: 3971
Epoch: 1774, global_step=29048832
SPS: 3971
Epoch: 1775, global_step=29065216
SPS: 3972
Epoch: 1776, global_step=29081600
Evaluating
Evaluated 1024 steps resulting in 16 episodes
eval_success_once_mean=1.0
eval_return_mean=50.8621826171875
eval_episode_len_mean=64.0
eval_reward_mean=0.7947216033935547
eval_success_at_end_mean=1.0
model saved to runs/gandalf-so101graspcube-43/ckpt_1776.pt
SPS: 3964
Epoch: 1777, global_step=29097984
SPS: 3964
Epoch: 1778, global_step=29114368
SPS: 3964
Epoch: 1779, global_step=29130752
SPS: 3965
Epoch: 1780, global_step=29147136
SPS: 3965
Epoch: 1781, global_step=29163520
SPS: 3965
Epoch: 1782, global_step=29179904
SPS: 3966
Epoch: 1783, global_step=29196288
SPS: 3966
Epoch: 1784, global_step=29212672
SPS: 3966
Epoch: 1785, global_step=29229056
SPS: 3967
Epoch: 1786, global_step=29245440
SPS: 3967
Epoch: 1787, global_step=29261824
SPS: 3966
Epoch: 1788, global_step=29278208
SPS: 3967
Epoch: 1789, global_step=29294592
SPS: 3967
Epoch: 1790, global_step=29310976
SPS: 3967
Epoch: 1791, global_step=29327360
SPS: 3968
Epoch: 1792, global_step=29343744
SPS: 3968
Epoch: 1793, global_step=29360128
SPS: 3968
Epoch: 1794, global_step=29376512
SPS: 3969
Epoch: 1795, global_step=29392896
SPS: 3969
Epoch: 1796, global_step=29409280
SPS: 3970
Epoch: 1797, global_step=29425664
SPS: 3970
Epoch: 1798, global_step=29442048
SPS: 3971
Epoch: 1799, global_step=29458432
SPS: 3971
Epoch: 1800, global_step=29474816
SPS: 3971
Epoch: 1801, global_step=29491200
Evaluating
Evaluated 1024 steps resulting in 16 episodes
eval_success_once_mean=1.0
eval_return_mean=48.49528503417969
eval_episode_len_mean=64.0
eval_reward_mean=0.7577388286590576
eval_success_at_end_mean=1.0
model saved to runs/gandalf-so101graspcube-43/ckpt_1801.pt
SPS: 3963
Epoch: 1802, global_step=29507584
SPS: 3963
Epoch: 1803, global_step=29523968
SPS: 3963
Epoch: 1804, global_step=29540352
SPS: 3964
Epoch: 1805, global_step=29556736
SPS: 3964
Epoch: 1806, global_step=29573120
SPS: 3964
Epoch: 1807, global_step=29589504
SPS: 3965
Epoch: 1808, global_step=29605888
SPS: 3965
Epoch: 1809, global_step=29622272
SPS: 3965
Epoch: 1810, global_step=29638656
SPS: 3966
Epoch: 1811, global_step=29655040
SPS: 3966
Epoch: 1812, global_step=29671424
SPS: 3966
Epoch: 1813, global_step=29687808
SPS: 3967
Epoch: 1814, global_step=29704192
SPS: 3967
Epoch: 1815, global_step=29720576
SPS: 3968
Epoch: 1816, global_step=29736960
SPS: 3968
Epoch: 1817, global_step=29753344
SPS: 3969
Epoch: 1818, global_step=29769728
SPS: 3969
Epoch: 1819, global_step=29786112
SPS: 3969
Epoch: 1820, global_step=29802496
SPS: 3970
Epoch: 1821, global_step=29818880
SPS: 3970
Epoch: 1822, global_step=29835264
SPS: 3970
Epoch: 1823, global_step=29851648
SPS: 3971
Epoch: 1824, global_step=29868032
SPS: 3971
Epoch: 1825, global_step=29884416
SPS: 3971
Epoch: 1826, global_step=29900800
Evaluating
Evaluated 1024 steps resulting in 16 episodes
eval_success_once_mean=1.0
eval_return_mean=51.90066146850586
eval_episode_len_mean=64.0
eval_reward_mean=0.810947835445404
eval_success_at_end_mean=1.0
model saved to runs/gandalf-so101graspcube-43/ckpt_1826.pt
SPS: 3963
Epoch: 1827, global_step=29917184
SPS: 3964
Epoch: 1828, global_step=29933568
SPS: 3964
Epoch: 1829, global_step=29949952
SPS: 3965
Epoch: 1830, global_step=29966336
SPS: 3965
Epoch: 1831, global_step=29982720
SPS: 3965
Epoch: 1832, global_step=29999104
SPS: 3966
Epoch: 1833, global_step=30015488
SPS: 3966
Epoch: 1834, global_step=30031872
SPS: 3967
Epoch: 1835, global_step=30048256
SPS: 3967
Epoch: 1836, global_step=30064640
SPS: 3968
Epoch: 1837, global_step=30081024
SPS: 3968
Epoch: 1838, global_step=30097408
SPS: 3968
Epoch: 1839, global_step=30113792
SPS: 3969
Epoch: 1840, global_step=30130176
SPS: 3969
Epoch: 1841, global_step=30146560
SPS: 3969
Epoch: 1842, global_step=30162944
SPS: 3970
Epoch: 1843, global_step=30179328
SPS: 3970
Epoch: 1844, global_step=30195712
SPS: 3971
Epoch: 1845, global_step=30212096
SPS: 3971
Epoch: 1846, global_step=30228480
SPS: 3972
Epoch: 1847, global_step=30244864
SPS: 3972
Epoch: 1848, global_step=30261248
SPS: 3972
Epoch: 1849, global_step=30277632
SPS: 3972
Epoch: 1850, global_step=30294016
SPS: 3973
Epoch: 1851, global_step=30310400
Evaluating
Evaluated 1024 steps resulting in 16 episodes
eval_success_once_mean=1.0
eval_return_mean=52.94572448730469
eval_episode_len_mean=64.0
eval_reward_mean=0.8272769451141357
eval_success_at_end_mean=1.0
model saved to runs/gandalf-so101graspcube-43/ckpt_1851.pt
SPS: 3965
Epoch: 1852, global_step=30326784
SPS: 3965
Epoch: 1853, global_step=30343168
SPS: 3965
Epoch: 1854, global_step=30359552
SPS: 3966
Epoch: 1855, global_step=30375936
SPS: 3966
Epoch: 1856, global_step=30392320
SPS: 3967
Epoch: 1857, global_step=30408704
SPS: 3967
Epoch: 1858, global_step=30425088
SPS: 3968
Epoch: 1859, global_step=30441472
SPS: 3968
Epoch: 1860, global_step=30457856
SPS: 3968
Epoch: 1861, global_step=30474240
SPS: 3969
Epoch: 1862, global_step=30490624
SPS: 3969
Epoch: 1863, global_step=30507008
SPS: 3970
Epoch: 1864, global_step=30523392
SPS: 3970
Epoch: 1865, global_step=30539776
SPS: 3970
Epoch: 1866, global_step=30556160
SPS: 3971
Epoch: 1867, global_step=30572544
SPS: 3971
Epoch: 1868, global_step=30588928
SPS: 3972
Epoch: 1869, global_step=30605312
SPS: 3972
Epoch: 1870, global_step=30621696
SPS: 3973
Epoch: 1871, global_step=30638080
SPS: 3973
Epoch: 1872, global_step=30654464
SPS: 3974
Epoch: 1873, global_step=30670848
SPS: 3974
Epoch: 1874, global_step=30687232
SPS: 3975
Epoch: 1875, global_step=30703616
SPS: 3974
Epoch: 1876, global_step=30720000
Evaluating
Evaluated 1024 steps resulting in 16 episodes
eval_success_once_mean=0.8125
eval_return_mean=45.370758056640625
eval_episode_len_mean=64.0
eval_reward_mean=0.7089180946350098
eval_success_at_end_mean=0.8125
model saved to runs/gandalf-so101graspcube-43/ckpt_1876.pt
SPS: 3966
Epoch: 1877, global_step=30736384
SPS: 3967
Epoch: 1878, global_step=30752768
SPS: 3967
Epoch: 1879, global_step=30769152
SPS: 3967
Epoch: 1880, global_step=30785536
SPS: 3968
Epoch: 1881, global_step=30801920
SPS: 3968
Epoch: 1882, global_step=30818304
SPS: 3968
Epoch: 1883, global_step=30834688
SPS: 3969
Epoch: 1884, global_step=30851072
SPS: 3969
Epoch: 1885, global_step=30867456
SPS: 3970
Epoch: 1886, global_step=30883840
SPS: 3970
Epoch: 1887, global_step=30900224
SPS: 3971
Epoch: 1888, global_step=30916608
SPS: 3971
Epoch: 1889, global_step=30932992
SPS: 3971
Epoch: 1890, global_step=30949376
SPS: 3972
Epoch: 1891, global_step=30965760
SPS: 3972
Epoch: 1892, global_step=30982144
SPS: 3973
Epoch: 1893, global_step=30998528
SPS: 3973
Epoch: 1894, global_step=31014912
SPS: 3974
Epoch: 1895, global_step=31031296
SPS: 3974
Epoch: 1896, global_step=31047680
SPS: 3974
Epoch: 1897, global_step=31064064
SPS: 3974
Epoch: 1898, global_step=31080448
SPS: 3975
Epoch: 1899, global_step=31096832
SPS: 3976
Epoch: 1900, global_step=31113216
SPS: 3976
Epoch: 1901, global_step=31129600
Evaluating
Evaluated 1024 steps resulting in 16 episodes
eval_success_once_mean=0.9375
eval_return_mean=52.075439453125
eval_episode_len_mean=64.0
eval_reward_mean=0.8136787414550781
eval_success_at_end_mean=0.9375
model saved to runs/gandalf-so101graspcube-43/ckpt_1901.pt
SPS: 3968
Epoch: 1902, global_step=31145984
SPS: 3969
Epoch: 1903, global_step=31162368
SPS: 3969
Epoch: 1904, global_step=31178752
SPS: 3970
Epoch: 1905, global_step=31195136
SPS: 3970
Epoch: 1906, global_step=31211520
SPS: 3970
Epoch: 1907, global_step=31227904
SPS: 3971
Epoch: 1908, global_step=31244288
SPS: 3971
Epoch: 1909, global_step=31260672
SPS: 3971
Epoch: 1910, global_step=31277056
SPS: 3972
Epoch: 1911, global_step=31293440
SPS: 3972
Epoch: 1912, global_step=31309824
SPS: 3972
Epoch: 1913, global_step=31326208
SPS: 3973
Epoch: 1914, global_step=31342592
SPS: 3973
Epoch: 1915, global_step=31358976
SPS: 3973
Epoch: 1916, global_step=31375360
SPS: 3974
Epoch: 1917, global_step=31391744
SPS: 3974
Epoch: 1918, global_step=31408128
SPS: 3974
Epoch: 1919, global_step=31424512
SPS: 3974
Epoch: 1920, global_step=31440896
SPS: 3975
Epoch: 1921, global_step=31457280
SPS: 3975
Epoch: 1922, global_step=31473664
SPS: 3975
Epoch: 1923, global_step=31490048
SPS: 3976
Epoch: 1924, global_step=31506432
SPS: 3976
Epoch: 1925, global_step=31522816
SPS: 3976
Epoch: 1926, global_step=31539200
Evaluating
Evaluated 1024 steps resulting in 16 episodes
eval_success_once_mean=0.875
eval_return_mean=47.00048828125
eval_episode_len_mean=64.0
eval_reward_mean=0.7343826293945312
eval_success_at_end_mean=0.8125
model saved to runs/gandalf-so101graspcube-43/ckpt_1926.pt
SPS: 3969
Epoch: 1927, global_step=31555584
SPS: 3969
Epoch: 1928, global_step=31571968
SPS: 3970
Epoch: 1929, global_step=31588352
SPS: 3970
Epoch: 1930, global_step=31604736
SPS: 3971
Epoch: 1931, global_step=31621120
SPS: 3971
Epoch: 1932, global_step=31637504
SPS: 3971
Epoch: 1933, global_step=31653888
SPS: 3972
Epoch: 1934, global_step=31670272
SPS: 3972
Epoch: 1935, global_step=31686656
SPS: 3973
Epoch: 1936, global_step=31703040
SPS: 3972
Epoch: 1937, global_step=31719424
SPS: 3973
Epoch: 1938, global_step=31735808
SPS: 3974
Epoch: 1939, global_step=31752192
SPS: 3974
Epoch: 1940, global_step=31768576
SPS: 3974
Epoch: 1941, global_step=31784960
SPS: 3975
Epoch: 1942, global_step=31801344
SPS: 3975
Epoch: 1943, global_step=31817728
SPS: 3976
Epoch: 1944, global_step=31834112
SPS: 3976
Epoch: 1945, global_step=31850496
SPS: 3976
Epoch: 1946, global_step=31866880
SPS: 3977
Epoch: 1947, global_step=31883264
SPS: 3977
Epoch: 1948, global_step=31899648
SPS: 3977
Epoch: 1949, global_step=31916032
SPS: 3977
Epoch: 1950, global_step=31932416
SPS: 3978
Epoch: 1951, global_step=31948800
Evaluating
Evaluated 1024 steps resulting in 16 episodes
eval_success_once_mean=1.0
eval_return_mean=51.910274505615234
eval_episode_len_mean=64.0
eval_reward_mean=0.811098039150238
eval_success_at_end_mean=1.0
model saved to runs/gandalf-so101graspcube-43/ckpt_1951.pt
SPS: 3970
Epoch: 1952, global_step=31965184
SPS: 3970
Epoch: 1953, global_step=31981568
SPS: 3971
Epoch: 1954, global_step=31997952
SPS: 3971
Epoch: 1955, global_step=32014336
SPS: 3971
Epoch: 1956, global_step=32030720
SPS: 3972
Epoch: 1957, global_step=32047104
SPS: 3972
Epoch: 1958, global_step=32063488
SPS: 3973
Epoch: 1959, global_step=32079872
SPS: 3973
Epoch: 1960, global_step=32096256
SPS: 3973
Epoch: 1961, global_step=32112640
SPS: 3974
Epoch: 1962, global_step=32129024
SPS: 3974
Epoch: 1963, global_step=32145408
SPS: 3974
Epoch: 1964, global_step=32161792
SPS: 3975
Epoch: 1965, global_step=32178176
SPS: 3975
Epoch: 1966, global_step=32194560
SPS: 3975
Epoch: 1967, global_step=32210944
SPS: 3976
Epoch: 1968, global_step=32227328
SPS: 3976
Epoch: 1969, global_step=32243712
SPS: 3976
Epoch: 1970, global_step=32260096
SPS: 3976
Epoch: 1971, global_step=32276480
SPS: 3977
Epoch: 1972, global_step=32292864
SPS: 3977
Epoch: 1973, global_step=32309248
SPS: 3978
Epoch: 1974, global_step=32325632
SPS: 3978
Epoch: 1975, global_step=32342016
SPS: 3978
Epoch: 1976, global_step=32358400
Evaluating
Evaluated 1024 steps resulting in 16 episodes
eval_success_once_mean=0.75
eval_return_mean=43.83665084838867
eval_episode_len_mean=64.0
eval_reward_mean=0.684947669506073
eval_success_at_end_mean=0.75
model saved to runs/gandalf-so101graspcube-43/ckpt_1976.pt
SPS: 3971
Epoch: 1977, global_step=32374784
SPS: 3971
Epoch: 1978, global_step=32391168
SPS: 3972
Epoch: 1979, global_step=32407552
SPS: 3972
Epoch: 1980, global_step=32423936
SPS: 3972
Epoch: 1981, global_step=32440320
SPS: 3973
Epoch: 1982, global_step=32456704
SPS: 3973
Epoch: 1983, global_step=32473088
SPS: 3974
Epoch: 1984, global_step=32489472
SPS: 3974
Epoch: 1985, global_step=32505856
SPS: 3974
Epoch: 1986, global_step=32522240
SPS: 3974
Epoch: 1987, global_step=32538624
SPS: 3975
Epoch: 1988, global_step=32555008
SPS: 3975
Epoch: 1989, global_step=32571392
SPS: 3975
Epoch: 1990, global_step=32587776
SPS: 3976
Epoch: 1991, global_step=32604160
SPS: 3976
Epoch: 1992, global_step=32620544
SPS: 3977
Epoch: 1993, global_step=32636928
SPS: 3977
Epoch: 1994, global_step=32653312
SPS: 3978
Epoch: 1995, global_step=32669696
SPS: 3978
Epoch: 1996, global_step=32686080
SPS: 3978
Epoch: 1997, global_step=32702464
SPS: 3979
Epoch: 1998, global_step=32718848
SPS: 3979
Epoch: 1999, global_step=32735232
SPS: 3980
Epoch: 2000, global_step=32751616
SPS: 3980
Epoch: 2001, global_step=32768000
Evaluating
Evaluated 1024 steps resulting in 16 episodes
eval_success_once_mean=1.0
eval_return_mean=54.116455078125
eval_episode_len_mean=64.0
eval_reward_mean=0.8455696105957031
eval_success_at_end_mean=1.0
model saved to runs/gandalf-so101graspcube-43/ckpt_2001.pt
SPS: 3973
Epoch: 2002, global_step=32784384
SPS: 3973
Epoch: 2003, global_step=32800768
SPS: 3973
Epoch: 2004, global_step=32817152
SPS: 3973
Epoch: 2005, global_step=32833536
SPS: 3974
Epoch: 2006, global_step=32849920
SPS: 3974
Epoch: 2007, global_step=32866304
SPS: 3975
Epoch: 2008, global_step=32882688
SPS: 3975
Epoch: 2009, global_step=32899072
SPS: 3975
Epoch: 2010, global_step=32915456
SPS: 3976
Epoch: 2011, global_step=32931840
SPS: 3976
Epoch: 2012, global_step=32948224
SPS: 3977
Epoch: 2013, global_step=32964608
SPS: 3977
Epoch: 2014, global_step=32980992
SPS: 3977
Epoch: 2015, global_step=32997376
SPS: 3978
Epoch: 2016, global_step=33013760
SPS: 3978
Epoch: 2017, global_step=33030144
SPS: 3979
Epoch: 2018, global_step=33046528
SPS: 3979
Epoch: 2019, global_step=33062912
SPS: 3979
Epoch: 2020, global_step=33079296
SPS: 3980
Epoch: 2021, global_step=33095680
SPS: 3980
Epoch: 2022, global_step=33112064
SPS: 3981
Epoch: 2023, global_step=33128448
SPS: 3981
Epoch: 2024, global_step=33144832
SPS: 3981
Epoch: 2025, global_step=33161216
SPS: 3982
Epoch: 2026, global_step=33177600
Evaluating
Evaluated 1024 steps resulting in 16 episodes
eval_success_once_mean=0.8125
eval_return_mean=44.65138626098633
eval_episode_len_mean=64.0
eval_reward_mean=0.6976779103279114
eval_success_at_end_mean=0.8125
model saved to runs/gandalf-so101graspcube-43/ckpt_2026.pt
SPS: 3975
Epoch: 2027, global_step=33193984
SPS: 3975
Epoch: 2028, global_step=33210368
SPS: 3975
Epoch: 2029, global_step=33226752
SPS: 3976
Epoch: 2030, global_step=33243136
SPS: 3976
Epoch: 2031, global_step=33259520
SPS: 3976
Epoch: 2032, global_step=33275904
SPS: 3976
Epoch: 2033, global_step=33292288
SPS: 3977
Epoch: 2034, global_step=33308672
SPS: 3977
Epoch: 2035, global_step=33325056
SPS: 3978
Epoch: 2036, global_step=33341440
SPS: 3978
Epoch: 2037, global_step=33357824
SPS: 3978
Epoch: 2038, global_step=33374208
SPS: 3978
Epoch: 2039, global_step=33390592
SPS: 3979
Epoch: 2040, global_step=33406976
SPS: 3979
Epoch: 2041, global_step=33423360
SPS: 3979
Epoch: 2042, global_step=33439744
SPS: 3980
Epoch: 2043, global_step=33456128
SPS: 3980
Epoch: 2044, global_step=33472512
SPS: 3980
Epoch: 2045, global_step=33488896
SPS: 3981
Epoch: 2046, global_step=33505280
SPS: 3981
Epoch: 2047, global_step=33521664
SPS: 3982
Epoch: 2048, global_step=33538048
SPS: 3981
Epoch: 2049, global_step=33554432
SPS: 3982
Epoch: 2050, global_step=33570816
SPS: 3982
Epoch: 2051, global_step=33587200
Evaluating
Evaluated 1024 steps resulting in 16 episodes
eval_success_once_mean=0.9375
eval_return_mean=52.320343017578125
eval_episode_len_mean=64.0
eval_reward_mean=0.8175053596496582
eval_success_at_end_mean=0.9375
model saved to runs/gandalf-so101graspcube-43/ckpt_2051.pt
SPS: 3975
Epoch: 2052, global_step=33603584
SPS: 3975
Epoch: 2053, global_step=33619968
SPS: 3975
Epoch: 2054, global_step=33636352
SPS: 3976
Epoch: 2055, global_step=33652736
SPS: 3976
Epoch: 2056, global_step=33669120
SPS: 3977
Epoch: 2057, global_step=33685504
SPS: 3977
Epoch: 2058, global_step=33701888
SPS: 3978
Epoch: 2059, global_step=33718272
SPS: 3978
Epoch: 2060, global_step=33734656
SPS: 3978
Epoch: 2061, global_step=33751040
SPS: 3978
Epoch: 2062, global_step=33767424
SPS: 3979
Epoch: 2063, global_step=33783808
SPS: 3979
Epoch: 2064, global_step=33800192
SPS: 3980
Epoch: 2065, global_step=33816576
SPS: 3980
Epoch: 2066, global_step=33832960
SPS: 3981
Epoch: 2067, global_step=33849344
SPS: 3981
Epoch: 2068, global_step=33865728
SPS: 3981
Epoch: 2069, global_step=33882112
SPS: 3982
Epoch: 2070, global_step=33898496
SPS: 3982
Epoch: 2071, global_step=33914880
SPS: 3983
Epoch: 2072, global_step=33931264
SPS: 3983
Epoch: 2073, global_step=33947648
SPS: 3983
Epoch: 2074, global_step=33964032
SPS: 3984
Epoch: 2075, global_step=33980416
SPS: 3984
Epoch: 2076, global_step=33996800
Evaluating
Evaluated 1024 steps resulting in 16 episodes
eval_success_once_mean=0.9375
eval_return_mean=51.843406677246094
eval_episode_len_mean=64.0
eval_reward_mean=0.8100532293319702
eval_success_at_end_mean=0.9375
model saved to runs/gandalf-so101graspcube-43/ckpt_2076.pt
SPS: 3977
Epoch: 2077, global_step=34013184
SPS: 3978
Epoch: 2078, global_step=34029568
SPS: 3978
Epoch: 2079, global_step=34045952
SPS: 3978
Epoch: 2080, global_step=34062336
SPS: 3979
Epoch: 2081, global_step=34078720
SPS: 3979
Epoch: 2082, global_step=34095104
SPS: 3980
Epoch: 2083, global_step=34111488
SPS: 3980
Epoch: 2084, global_step=34127872
SPS: 3980
Epoch: 2085, global_step=34144256
SPS: 3981
Epoch: 2086, global_step=34160640
SPS: 3981
Epoch: 2087, global_step=34177024
SPS: 3982
Epoch: 2088, global_step=34193408
SPS: 3982
Epoch: 2089, global_step=34209792
SPS: 3982
Epoch: 2090, global_step=34226176
SPS: 3983
Epoch: 2091, global_step=34242560
SPS: 3983
Epoch: 2092, global_step=34258944
SPS: 3983
Epoch: 2093, global_step=34275328
SPS: 3983
Epoch: 2094, global_step=34291712
SPS: 3984
Epoch: 2095, global_step=34308096
SPS: 3984
Epoch: 2096, global_step=34324480
SPS: 3985
Epoch: 2097, global_step=34340864
SPS: 3985
Epoch: 2098, global_step=34357248
SPS: 3986
Epoch: 2099, global_step=34373632
SPS: 3986
Epoch: 2100, global_step=34390016
SPS: 3986
Epoch: 2101, global_step=34406400
Evaluating
Evaluated 1024 steps resulting in 16 episodes
eval_success_once_mean=0.9375
eval_return_mean=48.461788177490234
eval_episode_len_mean=64.0
eval_reward_mean=0.7572154402732849
eval_success_at_end_mean=0.875
model saved to runs/gandalf-so101graspcube-43/ckpt_2101.pt
SPS: 3979
Epoch: 2102, global_step=34422784
SPS: 3979
Epoch: 2103, global_step=34439168
SPS: 3980
Epoch: 2104, global_step=34455552
SPS: 3980
Epoch: 2105, global_step=34471936
SPS: 3980
Epoch: 2106, global_step=34488320
SPS: 3980
Epoch: 2107, global_step=34504704
SPS: 3981
Epoch: 2108, global_step=34521088
SPS: 3981
Epoch: 2109, global_step=34537472
SPS: 3982
Epoch: 2110, global_step=34553856
SPS: 3982
Epoch: 2111, global_step=34570240
SPS: 3982
Epoch: 2112, global_step=34586624
SPS: 3982
Epoch: 2113, global_step=34603008
SPS: 3983
Epoch: 2114, global_step=34619392
SPS: 3983
Epoch: 2115, global_step=34635776
SPS: 3984
Epoch: 2116, global_step=34652160
SPS: 3984
Epoch: 2117, global_step=34668544
SPS: 3984
Epoch: 2118, global_step=34684928
SPS: 3985
Epoch: 2119, global_step=34701312
SPS: 3985
Epoch: 2120, global_step=34717696
SPS: 3986
Epoch: 2121, global_step=34734080
SPS: 3986
Epoch: 2122, global_step=34750464
SPS: 3987
Epoch: 2123, global_step=34766848
SPS: 3987
Epoch: 2124, global_step=34783232
SPS: 3987
Epoch: 2125, global_step=34799616
SPS: 3988
Epoch: 2126, global_step=34816000
Evaluating
Evaluated 1024 steps resulting in 16 episodes
eval_success_once_mean=1.0
eval_return_mean=51.923133850097656
eval_episode_len_mean=64.0
eval_reward_mean=0.8112989664077759
eval_success_at_end_mean=1.0
model saved to runs/gandalf-so101graspcube-43/ckpt_2126.pt
SPS: 3981
Epoch: 2127, global_step=34832384
SPS: 3981
Epoch: 2128, global_step=34848768
SPS: 3981
Epoch: 2129, global_step=34865152
SPS: 3982
Epoch: 2130, global_step=34881536
SPS: 3982
Epoch: 2131, global_step=34897920
SPS: 3983
Epoch: 2132, global_step=34914304
SPS: 3982
Epoch: 2133, global_step=34930688
SPS: 3983
Epoch: 2134, global_step=34947072
SPS: 3983
Epoch: 2135, global_step=34963456
SPS: 3984
Epoch: 2136, global_step=34979840
SPS: 3984
Epoch: 2137, global_step=34996224
SPS: 3984
Epoch: 2138, global_step=35012608
SPS: 3985
Epoch: 2139, global_step=35028992
SPS: 3985
Epoch: 2140, global_step=35045376
SPS: 3986
Epoch: 2141, global_step=35061760
SPS: 3986
Epoch: 2142, global_step=35078144
SPS: 3986
Epoch: 2143, global_step=35094528
SPS: 3987
Epoch: 2144, global_step=35110912
SPS: 3987
Epoch: 2145, global_step=35127296
SPS: 3987
Epoch: 2146, global_step=35143680
SPS: 3987
Epoch: 2147, global_step=35160064
SPS: 3988
Epoch: 2148, global_step=35176448
SPS: 3988
Epoch: 2149, global_step=35192832
SPS: 3989
Epoch: 2150, global_step=35209216
SPS: 3989
Epoch: 2151, global_step=35225600
Evaluating
Evaluated 1024 steps resulting in 16 episodes
eval_success_once_mean=1.0
eval_return_mean=52.78643798828125
eval_episode_len_mean=64.0
eval_reward_mean=0.8247880935668945
eval_success_at_end_mean=1.0
model saved to runs/gandalf-so101graspcube-43/ckpt_2151.pt
SPS: 3982
Epoch: 2152, global_step=35241984
SPS: 3982
Epoch: 2153, global_step=35258368
SPS: 3983
Epoch: 2154, global_step=35274752
SPS: 3983
Epoch: 2155, global_step=35291136
SPS: 3984
Epoch: 2156, global_step=35307520
SPS: 3984
Epoch: 2157, global_step=35323904
SPS: 3984
Epoch: 2158, global_step=35340288
SPS: 3985
Epoch: 2159, global_step=35356672
SPS: 3985
Epoch: 2160, global_step=35373056
SPS: 3985
Epoch: 2161, global_step=35389440
SPS: 3986
Epoch: 2162, global_step=35405824
SPS: 3986
Epoch: 2163, global_step=35422208
SPS: 3987
Epoch: 2164, global_step=35438592
SPS: 3987
Epoch: 2165, global_step=35454976
SPS: 3987
Epoch: 2166, global_step=35471360
SPS: 3988
Epoch: 2167, global_step=35487744
SPS: 3988
Epoch: 2168, global_step=35504128
SPS: 3989
Epoch: 2169, global_step=35520512
SPS: 3989
Epoch: 2170, global_step=35536896
SPS: 3990
Epoch: 2171, global_step=35553280
SPS: 3990
Epoch: 2172, global_step=35569664
SPS: 3990
Epoch: 2173, global_step=35586048
SPS: 3991
Epoch: 2174, global_step=35602432
SPS: 3991
Epoch: 2175, global_step=35618816
SPS: 3992
Epoch: 2176, global_step=35635200
Evaluating
Evaluated 1024 steps resulting in 16 episodes
eval_success_once_mean=0.9375
eval_return_mean=50.42992401123047
eval_episode_len_mean=64.0
eval_reward_mean=0.7879675626754761
eval_success_at_end_mean=0.9375
model saved to runs/gandalf-so101graspcube-43/ckpt_2176.pt
SPS: 3985
Epoch: 2177, global_step=35651584
SPS: 3985
Epoch: 2178, global_step=35667968
SPS: 3986
Epoch: 2179, global_step=35684352
SPS: 3987
Epoch: 2180, global_step=35700736
SPS: 3987
Epoch: 2181, global_step=35717120
SPS: 3987
Epoch: 2182, global_step=35733504
SPS: 3988
Epoch: 2183, global_step=35749888
SPS: 3988
Epoch: 2184, global_step=35766272
SPS: 3989
Epoch: 2185, global_step=35782656
SPS: 3989
Epoch: 2186, global_step=35799040
SPS: 3989
Epoch: 2187, global_step=35815424
SPS: 3990
Epoch: 2188, global_step=35831808
SPS: 3990
Epoch: 2189, global_step=35848192
SPS: 3991
Epoch: 2190, global_step=35864576
SPS: 3991
Epoch: 2191, global_step=35880960
SPS: 3991
Epoch: 2192, global_step=35897344
SPS: 3992
Epoch: 2193, global_step=35913728
SPS: 3992
Epoch: 2194, global_step=35930112
SPS: 3993
Epoch: 2195, global_step=35946496
SPS: 3993
Epoch: 2196, global_step=35962880
SPS: 3993
Epoch: 2197, global_step=35979264
SPS: 3994
Epoch: 2198, global_step=35995648
SPS: 3994
Epoch: 2199, global_step=36012032
SPS: 3995
Epoch: 2200, global_step=36028416
SPS: 3995
Epoch: 2201, global_step=36044800
Evaluating
Evaluated 1024 steps resulting in 16 episodes
eval_success_once_mean=1.0
eval_return_mean=52.49388885498047
eval_episode_len_mean=64.0
eval_reward_mean=0.8202170133590698
eval_success_at_end_mean=1.0
model saved to runs/gandalf-so101graspcube-43/ckpt_2201.pt
SPS: 3988
Epoch: 2202, global_step=36061184
SPS: 3988
Epoch: 2203, global_step=36077568
SPS: 3989
Epoch: 2204, global_step=36093952
SPS: 3989
Epoch: 2205, global_step=36110336
SPS: 3989
Epoch: 2206, global_step=36126720
SPS: 3990
Epoch: 2207, global_step=36143104
SPS: 3990
Epoch: 2208, global_step=36159488
SPS: 3990
Epoch: 2209, global_step=36175872
SPS: 3991
Epoch: 2210, global_step=36192256
SPS: 3991
Epoch: 2211, global_step=36208640
SPS: 3992
Epoch: 2212, global_step=36225024
SPS: 3992
Epoch: 2213, global_step=36241408
SPS: 3992
Epoch: 2214, global_step=36257792
SPS: 3993
Epoch: 2215, global_step=36274176
SPS: 3993
Epoch: 2216, global_step=36290560
SPS: 3993
Epoch: 2217, global_step=36306944
SPS: 3994
Epoch: 2218, global_step=36323328
SPS: 3994
Epoch: 2219, global_step=36339712
SPS: 3995
Epoch: 2220, global_step=36356096
SPS: 3995
Epoch: 2221, global_step=36372480
SPS: 3995
Epoch: 2222, global_step=36388864
SPS: 3995
Epoch: 2223, global_step=36405248
SPS: 3996
Epoch: 2224, global_step=36421632
SPS: 3996
Epoch: 2225, global_step=36438016
SPS: 3997
Epoch: 2226, global_step=36454400
Evaluating
Evaluated 1024 steps resulting in 16 episodes
eval_success_once_mean=0.9375
eval_return_mean=51.35316467285156
eval_episode_len_mean=64.0
eval_reward_mean=0.8023931980133057
eval_success_at_end_mean=0.9375
model saved to runs/gandalf-so101graspcube-43/ckpt_2226.pt
SPS: 3990
Epoch: 2227, global_step=36470784
SPS: 3990
Epoch: 2228, global_step=36487168
SPS: 3990
Epoch: 2229, global_step=36503552
SPS: 3990
Epoch: 2230, global_step=36519936
SPS: 3991
Epoch: 2231, global_step=36536320
SPS: 3991
Epoch: 2232, global_step=36552704
SPS: 3992
Epoch: 2233, global_step=36569088
SPS: 3992
Epoch: 2234, global_step=36585472
SPS: 3992
Epoch: 2235, global_step=36601856
SPS: 3993
Epoch: 2236, global_step=36618240
SPS: 3993
Epoch: 2237, global_step=36634624
SPS: 3993
Epoch: 2238, global_step=36651008
SPS: 3994
Epoch: 2239, global_step=36667392
SPS: 3994
Epoch: 2240, global_step=36683776
SPS: 3994
Epoch: 2241, global_step=36700160
SPS: 3995
Epoch: 2242, global_step=36716544
SPS: 3995
Epoch: 2243, global_step=36732928
SPS: 3995
Epoch: 2244, global_step=36749312
SPS: 3996
Epoch: 2245, global_step=36765696
SPS: 3996
Epoch: 2246, global_step=36782080
SPS: 3997
Epoch: 2247, global_step=36798464
SPS: 3997
Epoch: 2248, global_step=36814848
SPS: 3997
Epoch: 2249, global_step=36831232
SPS: 3998
Epoch: 2250, global_step=36847616
SPS: 3998
Epoch: 2251, global_step=36864000
Evaluating
Evaluated 1024 steps resulting in 16 episodes
eval_success_once_mean=1.0
eval_return_mean=52.12971878051758
eval_episode_len_mean=64.0
eval_reward_mean=0.8145268559455872
eval_success_at_end_mean=1.0
model saved to runs/gandalf-so101graspcube-43/ckpt_2251.pt
SPS: 3991
Epoch: 2252, global_step=36880384
SPS: 3991
Epoch: 2253, global_step=36896768
SPS: 3992
Epoch: 2254, global_step=36913152
SPS: 3992
Epoch: 2255, global_step=36929536
SPS: 3992
Epoch: 2256, global_step=36945920
SPS: 3993
Epoch: 2257, global_step=36962304
SPS: 3993
Epoch: 2258, global_step=36978688
SPS: 3994
Epoch: 2259, global_step=36995072
SPS: 3994
Epoch: 2260, global_step=37011456
SPS: 3994
Epoch: 2261, global_step=37027840
SPS: 3994
Epoch: 2262, global_step=37044224
SPS: 3995
Epoch: 2263, global_step=37060608
SPS: 3995
Epoch: 2264, global_step=37076992
SPS: 3995
Epoch: 2265, global_step=37093376
SPS: 3996
Epoch: 2266, global_step=37109760
SPS: 3996
Epoch: 2267, global_step=37126144
SPS: 3996
Epoch: 2268, global_step=37142528
SPS: 3996
Epoch: 2269, global_step=37158912
SPS: 3997
Epoch: 2270, global_step=37175296
SPS: 3997
Epoch: 2271, global_step=37191680
SPS: 3998
Epoch: 2272, global_step=37208064
SPS: 3998
Epoch: 2273, global_step=37224448
SPS: 3998
Epoch: 2274, global_step=37240832
SPS: 3999
Epoch: 2275, global_step=37257216
SPS: 3999
Epoch: 2276, global_step=37273600
Evaluating
Evaluated 1024 steps resulting in 16 episodes
eval_success_once_mean=0.8125
eval_return_mean=45.206298828125
eval_episode_len_mean=64.0
eval_reward_mean=0.7063484191894531
eval_success_at_end_mean=0.75
model saved to runs/gandalf-so101graspcube-43/ckpt_2276.pt
SPS: 3992
Epoch: 2277, global_step=37289984
SPS: 3993
Epoch: 2278, global_step=37306368
SPS: 3993
Epoch: 2279, global_step=37322752
SPS: 3994
Epoch: 2280, global_step=37339136
SPS: 3994
Epoch: 2281, global_step=37355520
SPS: 3994
Epoch: 2282, global_step=37371904
SPS: 3995
Epoch: 2283, global_step=37388288
SPS: 3995
Epoch: 2284, global_step=37404672
SPS: 3995
Epoch: 2285, global_step=37421056
SPS: 3996
Epoch: 2286, global_step=37437440
SPS: 3996
Epoch: 2287, global_step=37453824
SPS: 3997
Epoch: 2288, global_step=37470208
SPS: 3997
Epoch: 2289, global_step=37486592
SPS: 3997
Epoch: 2290, global_step=37502976
SPS: 3998
Epoch: 2291, global_step=37519360
SPS: 3998
Epoch: 2292, global_step=37535744
SPS: 3998
Epoch: 2293, global_step=37552128
SPS: 3999
Epoch: 2294, global_step=37568512
SPS: 3999
Epoch: 2295, global_step=37584896
SPS: 3999
Epoch: 2296, global_step=37601280
SPS: 3999
Epoch: 2297, global_step=37617664
SPS: 4000
Epoch: 2298, global_step=37634048
SPS: 4000
Epoch: 2299, global_step=37650432
SPS: 4000
Epoch: 2300, global_step=37666816
SPS: 4000
Epoch: 2301, global_step=37683200
Evaluating
Evaluated 1024 steps resulting in 16 episodes
eval_success_once_mean=0.9375
eval_return_mean=50.92103576660156
eval_episode_len_mean=64.0
eval_reward_mean=0.7956411838531494
eval_success_at_end_mean=0.875
model saved to runs/gandalf-so101graspcube-43/ckpt_2301.pt
SPS: 3994
Epoch: 2302, global_step=37699584
SPS: 3994
Epoch: 2303, global_step=37715968
SPS: 3994
Epoch: 2304, global_step=37732352
SPS: 3995
Epoch: 2305, global_step=37748736
SPS: 3995
Epoch: 2306, global_step=37765120
SPS: 3995
Epoch: 2307, global_step=37781504
SPS: 3996
Epoch: 2308, global_step=37797888
SPS: 3996
Epoch: 2309, global_step=37814272
SPS: 3997
Epoch: 2310, global_step=37830656
SPS: 3997
Epoch: 2311, global_step=37847040
SPS: 3998
Epoch: 2312, global_step=37863424
SPS: 3998
Epoch: 2313, global_step=37879808
SPS: 3998
Epoch: 2314, global_step=37896192
SPS: 3999
Epoch: 2315, global_step=37912576
SPS: 3999
Epoch: 2316, global_step=37928960
SPS: 4000
Epoch: 2317, global_step=37945344
SPS: 4000
Epoch: 2318, global_step=37961728
SPS: 4000
Epoch: 2319, global_step=37978112
SPS: 4001
Epoch: 2320, global_step=37994496
SPS: 4001
Epoch: 2321, global_step=38010880
SPS: 4001
Epoch: 2322, global_step=38027264
SPS: 4002
Epoch: 2323, global_step=38043648
SPS: 4002
Epoch: 2324, global_step=38060032
SPS: 4003
Epoch: 2325, global_step=38076416
SPS: 4003
Epoch: 2326, global_step=38092800
Evaluating
Evaluated 1024 steps resulting in 16 episodes
eval_success_once_mean=0.9375
eval_return_mean=48.4107551574707
eval_episode_len_mean=64.0
eval_reward_mean=0.7564180493354797
eval_success_at_end_mean=0.9375
model saved to runs/gandalf-so101graspcube-43/ckpt_2326.pt
SPS: 3997
Epoch: 2327, global_step=38109184
SPS: 3997
Epoch: 2328, global_step=38125568
SPS: 3998
Epoch: 2329, global_step=38141952
SPS: 3998
Epoch: 2330, global_step=38158336
SPS: 3999
Epoch: 2331, global_step=38174720
SPS: 3999
Epoch: 2332, global_step=38191104
SPS: 3999
Epoch: 2333, global_step=38207488
SPS: 3999
Epoch: 2334, global_step=38223872
SPS: 4000
Epoch: 2335, global_step=38240256
SPS: 4000
Epoch: 2336, global_step=38256640
SPS: 4000
Epoch: 2337, global_step=38273024
SPS: 4000
Epoch: 2338, global_step=38289408
SPS: 4001
Epoch: 2339, global_step=38305792
SPS: 4001
Epoch: 2340, global_step=38322176
SPS: 4001
Epoch: 2341, global_step=38338560
SPS: 4002
Epoch: 2342, global_step=38354944
SPS: 4002
Epoch: 2343, global_step=38371328
SPS: 4002
Epoch: 2344, global_step=38387712
SPS: 4003
Epoch: 2345, global_step=38404096
SPS: 4003
Epoch: 2346, global_step=38420480
SPS: 4003
Epoch: 2347, global_step=38436864
SPS: 4004
Epoch: 2348, global_step=38453248
SPS: 4004
Epoch: 2349, global_step=38469632
SPS: 4005
Epoch: 2350, global_step=38486016
SPS: 4005
Epoch: 2351, global_step=38502400
Evaluating
Evaluated 1024 steps resulting in 16 episodes
eval_success_once_mean=0.875
eval_return_mean=50.23731994628906
eval_episode_len_mean=64.0
eval_reward_mean=0.7849581241607666
eval_success_at_end_mean=0.875
model saved to runs/gandalf-so101graspcube-43/ckpt_2351.pt
SPS: 3998
Epoch: 2352, global_step=38518784
SPS: 3999
Epoch: 2353, global_step=38535168
SPS: 3999
Epoch: 2354, global_step=38551552
SPS: 3999
Epoch: 2355, global_step=38567936
SPS: 4000
Epoch: 2356, global_step=38584320
SPS: 4000
Epoch: 2357, global_step=38600704
SPS: 4001
Epoch: 2358, global_step=38617088
SPS: 4001
Epoch: 2359, global_step=38633472
SPS: 4001
Epoch: 2360, global_step=38649856
SPS: 4002
Epoch: 2361, global_step=38666240
SPS: 4002
Epoch: 2362, global_step=38682624
SPS: 4002
Epoch: 2363, global_step=38699008
SPS: 4003
Epoch: 2364, global_step=38715392
SPS: 4003
Epoch: 2365, global_step=38731776
SPS: 4004
Epoch: 2366, global_step=38748160
SPS: 4004
Epoch: 2367, global_step=38764544
SPS: 4004
Epoch: 2368, global_step=38780928
SPS: 4004
Epoch: 2369, global_step=38797312
SPS: 4005
Epoch: 2370, global_step=38813696
SPS: 4005
Epoch: 2371, global_step=38830080
SPS: 4006
Epoch: 2372, global_step=38846464
SPS: 4006
Epoch: 2373, global_step=38862848
SPS: 4006
Epoch: 2374, global_step=38879232
SPS: 4007
Epoch: 2375, global_step=38895616
SPS: 4007
Epoch: 2376, global_step=38912000
Evaluating
Evaluated 1024 steps resulting in 16 episodes
eval_success_once_mean=0.8125
eval_return_mean=46.05744171142578
eval_episode_len_mean=64.0
eval_reward_mean=0.7196475267410278
eval_success_at_end_mean=0.8125
model saved to runs/gandalf-so101graspcube-43/ckpt_2376.pt
SPS: 4001
Epoch: 2377, global_step=38928384
SPS: 4001
Epoch: 2378, global_step=38944768
SPS: 4001
Epoch: 2379, global_step=38961152
SPS: 4002
Epoch: 2380, global_step=38977536
SPS: 4002
Epoch: 2381, global_step=38993920
SPS: 4003
Epoch: 2382, global_step=39010304
SPS: 4003
Epoch: 2383, global_step=39026688
SPS: 4004
Epoch: 2384, global_step=39043072
SPS: 4004
Epoch: 2385, global_step=39059456
SPS: 4004
Epoch: 2386, global_step=39075840
SPS: 4005
Epoch: 2387, global_step=39092224
SPS: 4005
Epoch: 2388, global_step=39108608
SPS: 4005
Epoch: 2389, global_step=39124992
SPS: 4006
Epoch: 2390, global_step=39141376
SPS: 4006
Epoch: 2391, global_step=39157760
SPS: 4006
Epoch: 2392, global_step=39174144
SPS: 4007
Epoch: 2393, global_step=39190528
SPS: 4007
Epoch: 2394, global_step=39206912
SPS: 4007
Epoch: 2395, global_step=39223296
SPS: 4008
Epoch: 2396, global_step=39239680
SPS: 4008
Epoch: 2397, global_step=39256064
SPS: 4008
Epoch: 2398, global_step=39272448
SPS: 4009
Epoch: 2399, global_step=39288832
SPS: 4009
Epoch: 2400, global_step=39305216
SPS: 4010
Epoch: 2401, global_step=39321600
Evaluating
Evaluated 1024 steps resulting in 16 episodes
eval_success_once_mean=0.8125
eval_return_mean=45.66661071777344
eval_episode_len_mean=64.0
eval_reward_mean=0.71354079246521
eval_success_at_end_mean=0.6875
model saved to runs/gandalf-so101graspcube-43/ckpt_2401.pt
SPS: 4003
Epoch: 2402, global_step=39337984
SPS: 4004
Epoch: 2403, global_step=39354368
SPS: 4004
Epoch: 2404, global_step=39370752
SPS: 4004
Epoch: 2405, global_step=39387136
SPS: 4005
Epoch: 2406, global_step=39403520
SPS: 4005
Epoch: 2407, global_step=39419904
SPS: 4005
Epoch: 2408, global_step=39436288
SPS: 4005
Epoch: 2409, global_step=39452672
SPS: 4006
Epoch: 2410, global_step=39469056
SPS: 4006
Epoch: 2411, global_step=39485440
SPS: 4006
Epoch: 2412, global_step=39501824
SPS: 4007
Epoch: 2413, global_step=39518208
SPS: 4007
Epoch: 2414, global_step=39534592
SPS: 4007
Epoch: 2415, global_step=39550976
SPS: 4008
Epoch: 2416, global_step=39567360
SPS: 4008
Epoch: 2417, global_step=39583744
SPS: 4008
Epoch: 2418, global_step=39600128
SPS: 4008
Epoch: 2419, global_step=39616512
SPS: 4009
Epoch: 2420, global_step=39632896
SPS: 4009
Epoch: 2421, global_step=39649280
SPS: 4009
Epoch: 2422, global_step=39665664
SPS: 4009
Epoch: 2423, global_step=39682048
SPS: 4010
Epoch: 2424, global_step=39698432
SPS: 4010
Epoch: 2425, global_step=39714816
SPS: 4010
Epoch: 2426, global_step=39731200
Evaluating
Evaluated 1024 steps resulting in 16 episodes
eval_success_once_mean=0.8125
eval_return_mean=45.681793212890625
eval_episode_len_mean=64.0
eval_reward_mean=0.713778018951416
eval_success_at_end_mean=0.8125
model saved to runs/gandalf-so101graspcube-43/ckpt_2426.pt
SPS: 4004
Epoch: 2427, global_step=39747584
SPS: 4004
Epoch: 2428, global_step=39763968
SPS: 4004
Epoch: 2429, global_step=39780352
SPS: 4005
Epoch: 2430, global_step=39796736
SPS: 4005
Epoch: 2431, global_step=39813120
SPS: 4005
Epoch: 2432, global_step=39829504
SPS: 4006
Epoch: 2433, global_step=39845888
SPS: 4006
Epoch: 2434, global_step=39862272
SPS: 4006
Epoch: 2435, global_step=39878656
SPS: 4007
Epoch: 2436, global_step=39895040
SPS: 4007
Epoch: 2437, global_step=39911424
SPS: 4007
Epoch: 2438, global_step=39927808
SPS: 4007
Epoch: 2439, global_step=39944192
SPS: 4008
Epoch: 2440, global_step=39960576
SPS: 4008
Epoch: 2441, global_step=39976960
SPS: 4008
Epoch: 2442, global_step=39993344
SPS: 4009
Epoch: 2443, global_step=40009728
SPS: 4009
Epoch: 2444, global_step=40026112
SPS: 4009
Epoch: 2445, global_step=40042496
SPS: 4009
Epoch: 2446, global_step=40058880
SPS: 4010
Epoch: 2447, global_step=40075264
SPS: 4010
Epoch: 2448, global_step=40091648
SPS: 4010
Epoch: 2449, global_step=40108032
SPS: 4011
Epoch: 2450, global_step=40124416
SPS: 4011
Epoch: 2451, global_step=40140800
Evaluating
Evaluated 1024 steps resulting in 16 episodes
eval_success_once_mean=0.9375
eval_return_mean=49.25245666503906
eval_episode_len_mean=64.0
eval_reward_mean=0.7695696353912354
eval_success_at_end_mean=0.875
model saved to runs/gandalf-so101graspcube-43/ckpt_2451.pt
SPS: 4005
Epoch: 2452, global_step=40157184
SPS: 4005
Epoch: 2453, global_step=40173568
SPS: 4005
Epoch: 2454, global_step=40189952
SPS: 4006
Epoch: 2455, global_step=40206336
SPS: 4006
Epoch: 2456, global_step=40222720
SPS: 4006
Epoch: 2457, global_step=40239104
SPS: 4006
Epoch: 2458, global_step=40255488
SPS: 4007
Epoch: 2459, global_step=40271872
SPS: 4007
Epoch: 2460, global_step=40288256
SPS: 4007
Epoch: 2461, global_step=40304640
SPS: 4007
Epoch: 2462, global_step=40321024
SPS: 4007
Epoch: 2463, global_step=40337408
SPS: 4008
Epoch: 2464, global_step=40353792
SPS: 4008
Epoch: 2465, global_step=40370176
SPS: 4008
Epoch: 2466, global_step=40386560
SPS: 4009
Epoch: 2467, global_step=40402944
SPS: 4009
Epoch: 2468, global_step=40419328
SPS: 4009
Epoch: 2469, global_step=40435712
SPS: 4009
Epoch: 2470, global_step=40452096
SPS: 4010
Epoch: 2471, global_step=40468480
SPS: 4010
Epoch: 2472, global_step=40484864
SPS: 4010
Epoch: 2473, global_step=40501248
SPS: 4011
Epoch: 2474, global_step=40517632
SPS: 4011
Epoch: 2475, global_step=40534016
SPS: 4011
Epoch: 2476, global_step=40550400
Evaluating
Evaluated 1024 steps resulting in 16 episodes
eval_success_once_mean=1.0
eval_return_mean=51.37851333618164
eval_episode_len_mean=64.0
eval_reward_mean=0.8027892708778381
eval_success_at_end_mean=0.875
model saved to runs/gandalf-so101graspcube-43/ckpt_2476.pt
SPS: 4005
Epoch: 2477, global_step=40566784
SPS: 4005
Epoch: 2478, global_step=40583168
SPS: 4006
Epoch: 2479, global_step=40599552
SPS: 4006
Epoch: 2480, global_step=40615936
SPS: 4006
Epoch: 2481, global_step=40632320
SPS: 4007
Epoch: 2482, global_step=40648704
SPS: 4007
Epoch: 2483, global_step=40665088
SPS: 4008
Epoch: 2484, global_step=40681472
SPS: 4008
Epoch: 2485, global_step=40697856
SPS: 4008
Epoch: 2486, global_step=40714240
SPS: 4008
Epoch: 2487, global_step=40730624
SPS: 4008
Epoch: 2488, global_step=40747008
SPS: 4008
Epoch: 2489, global_step=40763392
SPS: 4009
Epoch: 2490, global_step=40779776
SPS: 4009
Epoch: 2491, global_step=40796160
SPS: 4009
Epoch: 2492, global_step=40812544
SPS: 4009
Epoch: 2493, global_step=40828928
SPS: 4009
Epoch: 2494, global_step=40845312
SPS: 4010
Epoch: 2495, global_step=40861696
SPS: 4010
Epoch: 2496, global_step=40878080
SPS: 4010
Epoch: 2497, global_step=40894464
SPS: 4011
Epoch: 2498, global_step=40910848
SPS: 4011
Epoch: 2499, global_step=40927232
SPS: 4011
Epoch: 2500, global_step=40943616
SPS: 4012
Epoch: 2501, global_step=40960000
Evaluating
Evaluated 1024 steps resulting in 16 episodes
eval_success_once_mean=1.0
eval_return_mean=53.29069519042969
eval_episode_len_mean=64.0
eval_reward_mean=0.8326671123504639
eval_success_at_end_mean=1.0
model saved to runs/gandalf-so101graspcube-43/ckpt_2501.pt
SPS: 4006
Epoch: 2502, global_step=40976384
SPS: 4006
Epoch: 2503, global_step=40992768
SPS: 4006
Epoch: 2504, global_step=41009152
SPS: 4006
Epoch: 2505, global_step=41025536
SPS: 4007
Epoch: 2506, global_step=41041920
SPS: 4007
Epoch: 2507, global_step=41058304
SPS: 4007
Epoch: 2508, global_step=41074688
SPS: 4008
Epoch: 2509, global_step=41091072
SPS: 4008
Epoch: 2510, global_step=41107456
SPS: 4008
Epoch: 2511, global_step=41123840
SPS: 4009
Epoch: 2512, global_step=41140224
SPS: 4008
Epoch: 2513, global_step=41156608
SPS: 4009
Epoch: 2514, global_step=41172992
SPS: 4009
Epoch: 2515, global_step=41189376
SPS: 4009
Epoch: 2516, global_step=41205760
SPS: 4009
Epoch: 2517, global_step=41222144
SPS: 4009
Epoch: 2518, global_step=41238528
SPS: 4009
Epoch: 2519, global_step=41254912
SPS: 4010
Epoch: 2520, global_step=41271296
SPS: 4010
Epoch: 2521, global_step=41287680
SPS: 4010
Epoch: 2522, global_step=41304064
SPS: 4011
Epoch: 2523, global_step=41320448
SPS: 4011
Epoch: 2524, global_step=41336832
SPS: 4011
Epoch: 2525, global_step=41353216
SPS: 4011
Epoch: 2526, global_step=41369600
Evaluating
Evaluated 1024 steps resulting in 16 episodes
eval_success_once_mean=0.875
eval_return_mean=49.70974349975586
eval_episode_len_mean=64.0
eval_reward_mean=0.7767147421836853
eval_success_at_end_mean=0.875
model saved to runs/gandalf-so101graspcube-43/ckpt_2526.pt
SPS: 4005
Epoch: 2527, global_step=41385984
SPS: 4006
Epoch: 2528, global_step=41402368
SPS: 4006
Epoch: 2529, global_step=41418752
SPS: 4006
Epoch: 2530, global_step=41435136
SPS: 4007
Epoch: 2531, global_step=41451520
SPS: 4007
Epoch: 2532, global_step=41467904
SPS: 4007
Epoch: 2533, global_step=41484288
SPS: 4008
Epoch: 2534, global_step=41500672
SPS: 4008
Epoch: 2535, global_step=41517056
SPS: 4008
Epoch: 2536, global_step=41533440
SPS: 4008
Epoch: 2537, global_step=41549824
SPS: 4008
Epoch: 2538, global_step=41566208
SPS: 4009
Epoch: 2539, global_step=41582592
SPS: 4009
Epoch: 2540, global_step=41598976
SPS: 4009
Epoch: 2541, global_step=41615360
SPS: 4010
Epoch: 2542, global_step=41631744
SPS: 4010
Epoch: 2543, global_step=41648128
SPS: 4010
Epoch: 2544, global_step=41664512
SPS: 4011
Epoch: 2545, global_step=41680896
SPS: 4011
Epoch: 2546, global_step=41697280
SPS: 4011
Epoch: 2547, global_step=41713664
SPS: 4012
Epoch: 2548, global_step=41730048
SPS: 4012
Epoch: 2549, global_step=41746432
SPS: 4012
Epoch: 2550, global_step=41762816
SPS: 4013
Epoch: 2551, global_step=41779200
Evaluating
Evaluated 1024 steps resulting in 16 episodes
eval_success_once_mean=0.9375
eval_return_mean=50.87223815917969
eval_episode_len_mean=64.0
eval_reward_mean=0.7948787212371826
eval_success_at_end_mean=0.9375
model saved to runs/gandalf-so101graspcube-43/ckpt_2551.pt
SPS: 4006
Epoch: 2552, global_step=41795584
SPS: 4006
Epoch: 2553, global_step=41811968
SPS: 4007
Epoch: 2554, global_step=41828352
SPS: 4007
Epoch: 2555, global_step=41844736
SPS: 4008
Epoch: 2556, global_step=41861120
SPS: 4008
Epoch: 2557, global_step=41877504
SPS: 4008
Epoch: 2558, global_step=41893888
SPS: 4008
Epoch: 2559, global_step=41910272
SPS: 4009
Epoch: 2560, global_step=41926656
SPS: 4009
Epoch: 2561, global_step=41943040
SPS: 4009
Epoch: 2562, global_step=41959424
SPS: 4010
Epoch: 2563, global_step=41975808
SPS: 4010
Epoch: 2564, global_step=41992192
SPS: 4010
Epoch: 2565, global_step=42008576
SPS: 4011
Epoch: 2566, global_step=42024960
SPS: 4011
Epoch: 2567, global_step=42041344
SPS: 4011
Epoch: 2568, global_step=42057728
SPS: 4011
Epoch: 2569, global_step=42074112
SPS: 4012
Epoch: 2570, global_step=42090496
SPS: 4012
Epoch: 2571, global_step=42106880
SPS: 4012
Epoch: 2572, global_step=42123264
SPS: 4012
Epoch: 2573, global_step=42139648
SPS: 4012
Epoch: 2574, global_step=42156032
SPS: 4012
Epoch: 2575, global_step=42172416
SPS: 4013
Epoch: 2576, global_step=42188800
Evaluating
Evaluated 1024 steps resulting in 16 episodes
eval_success_once_mean=0.9375
eval_return_mean=47.87232208251953
eval_episode_len_mean=64.0
eval_reward_mean=0.7480050325393677
eval_success_at_end_mean=0.9375
model saved to runs/gandalf-so101graspcube-43/ckpt_2576.pt
SPS: 4007
Epoch: 2577, global_step=42205184
SPS: 4007
Epoch: 2578, global_step=42221568
SPS: 4007
Epoch: 2579, global_step=42237952
SPS: 4008
Epoch: 2580, global_step=42254336
SPS: 4008
Epoch: 2581, global_step=42270720
SPS: 4008
Epoch: 2582, global_step=42287104
SPS: 4009
Epoch: 2583, global_step=42303488
SPS: 4009
Epoch: 2584, global_step=42319872
SPS: 4009
Epoch: 2585, global_step=42336256
SPS: 4009
Epoch: 2586, global_step=42352640
SPS: 4010
Epoch: 2587, global_step=42369024
SPS: 4010
Epoch: 2588, global_step=42385408
SPS: 4010
Epoch: 2589, global_step=42401792
SPS: 4011
Epoch: 2590, global_step=42418176
SPS: 4011
Epoch: 2591, global_step=42434560
SPS: 4011
Epoch: 2592, global_step=42450944
SPS: 4011
Epoch: 2593, global_step=42467328
SPS: 4011
Epoch: 2594, global_step=42483712
SPS: 4012
Epoch: 2595, global_step=42500096
SPS: 4012
Epoch: 2596, global_step=42516480
SPS: 4012
Epoch: 2597, global_step=42532864
SPS: 4012
Epoch: 2598, global_step=42549248
SPS: 4013
Epoch: 2599, global_step=42565632
SPS: 4013
Epoch: 2600, global_step=42582016
SPS: 4013
Epoch: 2601, global_step=42598400
Evaluating
Evaluated 1024 steps resulting in 16 episodes
eval_success_once_mean=0.875
eval_return_mean=47.09994888305664
eval_episode_len_mean=64.0
eval_reward_mean=0.73593670129776
eval_success_at_end_mean=0.8125
model saved to runs/gandalf-so101graspcube-43/ckpt_2601.pt
SPS: 4007
Epoch: 2602, global_step=42614784
SPS: 4008
Epoch: 2603, global_step=42631168
SPS: 4008
Epoch: 2604, global_step=42647552
SPS: 4008
Epoch: 2605, global_step=42663936
SPS: 4009
Epoch: 2606, global_step=42680320
SPS: 4009
Epoch: 2607, global_step=42696704
SPS: 4009
Epoch: 2608, global_step=42713088
SPS: 4009
Epoch: 2609, global_step=42729472
SPS: 4010
Epoch: 2610, global_step=42745856
SPS: 4010
Epoch: 2611, global_step=42762240
SPS: 4010
Epoch: 2612, global_step=42778624
SPS: 4011
Epoch: 2613, global_step=42795008
SPS: 4011
Epoch: 2614, global_step=42811392
SPS: 4011
Epoch: 2615, global_step=42827776
SPS: 4011
Epoch: 2616, global_step=42844160
SPS: 4011
Epoch: 2617, global_step=42860544
SPS: 4012
Epoch: 2618, global_step=42876928
SPS: 4012
Epoch: 2619, global_step=42893312
SPS: 4013
Epoch: 2620, global_step=42909696
SPS: 4013
Epoch: 2621, global_step=42926080
SPS: 4013
Epoch: 2622, global_step=42942464
SPS: 4013
Epoch: 2623, global_step=42958848
SPS: 4013
Epoch: 2624, global_step=42975232
SPS: 4013
Epoch: 2625, global_step=42991616
SPS: 4014
Epoch: 2626, global_step=43008000
Evaluating
Evaluated 1024 steps resulting in 16 episodes
eval_success_once_mean=0.9375
eval_return_mean=50.185707092285156
eval_episode_len_mean=64.0
eval_reward_mean=0.7841516733169556
eval_success_at_end_mean=0.9375
model saved to runs/gandalf-so101graspcube-43/ckpt_2626.pt
SPS: 4008
Epoch: 2627, global_step=43024384
SPS: 4008
Epoch: 2628, global_step=43040768
SPS: 4009
Epoch: 2629, global_step=43057152
SPS: 4009
Epoch: 2630, global_step=43073536
SPS: 4009
Epoch: 2631, global_step=43089920
SPS: 4010
Epoch: 2632, global_step=43106304
SPS: 4010
Epoch: 2633, global_step=43122688
SPS: 4010
Epoch: 2634, global_step=43139072
SPS: 4010
Epoch: 2635, global_step=43155456
SPS: 4011
Epoch: 2636, global_step=43171840
SPS: 4011
Epoch: 2637, global_step=43188224
SPS: 4011
Epoch: 2638, global_step=43204608
SPS: 4012
Epoch: 2639, global_step=43220992
SPS: 4012
Epoch: 2640, global_step=43237376
SPS: 4012
Epoch: 2641, global_step=43253760
SPS: 4012
Epoch: 2642, global_step=43270144
SPS: 4013
Epoch: 2643, global_step=43286528
SPS: 4013
Epoch: 2644, global_step=43302912
SPS: 4013
Epoch: 2645, global_step=43319296
SPS: 4014
Epoch: 2646, global_step=43335680
SPS: 4014
Epoch: 2647, global_step=43352064
SPS: 4014
Epoch: 2648, global_step=43368448
SPS: 4014
Epoch: 2649, global_step=43384832
SPS: 4015
Epoch: 2650, global_step=43401216
SPS: 4015
Epoch: 2651, global_step=43417600
Evaluating
Evaluated 1024 steps resulting in 16 episodes
eval_success_once_mean=1.0
eval_return_mean=52.29656982421875
eval_episode_len_mean=64.0
eval_reward_mean=0.817133903503418
eval_success_at_end_mean=0.9375
model saved to runs/gandalf-so101graspcube-43/ckpt_2651.pt
SPS: 4009
Epoch: 2652, global_step=43433984
SPS: 4009
Epoch: 2653, global_step=43450368
SPS: 4009
Epoch: 2654, global_step=43466752
SPS: 4009
Epoch: 2655, global_step=43483136
SPS: 4010
Epoch: 2656, global_step=43499520
SPS: 4010
Epoch: 2657, global_step=43515904
SPS: 4010
Epoch: 2658, global_step=43532288
SPS: 4011
Epoch: 2659, global_step=43548672
SPS: 4011
Epoch: 2660, global_step=43565056
SPS: 4011
Epoch: 2661, global_step=43581440
SPS: 4012
Epoch: 2662, global_step=43597824
SPS: 4012
Epoch: 2663, global_step=43614208
SPS: 4012
Epoch: 2664, global_step=43630592
SPS: 4013
Epoch: 2665, global_step=43646976
SPS: 4013
Epoch: 2666, global_step=43663360
SPS: 4013
Epoch: 2667, global_step=43679744
SPS: 4013
Epoch: 2668, global_step=43696128
SPS: 4014
Epoch: 2669, global_step=43712512
SPS: 4014
Epoch: 2670, global_step=43728896
SPS: 4014
Epoch: 2671, global_step=43745280
SPS: 4015
Epoch: 2672, global_step=43761664
SPS: 4015
Epoch: 2673, global_step=43778048
SPS: 4015
Epoch: 2674, global_step=43794432
SPS: 4016
Epoch: 2675, global_step=43810816
SPS: 4016
Epoch: 2676, global_step=43827200
Evaluating
Evaluated 1024 steps resulting in 16 episodes
eval_success_once_mean=0.9375
eval_return_mean=51.904850006103516
eval_episode_len_mean=64.0
eval_reward_mean=0.8110132813453674
eval_success_at_end_mean=0.9375
model saved to runs/gandalf-so101graspcube-43/ckpt_2676.pt
SPS: 4010
Epoch: 2677, global_step=43843584
SPS: 4010
Epoch: 2678, global_step=43859968
SPS: 4010
Epoch: 2679, global_step=43876352
SPS: 4010
Epoch: 2680, global_step=43892736
SPS: 4010
Epoch: 2681, global_step=43909120
SPS: 4011
Epoch: 2682, global_step=43925504
SPS: 4011
Epoch: 2683, global_step=43941888
SPS: 4011
Epoch: 2684, global_step=43958272
SPS: 4012
Epoch: 2685, global_step=43974656
SPS: 4012
Epoch: 2686, global_step=43991040
SPS: 4012
Epoch: 2687, global_step=44007424
SPS: 4013
Epoch: 2688, global_step=44023808
SPS: 4013
Epoch: 2689, global_step=44040192
SPS: 4013
Epoch: 2690, global_step=44056576
SPS: 4014
Epoch: 2691, global_step=44072960
SPS: 4014
Epoch: 2692, global_step=44089344
SPS: 4014
Epoch: 2693, global_step=44105728
SPS: 4014
Epoch: 2694, global_step=44122112
SPS: 4015
Epoch: 2695, global_step=44138496
SPS: 4015
Epoch: 2696, global_step=44154880
SPS: 4015
Epoch: 2697, global_step=44171264
SPS: 4016
Epoch: 2698, global_step=44187648
SPS: 4016
Epoch: 2699, global_step=44204032
SPS: 4016
Epoch: 2700, global_step=44220416
SPS: 4016
Epoch: 2701, global_step=44236800
Evaluating
Evaluated 1024 steps resulting in 16 episodes
eval_success_once_mean=0.75
eval_return_mean=46.43659591674805
eval_episode_len_mean=64.0
eval_reward_mean=0.7255718111991882
eval_success_at_end_mean=0.75
model saved to runs/gandalf-so101graspcube-43/ckpt_2701.pt
SPS: 4011
Epoch: 2702, global_step=44253184
SPS: 4011
Epoch: 2703, global_step=44269568
SPS: 4011
Epoch: 2704, global_step=44285952
SPS: 4011
Epoch: 2705, global_step=44302336
SPS: 4012
Epoch: 2706, global_step=44318720
SPS: 4012
Epoch: 2707, global_step=44335104
SPS: 4012
Epoch: 2708, global_step=44351488
SPS: 4013
Epoch: 2709, global_step=44367872
SPS: 4013
Epoch: 2710, global_step=44384256
SPS: 4013
Epoch: 2711, global_step=44400640
SPS: 4013
Epoch: 2712, global_step=44417024
SPS: 4014
Epoch: 2713, global_step=44433408
SPS: 4014
Epoch: 2714, global_step=44449792
SPS: 4014
Epoch: 2715, global_step=44466176
SPS: 4014
Epoch: 2716, global_step=44482560
SPS: 4014
Epoch: 2717, global_step=44498944
SPS: 4015
Epoch: 2718, global_step=44515328
SPS: 4015
Epoch: 2719, global_step=44531712
SPS: 4015
Epoch: 2720, global_step=44548096
SPS: 4016
Epoch: 2721, global_step=44564480
SPS: 4016
Epoch: 2722, global_step=44580864
SPS: 4016
Epoch: 2723, global_step=44597248
SPS: 4017
Epoch: 2724, global_step=44613632
SPS: 4017
Epoch: 2725, global_step=44630016
SPS: 4017
Epoch: 2726, global_step=44646400
Evaluating
Evaluated 1024 steps resulting in 16 episodes
eval_success_once_mean=0.875
eval_return_mean=48.35066223144531
eval_episode_len_mean=64.0
eval_reward_mean=0.755479097366333
eval_success_at_end_mean=0.875
model saved to runs/gandalf-so101graspcube-43/ckpt_2726.pt
SPS: 4012
Epoch: 2727, global_step=44662784
SPS: 4012
Epoch: 2728, global_step=44679168
SPS: 4012
Epoch: 2729, global_step=44695552
SPS: 4013
Epoch: 2730, global_step=44711936
SPS: 4013
Epoch: 2731, global_step=44728320
SPS: 4014
Epoch: 2732, global_step=44744704
SPS: 4014
Epoch: 2733, global_step=44761088
SPS: 4014
Epoch: 2734, global_step=44777472
SPS: 4014
Epoch: 2735, global_step=44793856
SPS: 4015
Epoch: 2736, global_step=44810240
SPS: 4015
Epoch: 2737, global_step=44826624
SPS: 4015
Epoch: 2738, global_step=44843008
SPS: 4016
Epoch: 2739, global_step=44859392
SPS: 4016
Epoch: 2740, global_step=44875776
SPS: 4016
Epoch: 2741, global_step=44892160
SPS: 4016
Epoch: 2742, global_step=44908544
SPS: 4017
Epoch: 2743, global_step=44924928
SPS: 4017
Epoch: 2744, global_step=44941312
SPS: 4017
Epoch: 2745, global_step=44957696
SPS: 4018
Epoch: 2746, global_step=44974080
SPS: 4018
Epoch: 2747, global_step=44990464
SPS: 4018
Epoch: 2748, global_step=45006848
SPS: 4019
Epoch: 2749, global_step=45023232
SPS: 4019
Epoch: 2750, global_step=45039616
SPS: 4019
Epoch: 2751, global_step=45056000
Evaluating
Evaluated 1024 steps resulting in 16 episodes
eval_success_once_mean=0.6875
eval_return_mean=39.86083221435547
eval_episode_len_mean=64.0
eval_reward_mean=0.6228255033493042
eval_success_at_end_mean=0.6875
model saved to runs/gandalf-so101graspcube-43/ckpt_2751.pt
SPS: 4014
Epoch: 2752, global_step=45072384
SPS: 4014
Epoch: 2753, global_step=45088768
SPS: 4014
Epoch: 2754, global_step=45105152
SPS: 4015
Epoch: 2755, global_step=45121536
SPS: 4015
Epoch: 2756, global_step=45137920
SPS: 4015
Epoch: 2757, global_step=45154304
SPS: 4015
Epoch: 2758, global_step=45170688
SPS: 4015
Epoch: 2759, global_step=45187072
SPS: 4016
Epoch: 2760, global_step=45203456
SPS: 4016
Epoch: 2761, global_step=45219840
SPS: 4016
Epoch: 2762, global_step=45236224
SPS: 4017
Epoch: 2763, global_step=45252608
SPS: 4017
Epoch: 2764, global_step=45268992
SPS: 4017
Epoch: 2765, global_step=45285376
SPS: 4018
Epoch: 2766, global_step=45301760
SPS: 4018
Epoch: 2767, global_step=45318144
SPS: 4018
Epoch: 2768, global_step=45334528
SPS: 4018
Epoch: 2769, global_step=45350912
SPS: 4018
Epoch: 2770, global_step=45367296
SPS: 4019
Epoch: 2771, global_step=45383680
SPS: 4019
Epoch: 2772, global_step=45400064
SPS: 4019
Epoch: 2773, global_step=45416448
SPS: 4019
Epoch: 2774, global_step=45432832
SPS: 4020
Epoch: 2775, global_step=45449216
SPS: 4020
Epoch: 2776, global_step=45465600
Evaluating
Evaluated 1024 steps resulting in 16 episodes
eval_success_once_mean=1.0
eval_return_mean=51.49945068359375
eval_episode_len_mean=64.0
eval_reward_mean=0.8046789169311523
eval_success_at_end_mean=1.0
model saved to runs/gandalf-so101graspcube-43/ckpt_2776.pt
SPS: 4015
Epoch: 2777, global_step=45481984
SPS: 4015
Epoch: 2778, global_step=45498368
SPS: 4015
Epoch: 2779, global_step=45514752
SPS: 4016
Epoch: 2780, global_step=45531136
SPS: 4015
Epoch: 2781, global_step=45547520
SPS: 4016
Epoch: 2782, global_step=45563904
SPS: 4016
Epoch: 2783, global_step=45580288
SPS: 4016
Epoch: 2784, global_step=45596672
SPS: 4016
Epoch: 2785, global_step=45613056
SPS: 4017
Epoch: 2786, global_step=45629440
SPS: 4017
Epoch: 2787, global_step=45645824
SPS: 4017
Epoch: 2788, global_step=45662208
SPS: 4017
Epoch: 2789, global_step=45678592
SPS: 4017
Epoch: 2790, global_step=45694976
SPS: 4018
Epoch: 2791, global_step=45711360
SPS: 4018
Epoch: 2792, global_step=45727744
SPS: 4018
Epoch: 2793, global_step=45744128
SPS: 4018
Epoch: 2794, global_step=45760512
SPS: 4019
Epoch: 2795, global_step=45776896
SPS: 4019
Epoch: 2796, global_step=45793280
SPS: 4019
Epoch: 2797, global_step=45809664
SPS: 4019
Epoch: 2798, global_step=45826048
SPS: 4019
Epoch: 2799, global_step=45842432
SPS: 4019
Epoch: 2800, global_step=45858816
SPS: 4019
Epoch: 2801, global_step=45875200
Evaluating
Evaluated 1024 steps resulting in 16 episodes
eval_success_once_mean=0.875
eval_return_mean=48.233917236328125
eval_episode_len_mean=64.0
eval_reward_mean=0.753654956817627
eval_success_at_end_mean=0.875
model saved to runs/gandalf-so101graspcube-43/ckpt_2801.pt
SPS: 4014
Epoch: 2802, global_step=45891584
SPS: 4014
Epoch: 2803, global_step=45907968
SPS: 4014
Epoch: 2804, global_step=45924352
SPS: 4015
Epoch: 2805, global_step=45940736
SPS: 4015
Epoch: 2806, global_step=45957120
SPS: 4015
Epoch: 2807, global_step=45973504
SPS: 4015
Epoch: 2808, global_step=45989888
SPS: 4015
Epoch: 2809, global_step=46006272
SPS: 4015
Epoch: 2810, global_step=46022656
SPS: 4016
Epoch: 2811, global_step=46039040
SPS: 4016
Epoch: 2812, global_step=46055424
SPS: 4016
Epoch: 2813, global_step=46071808
SPS: 4016
Epoch: 2814, global_step=46088192
SPS: 4017
Epoch: 2815, global_step=46104576
SPS: 4017
Epoch: 2816, global_step=46120960
SPS: 4017
Epoch: 2817, global_step=46137344
SPS: 4018
Epoch: 2818, global_step=46153728
SPS: 4018
Epoch: 2819, global_step=46170112
SPS: 4018
Epoch: 2820, global_step=46186496
SPS: 4018
Epoch: 2821, global_step=46202880
SPS: 4019
Epoch: 2822, global_step=46219264
SPS: 4019
Epoch: 2823, global_step=46235648
SPS: 4019
Epoch: 2824, global_step=46252032
SPS: 4019
Epoch: 2825, global_step=46268416
SPS: 4019
Epoch: 2826, global_step=46284800
Evaluating
Evaluated 1024 steps resulting in 16 episodes
eval_success_once_mean=1.0
eval_return_mean=54.203250885009766
eval_episode_len_mean=64.0
eval_reward_mean=0.8469257950782776
eval_success_at_end_mean=1.0
model saved to runs/gandalf-so101graspcube-43/ckpt_2826.pt
SPS: 4014
Epoch: 2827, global_step=46301184
SPS: 4014
Epoch: 2828, global_step=46317568
SPS: 4014
Epoch: 2829, global_step=46333952
SPS: 4015
Epoch: 2830, global_step=46350336
SPS: 4015
Epoch: 2831, global_step=46366720
SPS: 4015
Epoch: 2832, global_step=46383104
SPS: 4016
Epoch: 2833, global_step=46399488
SPS: 4016
Epoch: 2834, global_step=46415872
SPS: 4016
Epoch: 2835, global_step=46432256
SPS: 4017
Epoch: 2836, global_step=46448640
SPS: 4017
Epoch: 2837, global_step=46465024
SPS: 4017
Epoch: 2838, global_step=46481408
SPS: 4018
Epoch: 2839, global_step=46497792
SPS: 4018
Epoch: 2840, global_step=46514176
SPS: 4018
Epoch: 2841, global_step=46530560
SPS: 4018
Epoch: 2842, global_step=46546944
SPS: 4019
Epoch: 2843, global_step=46563328
SPS: 4019
Epoch: 2844, global_step=46579712
SPS: 4019
Epoch: 2845, global_step=46596096
SPS: 4019
Epoch: 2846, global_step=46612480
SPS: 4020
Epoch: 2847, global_step=46628864
SPS: 4020
Epoch: 2848, global_step=46645248
SPS: 4020
Epoch: 2849, global_step=46661632
SPS: 4020
Epoch: 2850, global_step=46678016
SPS: 4021
Epoch: 2851, global_step=46694400
Evaluating
Evaluated 1024 steps resulting in 16 episodes
eval_success_once_mean=0.8125
eval_return_mean=47.34587860107422
eval_episode_len_mean=64.0
eval_reward_mean=0.7397793531417847
eval_success_at_end_mean=0.8125
model saved to runs/gandalf-so101graspcube-43/ckpt_2851.pt
SPS: 4016
Epoch: 2852, global_step=46710784
SPS: 4016
Epoch: 2853, global_step=46727168
SPS: 4016
Epoch: 2854, global_step=46743552
SPS: 4016
Epoch: 2855, global_step=46759936
SPS: 4017
Epoch: 2856, global_step=46776320
SPS: 4017
Epoch: 2857, global_step=46792704
SPS: 4017
Epoch: 2858, global_step=46809088
SPS: 4018
Epoch: 2859, global_step=46825472
SPS: 4018
Epoch: 2860, global_step=46841856
SPS: 4018
Epoch: 2861, global_step=46858240
SPS: 4018
Epoch: 2862, global_step=46874624
SPS: 4019
Epoch: 2863, global_step=46891008
SPS: 4019
Epoch: 2864, global_step=46907392
SPS: 4019
Epoch: 2865, global_step=46923776
SPS: 4020
Epoch: 2866, global_step=46940160
SPS: 4020
Epoch: 2867, global_step=46956544
SPS: 4020
Epoch: 2868, global_step=46972928
SPS: 4020
Epoch: 2869, global_step=46989312
SPS: 4021
Epoch: 2870, global_step=47005696
SPS: 4021
Epoch: 2871, global_step=47022080
SPS: 4021
Epoch: 2872, global_step=47038464
SPS: 4022
Epoch: 2873, global_step=47054848
SPS: 4022
Epoch: 2874, global_step=47071232
SPS: 4022
Epoch: 2875, global_step=47087616
SPS: 4022
Epoch: 2876, global_step=47104000
Evaluating
Evaluated 1024 steps resulting in 16 episodes
eval_success_once_mean=0.875
eval_return_mean=48.37212371826172
eval_episode_len_mean=64.0
eval_reward_mean=0.7558144330978394
eval_success_at_end_mean=0.875
model saved to runs/gandalf-so101graspcube-43/ckpt_2876.pt
SPS: 4017
Epoch: 2877, global_step=47120384
SPS: 4017
Epoch: 2878, global_step=47136768
SPS: 4017
Epoch: 2879, global_step=47153152
SPS: 4018
Epoch: 2880, global_step=47169536
SPS: 4018
Epoch: 2881, global_step=47185920
SPS: 4018
Epoch: 2882, global_step=47202304
SPS: 4019
Epoch: 2883, global_step=47218688
SPS: 4019
Epoch: 2884, global_step=47235072
SPS: 4019
Epoch: 2885, global_step=47251456
SPS: 4020
Epoch: 2886, global_step=47267840
SPS: 4020
Epoch: 2887, global_step=47284224
SPS: 4020
Epoch: 2888, global_step=47300608
SPS: 4020
Epoch: 2889, global_step=47316992
SPS: 4021
Epoch: 2890, global_step=47333376
SPS: 4021
Epoch: 2891, global_step=47349760
SPS: 4021
Epoch: 2892, global_step=47366144
SPS: 4021
Epoch: 2893, global_step=47382528
SPS: 4022
Epoch: 2894, global_step=47398912
SPS: 4022
Epoch: 2895, global_step=47415296
SPS: 4022
Epoch: 2896, global_step=47431680
SPS: 4022
Epoch: 2897, global_step=47448064
SPS: 4022
Epoch: 2898, global_step=47464448
SPS: 4022
Epoch: 2899, global_step=47480832
SPS: 4023
Epoch: 2900, global_step=47497216
SPS: 4023
Epoch: 2901, global_step=47513600
Evaluating
Evaluated 1024 steps resulting in 16 episodes
eval_success_once_mean=0.75
eval_return_mean=45.42711639404297
eval_episode_len_mean=64.0
eval_reward_mean=0.7097986936569214
eval_success_at_end_mean=0.75
model saved to runs/gandalf-so101graspcube-43/ckpt_2901.pt
SPS: 4018
Epoch: 2902, global_step=47529984
SPS: 4018
Epoch: 2903, global_step=47546368
SPS: 4018
Epoch: 2904, global_step=47562752
SPS: 4018
Epoch: 2905, global_step=47579136
SPS: 4019
Epoch: 2906, global_step=47595520
SPS: 4019
Epoch: 2907, global_step=47611904
SPS: 4019
Epoch: 2908, global_step=47628288
SPS: 4019
Epoch: 2909, global_step=47644672
SPS: 4019
Epoch: 2910, global_step=47661056
SPS: 4020
Epoch: 2911, global_step=47677440
SPS: 4020
Epoch: 2912, global_step=47693824
SPS: 4020
Epoch: 2913, global_step=47710208
SPS: 4020
Epoch: 2914, global_step=47726592
SPS: 4021
Epoch: 2915, global_step=47742976
SPS: 4021
Epoch: 2916, global_step=47759360
SPS: 4021
Epoch: 2917, global_step=47775744
SPS: 4021
Epoch: 2918, global_step=47792128
SPS: 4022
Epoch: 2919, global_step=47808512
SPS: 4022
Epoch: 2920, global_step=47824896
SPS: 4022
Epoch: 2921, global_step=47841280
SPS: 4023
Epoch: 2922, global_step=47857664
SPS: 4023
Epoch: 2923, global_step=47874048
SPS: 4023
Epoch: 2924, global_step=47890432
SPS: 4023
Epoch: 2925, global_step=47906816
SPS: 4024
Epoch: 2926, global_step=47923200
Evaluating
Evaluated 1024 steps resulting in 16 episodes
eval_success_once_mean=1.0
eval_return_mean=52.867149353027344
eval_episode_len_mean=64.0
eval_reward_mean=0.8260492086410522
eval_success_at_end_mean=1.0
model saved to runs/gandalf-so101graspcube-43/ckpt_2926.pt
SPS: 4019
Epoch: 2927, global_step=47939584
SPS: 4019
Epoch: 2928, global_step=47955968
SPS: 4019
Epoch: 2929, global_step=47972352
SPS: 4020
Epoch: 2930, global_step=47988736
SPS: 4020
Epoch: 2931, global_step=48005120
SPS: 4020
Epoch: 2932, global_step=48021504
SPS: 4020
Epoch: 2933, global_step=48037888
SPS: 4020
Epoch: 2934, global_step=48054272
SPS: 4021
Epoch: 2935, global_step=48070656
SPS: 4021
Epoch: 2936, global_step=48087040
SPS: 4021
Epoch: 2937, global_step=48103424
SPS: 4022
Epoch: 2938, global_step=48119808
SPS: 4022
Epoch: 2939, global_step=48136192
SPS: 4022
Epoch: 2940, global_step=48152576
SPS: 4022
Epoch: 2941, global_step=48168960
SPS: 4023
Epoch: 2942, global_step=48185344
SPS: 4023
Epoch: 2943, global_step=48201728
SPS: 4023
Epoch: 2944, global_step=48218112
SPS: 4023
Epoch: 2945, global_step=48234496
SPS: 4024
Epoch: 2946, global_step=48250880
SPS: 4024
Epoch: 2947, global_step=48267264
SPS: 4024
Epoch: 2948, global_step=48283648
SPS: 4025
Epoch: 2949, global_step=48300032
SPS: 4025
Epoch: 2950, global_step=48316416
SPS: 4025
Epoch: 2951, global_step=48332800
Evaluating
Evaluated 1024 steps resulting in 16 episodes
eval_success_once_mean=0.875
eval_return_mean=46.34904098510742
eval_episode_len_mean=64.0
eval_reward_mean=0.7242037653923035
eval_success_at_end_mean=0.8125
model saved to runs/gandalf-so101graspcube-43/ckpt_2951.pt
SPS: 4020
Epoch: 2952, global_step=48349184
SPS: 4021
Epoch: 2953, global_step=48365568
SPS: 4021
Epoch: 2954, global_step=48381952
SPS: 4021
Epoch: 2955, global_step=48398336
SPS: 4022
Epoch: 2956, global_step=48414720
SPS: 4022
Epoch: 2957, global_step=48431104
SPS: 4022
Epoch: 2958, global_step=48447488
SPS: 4022
Epoch: 2959, global_step=48463872
SPS: 4023
Epoch: 2960, global_step=48480256
SPS: 4023
Epoch: 2961, global_step=48496640
SPS: 4023
Epoch: 2962, global_step=48513024
SPS: 4023
Epoch: 2963, global_step=48529408
SPS: 4024
Epoch: 2964, global_step=48545792
SPS: 4024
Epoch: 2965, global_step=48562176
SPS: 4024
Epoch: 2966, global_step=48578560
SPS: 4025
Epoch: 2967, global_step=48594944
SPS: 4025
Epoch: 2968, global_step=48611328
SPS: 4025
Epoch: 2969, global_step=48627712
SPS: 4025
Epoch: 2970, global_step=48644096
SPS: 4025
Epoch: 2971, global_step=48660480
SPS: 4026
Epoch: 2972, global_step=48676864
SPS: 4026
Epoch: 2973, global_step=48693248
SPS: 4026
Epoch: 2974, global_step=48709632
SPS: 4027
Epoch: 2975, global_step=48726016
SPS: 4027
Epoch: 2976, global_step=48742400
Evaluating
Evaluated 1024 steps resulting in 16 episodes
eval_success_once_mean=1.0
eval_return_mean=52.28220748901367
eval_episode_len_mean=64.0
eval_reward_mean=0.8169094920158386
eval_success_at_end_mean=1.0
model saved to runs/gandalf-so101graspcube-43/ckpt_2976.pt
SPS: 4022
Epoch: 2977, global_step=48758784
SPS: 4023
Epoch: 2978, global_step=48775168
SPS: 4023
Epoch: 2979, global_step=48791552
SPS: 4023
Epoch: 2980, global_step=48807936
SPS: 4023
Epoch: 2981, global_step=48824320
SPS: 4024
Epoch: 2982, global_step=48840704
SPS: 4024
Epoch: 2983, global_step=48857088
SPS: 4024
Epoch: 2984, global_step=48873472
SPS: 4025
Epoch: 2985, global_step=48889856
SPS: 4025
Epoch: 2986, global_step=48906240
SPS: 4025
Epoch: 2987, global_step=48922624
SPS: 4026
Epoch: 2988, global_step=48939008
SPS: 4026
Epoch: 2989, global_step=48955392
SPS: 4026
Epoch: 2990, global_step=48971776
SPS: 4026
Epoch: 2991, global_step=48988160
SPS: 4027
Epoch: 2992, global_step=49004544
SPS: 4027
Epoch: 2993, global_step=49020928
SPS: 4027
Epoch: 2994, global_step=49037312
SPS: 4028
Epoch: 2995, global_step=49053696
SPS: 4028
Epoch: 2996, global_step=49070080
SPS: 4028
Epoch: 2997, global_step=49086464
SPS: 4029
Epoch: 2998, global_step=49102848
SPS: 4029
Epoch: 2999, global_step=49119232
SPS: 4029
Epoch: 3000, global_step=49135616
SPS: 4029
Epoch: 3001, global_step=49152000
Evaluating
Evaluated 1024 steps resulting in 16 episodes
eval_success_once_mean=0.875
eval_return_mean=51.2642822265625
eval_episode_len_mean=64.0
eval_reward_mean=0.8010044097900391
eval_success_at_end_mean=0.875
model saved to runs/gandalf-so101graspcube-43/ckpt_3001.pt
SPS: 4024
Epoch: 3002, global_step=49168384
SPS: 4025
Epoch: 3003, global_step=49184768
SPS: 4025
Epoch: 3004, global_step=49201152
SPS: 4025
Epoch: 3005, global_step=49217536
SPS: 4026
Epoch: 3006, global_step=49233920
SPS: 4026
Epoch: 3007, global_step=49250304
SPS: 4026
Epoch: 3008, global_step=49266688
SPS: 4026
Epoch: 3009, global_step=49283072
SPS: 4026
Epoch: 3010, global_step=49299456
SPS: 4027
Epoch: 3011, global_step=49315840
SPS: 4027
Epoch: 3012, global_step=49332224
SPS: 4027
Epoch: 3013, global_step=49348608
SPS: 4028
Epoch: 3014, global_step=49364992
SPS: 4028
Epoch: 3015, global_step=49381376
SPS: 4028
Epoch: 3016, global_step=49397760
SPS: 4029
Epoch: 3017, global_step=49414144
SPS: 4029
Epoch: 3018, global_step=49430528
SPS: 4029
Epoch: 3019, global_step=49446912
SPS: 4029
Epoch: 3020, global_step=49463296
SPS: 4030
Epoch: 3021, global_step=49479680
SPS: 4030
Epoch: 3022, global_step=49496064
SPS: 4030
Epoch: 3023, global_step=49512448
SPS: 4030
Epoch: 3024, global_step=49528832
SPS: 4031
Epoch: 3025, global_step=49545216
SPS: 4031
Epoch: 3026, global_step=49561600
Evaluating
Evaluated 1024 steps resulting in 16 episodes
eval_success_once_mean=1.0
eval_return_mean=53.034584045410156
eval_episode_len_mean=64.0
eval_reward_mean=0.8286653757095337
eval_success_at_end_mean=1.0
model saved to runs/gandalf-so101graspcube-43/ckpt_3026.pt
SPS: 4026
Epoch: 3027, global_step=49577984
SPS: 4026
Epoch: 3028, global_step=49594368
SPS: 4026
Epoch: 3029, global_step=49610752
SPS: 4027
Epoch: 3030, global_step=49627136
SPS: 4027
Epoch: 3031, global_step=49643520
SPS: 4027
Epoch: 3032, global_step=49659904
SPS: 4027
Epoch: 3033, global_step=49676288
SPS: 4027
Epoch: 3034, global_step=49692672
SPS: 4028
Epoch: 3035, global_step=49709056
SPS: 4028
Epoch: 3036, global_step=49725440
SPS: 4028
Epoch: 3037, global_step=49741824
SPS: 4028
Epoch: 3038, global_step=49758208
SPS: 4028
Epoch: 3039, global_step=49774592
SPS: 4029
Epoch: 3040, global_step=49790976
SPS: 4029
Epoch: 3041, global_step=49807360
SPS: 4029
Epoch: 3042, global_step=49823744
SPS: 4030
Epoch: 3043, global_step=49840128
SPS: 4030
Epoch: 3044, global_step=49856512
SPS: 4030
Epoch: 3045, global_step=49872896
SPS: 4030
Epoch: 3046, global_step=49889280
SPS: 4031
Epoch: 3047, global_step=49905664
SPS: 4031
Epoch: 3048, global_step=49922048
SPS: 4031
Epoch: 3049, global_step=49938432
SPS: 4032
Epoch: 3050, global_step=49954816
SPS: 4032
Epoch: 3051, global_step=49971200
Evaluating
Evaluated 1024 steps resulting in 16 episodes
eval_success_once_mean=0.8125
eval_return_mean=45.1357421875
eval_episode_len_mean=64.0
eval_reward_mean=0.7052459716796875
eval_success_at_end_mean=0.75
model saved to runs/gandalf-so101graspcube-43/ckpt_3051.pt
SPS: 4027
Epoch: 3052, global_step=49987584
SPS: 4027
Epoch: 3053, global_step=50003968
SPS: 4027
Epoch: 3054, global_step=50020352
SPS: 4027
Epoch: 3055, global_step=50036736
SPS: 4028
Epoch: 3056, global_step=50053120
SPS: 4028
Epoch: 3057, global_step=50069504
SPS: 4028
Epoch: 3058, global_step=50085888
SPS: 4028
Epoch: 3059, global_step=50102272
SPS: 4029
Epoch: 3060, global_step=50118656
SPS: 4029
Epoch: 3061, global_step=50135040
SPS: 4029
Epoch: 3062, global_step=50151424
SPS: 4030
Epoch: 3063, global_step=50167808
SPS: 4030
Epoch: 3064, global_step=50184192
SPS: 4030
Epoch: 3065, global_step=50200576
SPS: 4030
Epoch: 3066, global_step=50216960
SPS: 4031
Epoch: 3067, global_step=50233344
SPS: 4031
Epoch: 3068, global_step=50249728
SPS: 4031
Epoch: 3069, global_step=50266112
SPS: 4031
Epoch: 3070, global_step=50282496
SPS: 4032
Epoch: 3071, global_step=50298880
SPS: 4032
Epoch: 3072, global_step=50315264
SPS: 4032
Epoch: 3073, global_step=50331648
SPS: 4033
Epoch: 3074, global_step=50348032
SPS: 4033
Epoch: 3075, global_step=50364416
SPS: 4033
Epoch: 3076, global_step=50380800
Evaluating
Evaluated 1024 steps resulting in 16 episodes
eval_success_once_mean=0.9375
eval_return_mean=49.23870086669922
eval_episode_len_mean=64.0
eval_reward_mean=0.7693547010421753
eval_success_at_end_mean=0.875
model saved to runs/gandalf-so101graspcube-43/ckpt_3076.pt
SPS: 4028
Epoch: 3077, global_step=50397184
SPS: 4028
Epoch: 3078, global_step=50413568
SPS: 4028
Epoch: 3079, global_step=50429952
SPS: 4029
Epoch: 3080, global_step=50446336
SPS: 4029
Epoch: 3081, global_step=50462720
SPS: 4029
Epoch: 3082, global_step=50479104
SPS: 4030
Epoch: 3083, global_step=50495488
SPS: 4030
Epoch: 3084, global_step=50511872
SPS: 4030
Epoch: 3085, global_step=50528256
SPS: 4031
Epoch: 3086, global_step=50544640
SPS: 4031
Epoch: 3087, global_step=50561024
SPS: 4031
Epoch: 3088, global_step=50577408
SPS: 4031
Epoch: 3089, global_step=50593792
SPS: 4031
Epoch: 3090, global_step=50610176
SPS: 4032
Epoch: 3091, global_step=50626560
SPS: 4032
Epoch: 3092, global_step=50642944
SPS: 4032
Epoch: 3093, global_step=50659328
SPS: 4033
Epoch: 3094, global_step=50675712
SPS: 4033
Epoch: 3095, global_step=50692096
SPS: 4033
Epoch: 3096, global_step=50708480
SPS: 4033
Epoch: 3097, global_step=50724864
SPS: 4034
Epoch: 3098, global_step=50741248
SPS: 4034
Epoch: 3099, global_step=50757632
SPS: 4034
Epoch: 3100, global_step=50774016
SPS: 4034
Epoch: 3101, global_step=50790400
Evaluating
Evaluated 1024 steps resulting in 16 episodes
eval_success_once_mean=1.0
eval_return_mean=50.875648498535156
eval_episode_len_mean=64.0
eval_reward_mean=0.7949320077896118
eval_success_at_end_mean=1.0
model saved to runs/gandalf-so101graspcube-43/ckpt_3101.pt
SPS: 4029
Epoch: 3102, global_step=50806784
SPS: 4030
Epoch: 3103, global_step=50823168
SPS: 4030
Epoch: 3104, global_step=50839552
SPS: 4030
Epoch: 3105, global_step=50855936
SPS: 4030
Epoch: 3106, global_step=50872320
SPS: 4031
Epoch: 3107, global_step=50888704
SPS: 4031
Epoch: 3108, global_step=50905088
SPS: 4031
Epoch: 3109, global_step=50921472
SPS: 4032
Epoch: 3110, global_step=50937856
SPS: 4032
Epoch: 3111, global_step=50954240
SPS: 4032
Epoch: 3112, global_step=50970624
SPS: 4032
Epoch: 3113, global_step=50987008
SPS: 4033
Epoch: 3114, global_step=51003392
SPS: 4033
Epoch: 3115, global_step=51019776
SPS: 4033
Epoch: 3116, global_step=51036160
SPS: 4034
Epoch: 3117, global_step=51052544
SPS: 4034
Epoch: 3118, global_step=51068928
SPS: 4034
Epoch: 3119, global_step=51085312
SPS: 4034
Epoch: 3120, global_step=51101696
SPS: 4035
Epoch: 3121, global_step=51118080
SPS: 4035
Epoch: 3122, global_step=51134464
SPS: 4035
Epoch: 3123, global_step=51150848
SPS: 4035
Epoch: 3124, global_step=51167232
SPS: 4035
Epoch: 3125, global_step=51183616
SPS: 4036
Epoch: 3126, global_step=51200000
Evaluating
Evaluated 1024 steps resulting in 16 episodes
eval_success_once_mean=0.9375
eval_return_mean=50.80015563964844
eval_episode_len_mean=64.0
eval_reward_mean=0.7937524318695068
eval_success_at_end_mean=0.9375
model saved to runs/gandalf-so101graspcube-43/ckpt_3126.pt
SPS: 4031
Epoch: 3127, global_step=51216384
SPS: 4031
Epoch: 3128, global_step=51232768
SPS: 4031
Epoch: 3129, global_step=51249152
SPS: 4032
Epoch: 3130, global_step=51265536
SPS: 4032
Epoch: 3131, global_step=51281920
SPS: 4032
Epoch: 3132, global_step=51298304
SPS: 4033
Epoch: 3133, global_step=51314688
SPS: 4033
Epoch: 3134, global_step=51331072
SPS: 4033
Epoch: 3135, global_step=51347456
SPS: 4034
Epoch: 3136, global_step=51363840
SPS: 4034
Epoch: 3137, global_step=51380224
SPS: 4034
Epoch: 3138, global_step=51396608
SPS: 4035
Epoch: 3139, global_step=51412992
SPS: 4035
Epoch: 3140, global_step=51429376
SPS: 4035
Epoch: 3141, global_step=51445760
SPS: 4035
Epoch: 3142, global_step=51462144
SPS: 4036
Epoch: 3143, global_step=51478528
SPS: 4036
Epoch: 3144, global_step=51494912
SPS: 4036
Epoch: 3145, global_step=51511296
SPS: 4036
Epoch: 3146, global_step=51527680
SPS: 4036
Epoch: 3147, global_step=51544064
SPS: 4037
Epoch: 3148, global_step=51560448
SPS: 4037
Epoch: 3149, global_step=51576832
SPS: 4037
Epoch: 3150, global_step=51593216
SPS: 4037
Epoch: 3151, global_step=51609600
Evaluating
Evaluated 1024 steps resulting in 16 episodes
eval_success_once_mean=1.0
eval_return_mean=51.095375061035156
eval_episode_len_mean=64.0
eval_reward_mean=0.7983652353286743
eval_success_at_end_mean=1.0
model saved to runs/gandalf-so101graspcube-43/ckpt_3151.pt
SPS: 4033
Epoch: 3152, global_step=51625984
SPS: 4032
Epoch: 3153, global_step=51642368
SPS: 4033
Epoch: 3154, global_step=51658752
SPS: 4033
Epoch: 3155, global_step=51675136
SPS: 4033
Epoch: 3156, global_step=51691520
SPS: 4034
Epoch: 3157, global_step=51707904
SPS: 4034
Epoch: 3158, global_step=51724288
SPS: 4034
Epoch: 3159, global_step=51740672
SPS: 4035
Epoch: 3160, global_step=51757056
SPS: 4035
Epoch: 3161, global_step=51773440
SPS: 4035
Epoch: 3162, global_step=51789824
SPS: 4035
Epoch: 3163, global_step=51806208
SPS: 4035
Epoch: 3164, global_step=51822592
SPS: 4036
Epoch: 3165, global_step=51838976
SPS: 4036
Epoch: 3166, global_step=51855360
SPS: 4036
Epoch: 3167, global_step=51871744
SPS: 4036
Epoch: 3168, global_step=51888128
SPS: 4036
Epoch: 3169, global_step=51904512
SPS: 4037
Epoch: 3170, global_step=51920896
SPS: 4037
Epoch: 3171, global_step=51937280
SPS: 4037
Epoch: 3172, global_step=51953664
SPS: 4037
Epoch: 3173, global_step=51970048
SPS: 4038
Epoch: 3174, global_step=51986432
SPS: 4038
Epoch: 3175, global_step=52002816
SPS: 4038
Epoch: 3176, global_step=52019200
Evaluating
Evaluated 1024 steps resulting in 16 episodes
eval_success_once_mean=0.9375
eval_return_mean=49.74850082397461
eval_episode_len_mean=64.0
eval_reward_mean=0.7773203253746033
eval_success_at_end_mean=0.9375
model saved to runs/gandalf-so101graspcube-43/ckpt_3176.pt
SPS: 4033
Epoch: 3177, global_step=52035584
SPS: 4033
Epoch: 3178, global_step=52051968
SPS: 4034
Epoch: 3179, global_step=52068352
SPS: 4034
Epoch: 3180, global_step=52084736
SPS: 4034
Epoch: 3181, global_step=52101120
SPS: 4034
Epoch: 3182, global_step=52117504
SPS: 4035
Epoch: 3183, global_step=52133888
SPS: 4035
Epoch: 3184, global_step=52150272
SPS: 4035
Epoch: 3185, global_step=52166656
SPS: 4036
Epoch: 3186, global_step=52183040
SPS: 4036
Epoch: 3187, global_step=52199424
SPS: 4036
Epoch: 3188, global_step=52215808
SPS: 4036
Epoch: 3189, global_step=52232192
SPS: 4036
Epoch: 3190, global_step=52248576
SPS: 4037
Epoch: 3191, global_step=52264960
SPS: 4037
Epoch: 3192, global_step=52281344
SPS: 4037
Epoch: 3193, global_step=52297728
SPS: 4037
Epoch: 3194, global_step=52314112
SPS: 4037
Epoch: 3195, global_step=52330496
SPS: 4037
Epoch: 3196, global_step=52346880
SPS: 4038
Epoch: 3197, global_step=52363264
SPS: 4038
Epoch: 3198, global_step=52379648
SPS: 4038
Epoch: 3199, global_step=52396032
SPS: 4038
Epoch: 3200, global_step=52412416
SPS: 4038
Epoch: 3201, global_step=52428800
Evaluating
Evaluated 1024 steps resulting in 16 episodes
eval_success_once_mean=0.9375
eval_return_mean=48.82583236694336
eval_episode_len_mean=64.0
eval_reward_mean=0.76290363073349
eval_success_at_end_mean=0.9375
model saved to runs/gandalf-so101graspcube-43/ckpt_3201.pt
SPS: 4034
Epoch: 3202, global_step=52445184
SPS: 4034
Epoch: 3203, global_step=52461568
SPS: 4035
Epoch: 3204, global_step=52477952
SPS: 4035
Epoch: 3205, global_step=52494336
SPS: 4035
Epoch: 3206, global_step=52510720
SPS: 4035
Epoch: 3207, global_step=52527104
SPS: 4036
Epoch: 3208, global_step=52543488
SPS: 4036
Epoch: 3209, global_step=52559872
SPS: 4036
Epoch: 3210, global_step=52576256
SPS: 4037
Epoch: 3211, global_step=52592640
SPS: 4037
Epoch: 3212, global_step=52609024
SPS: 4037
Epoch: 3213, global_step=52625408
SPS: 4037
Epoch: 3214, global_step=52641792
SPS: 4038
Epoch: 3215, global_step=52658176
SPS: 4038
Epoch: 3216, global_step=52674560
SPS: 4038
Epoch: 3217, global_step=52690944
SPS: 4038
Epoch: 3218, global_step=52707328
SPS: 4039
Epoch: 3219, global_step=52723712
SPS: 4039
Epoch: 3220, global_step=52740096
SPS: 4039
Epoch: 3221, global_step=52756480
SPS: 4040
Epoch: 3222, global_step=52772864
SPS: 4040
Epoch: 3223, global_step=52789248
SPS: 4040
Epoch: 3224, global_step=52805632
SPS: 4040
Epoch: 3225, global_step=52822016
SPS: 4041
Epoch: 3226, global_step=52838400
Evaluating
Evaluated 1024 steps resulting in 16 episodes
eval_success_once_mean=0.9375
eval_return_mean=52.56385040283203
eval_episode_len_mean=64.0
eval_reward_mean=0.8213101625442505
eval_success_at_end_mean=0.9375
model saved to runs/gandalf-so101graspcube-43/ckpt_3226.pt
SPS: 4036
Epoch: 3227, global_step=52854784
SPS: 4036
Epoch: 3228, global_step=52871168
SPS: 4036
Epoch: 3229, global_step=52887552
SPS: 4037
Epoch: 3230, global_step=52903936
SPS: 4037
Epoch: 3231, global_step=52920320
SPS: 4037
Epoch: 3232, global_step=52936704
SPS: 4038
Epoch: 3233, global_step=52953088
SPS: 4038
Epoch: 3234, global_step=52969472
SPS: 4038
Epoch: 3235, global_step=52985856
SPS: 4038
Epoch: 3236, global_step=53002240
SPS: 4039
Epoch: 3237, global_step=53018624
SPS: 4039
Epoch: 3238, global_step=53035008
SPS: 4039
Epoch: 3239, global_step=53051392
SPS: 4039
Epoch: 3240, global_step=53067776
SPS: 4039
Epoch: 3241, global_step=53084160
SPS: 4040
Epoch: 3242, global_step=53100544
SPS: 4040
Epoch: 3243, global_step=53116928
SPS: 4040
Epoch: 3244, global_step=53133312
SPS: 4040
Epoch: 3245, global_step=53149696
SPS: 4041
Epoch: 3246, global_step=53166080
SPS: 4041
Epoch: 3247, global_step=53182464
SPS: 4041
Epoch: 3248, global_step=53198848
SPS: 4041
Epoch: 3249, global_step=53215232
SPS: 4042
Epoch: 3250, global_step=53231616
SPS: 4042
Epoch: 3251, global_step=53248000
Evaluating
Evaluated 1024 steps resulting in 16 episodes
eval_success_once_mean=0.875
eval_return_mean=48.14780807495117
eval_episode_len_mean=64.0
eval_reward_mean=0.7523095011711121
eval_success_at_end_mean=0.875
model saved to runs/gandalf-so101graspcube-43/ckpt_3251.pt
SPS: 4037
Epoch: 3252, global_step=53264384
SPS: 4038
Epoch: 3253, global_step=53280768
SPS: 4038
Epoch: 3254, global_step=53297152
SPS: 4038
Epoch: 3255, global_step=53313536
SPS: 4039
Epoch: 3256, global_step=53329920
SPS: 4039
Epoch: 3257, global_step=53346304
SPS: 4039
Epoch: 3258, global_step=53362688
SPS: 4039
Epoch: 3259, global_step=53379072
SPS: 4040
Epoch: 3260, global_step=53395456
SPS: 4040
Epoch: 3261, global_step=53411840
SPS: 4040
Epoch: 3262, global_step=53428224
SPS: 4041
Epoch: 3263, global_step=53444608
SPS: 4041
Epoch: 3264, global_step=53460992
SPS: 4041
Epoch: 3265, global_step=53477376
SPS: 4041
Epoch: 3266, global_step=53493760
SPS: 4042
Epoch: 3267, global_step=53510144
SPS: 4042
Epoch: 3268, global_step=53526528
SPS: 4042
Epoch: 3269, global_step=53542912
SPS: 4043
Epoch: 3270, global_step=53559296
SPS: 4043
Epoch: 3271, global_step=53575680
SPS: 4043
Epoch: 3272, global_step=53592064
SPS: 4044
Epoch: 3273, global_step=53608448
SPS: 4044
Epoch: 3274, global_step=53624832
SPS: 4044
Epoch: 3275, global_step=53641216
SPS: 4044
Epoch: 3276, global_step=53657600
Evaluating
Evaluated 1024 steps resulting in 16 episodes
eval_success_once_mean=0.875
eval_return_mean=45.77509689331055
eval_episode_len_mean=64.0
eval_reward_mean=0.7152358889579773
eval_success_at_end_mean=0.875
model saved to runs/gandalf-so101graspcube-43/ckpt_3276.pt
SPS: 4040
Epoch: 3277, global_step=53673984
SPS: 4040
Epoch: 3278, global_step=53690368
SPS: 4040
Epoch: 3279, global_step=53706752
SPS: 4041
Epoch: 3280, global_step=53723136
SPS: 4041
Epoch: 3281, global_step=53739520
SPS: 4041
Epoch: 3282, global_step=53755904
SPS: 4041
Epoch: 3283, global_step=53772288
SPS: 4041
Epoch: 3284, global_step=53788672
SPS: 4042
Epoch: 3285, global_step=53805056
SPS: 4042
Epoch: 3286, global_step=53821440
SPS: 4042
Epoch: 3287, global_step=53837824
SPS: 4042
Epoch: 3288, global_step=53854208
SPS: 4042
Epoch: 3289, global_step=53870592
SPS: 4043
Epoch: 3290, global_step=53886976
SPS: 4043
Epoch: 3291, global_step=53903360
SPS: 4043
Epoch: 3292, global_step=53919744
SPS: 4043
Epoch: 3293, global_step=53936128
SPS: 4044
Epoch: 3294, global_step=53952512
SPS: 4044
Epoch: 3295, global_step=53968896
SPS: 4044
Epoch: 3296, global_step=53985280
SPS: 4045
Epoch: 3297, global_step=54001664
SPS: 4045
Epoch: 3298, global_step=54018048
SPS: 4045
Epoch: 3299, global_step=54034432
SPS: 4046
Epoch: 3300, global_step=54050816
SPS: 4046
Epoch: 3301, global_step=54067200
Evaluating
Evaluated 1024 steps resulting in 16 episodes
eval_success_once_mean=1.0
eval_return_mean=51.92272186279297
eval_episode_len_mean=64.0
eval_reward_mean=0.8112925291061401
eval_success_at_end_mean=1.0
model saved to runs/gandalf-so101graspcube-43/ckpt_3301.pt
SPS: 4041
Epoch: 3302, global_step=54083584
SPS: 4041
Epoch: 3303, global_step=54099968
SPS: 4042
Epoch: 3304, global_step=54116352
SPS: 4042
Epoch: 3305, global_step=54132736
SPS: 4042
Epoch: 3306, global_step=54149120
SPS: 4043
Epoch: 3307, global_step=54165504
SPS: 4043
Epoch: 3308, global_step=54181888
SPS: 4043
Epoch: 3309, global_step=54198272
SPS: 4044
Epoch: 3310, global_step=54214656
SPS: 4044
Epoch: 3311, global_step=54231040
SPS: 4044
Epoch: 3312, global_step=54247424
SPS: 4044
Epoch: 3313, global_step=54263808
SPS: 4045
Epoch: 3314, global_step=54280192
SPS: 4045
Epoch: 3315, global_step=54296576
SPS: 4045
Epoch: 3316, global_step=54312960
SPS: 4046
Epoch: 3317, global_step=54329344
SPS: 4046
Epoch: 3318, global_step=54345728
SPS: 4046
Epoch: 3319, global_step=54362112
SPS: 4046
Epoch: 3320, global_step=54378496
SPS: 4047
Epoch: 3321, global_step=54394880
SPS: 4047
Epoch: 3322, global_step=54411264
SPS: 4047
Epoch: 3323, global_step=54427648
SPS: 4047
Epoch: 3324, global_step=54444032
SPS: 4048
Epoch: 3325, global_step=54460416
SPS: 4048
Epoch: 3326, global_step=54476800
Evaluating
Evaluated 1024 steps resulting in 16 episodes
eval_success_once_mean=0.6875
eval_return_mean=39.918182373046875
eval_episode_len_mean=64.0
eval_reward_mean=0.6237215995788574
eval_success_at_end_mean=0.6875
model saved to runs/gandalf-so101graspcube-43/ckpt_3326.pt
SPS: 4043
Epoch: 3327, global_step=54493184
SPS: 4044
Epoch: 3328, global_step=54509568
SPS: 4044
Epoch: 3329, global_step=54525952
SPS: 4044
Epoch: 3330, global_step=54542336
SPS: 4045
Epoch: 3331, global_step=54558720
SPS: 4045
Epoch: 3332, global_step=54575104
SPS: 4045
Epoch: 3333, global_step=54591488
SPS: 4045
Epoch: 3334, global_step=54607872
SPS: 4046
Epoch: 3335, global_step=54624256
SPS: 4046
Epoch: 3336, global_step=54640640
SPS: 4046
Epoch: 3337, global_step=54657024
SPS: 4046
Epoch: 3338, global_step=54673408
SPS: 4047
Epoch: 3339, global_step=54689792
SPS: 4047
Epoch: 3340, global_step=54706176
SPS: 4047
Epoch: 3341, global_step=54722560
SPS: 4047
Epoch: 3342, global_step=54738944
SPS: 4048
Epoch: 3343, global_step=54755328
SPS: 4048
Epoch: 3344, global_step=54771712
SPS: 4048
Epoch: 3345, global_step=54788096
SPS: 4048
Epoch: 3346, global_step=54804480
SPS: 4049
Epoch: 3347, global_step=54820864
SPS: 4049
Epoch: 3348, global_step=54837248
SPS: 4049
Epoch: 3349, global_step=54853632
SPS: 4050
Epoch: 3350, global_step=54870016
SPS: 4050
Epoch: 3351, global_step=54886400
Evaluating
Evaluated 1024 steps resulting in 16 episodes
eval_success_once_mean=0.875
eval_return_mean=47.106231689453125
eval_episode_len_mean=64.0
eval_reward_mean=0.7360348701477051
eval_success_at_end_mean=0.875
model saved to runs/gandalf-so101graspcube-43/ckpt_3351.pt
SPS: 4045
Epoch: 3352, global_step=54902784
SPS: 4045
Epoch: 3353, global_step=54919168
SPS: 4046
Epoch: 3354, global_step=54935552
SPS: 4046
Epoch: 3355, global_step=54951936
SPS: 4046
Epoch: 3356, global_step=54968320
SPS: 4047
Epoch: 3357, global_step=54984704
SPS: 4047
Epoch: 3358, global_step=55001088
SPS: 4047
Epoch: 3359, global_step=55017472
SPS: 4047
Epoch: 3360, global_step=55033856
SPS: 4048
Epoch: 3361, global_step=55050240
SPS: 4048
Epoch: 3362, global_step=55066624
SPS: 4048
Epoch: 3363, global_step=55083008
SPS: 4048
Epoch: 3364, global_step=55099392
SPS: 4049
Epoch: 3365, global_step=55115776
SPS: 4049
Epoch: 3366, global_step=55132160
SPS: 4049
Epoch: 3367, global_step=55148544
SPS: 4049
Epoch: 3368, global_step=55164928
SPS: 4050
Epoch: 3369, global_step=55181312
SPS: 4050
Epoch: 3370, global_step=55197696
SPS: 4050
Epoch: 3371, global_step=55214080
SPS: 4051
Epoch: 3372, global_step=55230464
SPS: 4051
Epoch: 3373, global_step=55246848
SPS: 4051
Epoch: 3374, global_step=55263232
SPS: 4051
Epoch: 3375, global_step=55279616
SPS: 4051
Epoch: 3376, global_step=55296000
Evaluating
Evaluated 1024 steps resulting in 16 episodes
eval_success_once_mean=1.0
eval_return_mean=53.7984619140625
eval_episode_len_mean=64.0
eval_reward_mean=0.8406009674072266
eval_success_at_end_mean=1.0
model saved to runs/gandalf-so101graspcube-43/ckpt_3376.pt
SPS: 4047
Epoch: 3377, global_step=55312384
SPS: 4047
Epoch: 3378, global_step=55328768
SPS: 4047
Epoch: 3379, global_step=55345152
SPS: 4048
Epoch: 3380, global_step=55361536
SPS: 4048
Epoch: 3381, global_step=55377920
SPS: 4048
Epoch: 3382, global_step=55394304
SPS: 4048
Epoch: 3383, global_step=55410688
SPS: 4049
Epoch: 3384, global_step=55427072
SPS: 4049
Epoch: 3385, global_step=55443456
SPS: 4049
Epoch: 3386, global_step=55459840
SPS: 4049
Epoch: 3387, global_step=55476224
SPS: 4050
Epoch: 3388, global_step=55492608
SPS: 4050
Epoch: 3389, global_step=55508992
SPS: 4050
Epoch: 3390, global_step=55525376
SPS: 4050
Epoch: 3391, global_step=55541760
SPS: 4051
Epoch: 3392, global_step=55558144
SPS: 4051
Epoch: 3393, global_step=55574528
SPS: 4051
Epoch: 3394, global_step=55590912
SPS: 4051
Epoch: 3395, global_step=55607296
SPS: 4051
Epoch: 3396, global_step=55623680
SPS: 4051
Epoch: 3397, global_step=55640064
SPS: 4052
Epoch: 3398, global_step=55656448
SPS: 4052
Epoch: 3399, global_step=55672832
SPS: 4052
Epoch: 3400, global_step=55689216
SPS: 4052
Epoch: 3401, global_step=55705600
Evaluating
Evaluated 1024 steps resulting in 16 episodes
eval_success_once_mean=0.9375
eval_return_mean=46.98003387451172
eval_episode_len_mean=64.0
eval_reward_mean=0.7340630292892456
eval_success_at_end_mean=0.875
model saved to runs/gandalf-so101graspcube-43/ckpt_3401.pt
SPS: 4048
Epoch: 3402, global_step=55721984
SPS: 4048
Epoch: 3403, global_step=55738368
SPS: 4048
Epoch: 3404, global_step=55754752
SPS: 4048
Epoch: 3405, global_step=55771136
SPS: 4049
Epoch: 3406, global_step=55787520
SPS: 4049
Epoch: 3407, global_step=55803904
SPS: 4049
Epoch: 3408, global_step=55820288
SPS: 4049
Epoch: 3409, global_step=55836672
SPS: 4050
Epoch: 3410, global_step=55853056
SPS: 4050
Epoch: 3411, global_step=55869440
SPS: 4050
Epoch: 3412, global_step=55885824
SPS: 4051
Epoch: 3413, global_step=55902208
SPS: 4051
Epoch: 3414, global_step=55918592
SPS: 4051
Epoch: 3415, global_step=55934976
SPS: 4051
Epoch: 3416, global_step=55951360
SPS: 4052
Epoch: 3417, global_step=55967744
SPS: 4052
Epoch: 3418, global_step=55984128
SPS: 4052
Epoch: 3419, global_step=56000512
SPS: 4052
Epoch: 3420, global_step=56016896
SPS: 4052
Epoch: 3421, global_step=56033280
SPS: 4053
Epoch: 3422, global_step=56049664
SPS: 4053
Epoch: 3423, global_step=56066048
SPS: 4053
Epoch: 3424, global_step=56082432
SPS: 4054
Epoch: 3425, global_step=56098816
SPS: 4054
Epoch: 3426, global_step=56115200
Evaluating
Evaluated 1024 steps resulting in 16 episodes
eval_success_once_mean=1.0
eval_return_mean=48.93511199951172
eval_episode_len_mean=64.0
eval_reward_mean=0.7646111249923706
eval_success_at_end_mean=0.9375
model saved to runs/gandalf-so101graspcube-43/ckpt_3426.pt
SPS: 4049
Epoch: 3427, global_step=56131584
SPS: 4050
Epoch: 3428, global_step=56147968
SPS: 4050
Epoch: 3429, global_step=56164352
SPS: 4050
Epoch: 3430, global_step=56180736
SPS: 4050
Epoch: 3431, global_step=56197120
SPS: 4051
Epoch: 3432, global_step=56213504
SPS: 4051
Epoch: 3433, global_step=56229888
SPS: 4051
Epoch: 3434, global_step=56246272
SPS: 4052
Epoch: 3435, global_step=56262656
SPS: 4052
Epoch: 3436, global_step=56279040
SPS: 4052
Epoch: 3437, global_step=56295424
SPS: 4052
Epoch: 3438, global_step=56311808
SPS: 4052
Epoch: 3439, global_step=56328192
SPS: 4053
Epoch: 3440, global_step=56344576
SPS: 4053
Epoch: 3441, global_step=56360960
SPS: 4053
Epoch: 3442, global_step=56377344
SPS: 4053
Epoch: 3443, global_step=56393728
SPS: 4054
Epoch: 3444, global_step=56410112
SPS: 4054
Epoch: 3445, global_step=56426496
SPS: 4054
Epoch: 3446, global_step=56442880
SPS: 4054
Epoch: 3447, global_step=56459264
SPS: 4055
Epoch: 3448, global_step=56475648
SPS: 4055
Epoch: 3449, global_step=56492032
SPS: 4055
Epoch: 3450, global_step=56508416
SPS: 4056
Epoch: 3451, global_step=56524800
Evaluating
Evaluated 1024 steps resulting in 16 episodes
eval_success_once_mean=0.875
eval_return_mean=48.66108703613281
eval_episode_len_mean=64.0
eval_reward_mean=0.7603294849395752
eval_success_at_end_mean=0.875
model saved to runs/gandalf-so101graspcube-43/ckpt_3451.pt
SPS: 4051
Epoch: 3452, global_step=56541184
SPS: 4051
Epoch: 3453, global_step=56557568
SPS: 4052
Epoch: 3454, global_step=56573952
SPS: 4052
Epoch: 3455, global_step=56590336
SPS: 4052
Epoch: 3456, global_step=56606720
SPS: 4053
Epoch: 3457, global_step=56623104
SPS: 4053
Epoch: 3458, global_step=56639488
SPS: 4053
Epoch: 3459, global_step=56655872
SPS: 4053
Epoch: 3460, global_step=56672256
SPS: 4053
Epoch: 3461, global_step=56688640
SPS: 4053
Epoch: 3462, global_step=56705024
SPS: 4054
Epoch: 3463, global_step=56721408
SPS: 4054
Epoch: 3464, global_step=56737792
SPS: 4054
Epoch: 3465, global_step=56754176
SPS: 4055
Epoch: 3466, global_step=56770560
SPS: 4055
Epoch: 3467, global_step=56786944
SPS: 4055
Epoch: 3468, global_step=56803328
SPS: 4055
Epoch: 3469, global_step=56819712
SPS: 4056
Epoch: 3470, global_step=56836096
SPS: 4056
Epoch: 3471, global_step=56852480
SPS: 4056
Epoch: 3472, global_step=56868864
SPS: 4056
Epoch: 3473, global_step=56885248
SPS: 4057
Epoch: 3474, global_step=56901632
SPS: 4057
Epoch: 3475, global_step=56918016
SPS: 4057
Epoch: 3476, global_step=56934400
Evaluating
Evaluated 1024 steps resulting in 16 episodes
eval_success_once_mean=1.0
eval_return_mean=53.05236053466797
eval_episode_len_mean=64.0
eval_reward_mean=0.828943133354187
eval_success_at_end_mean=1.0
model saved to runs/gandalf-so101graspcube-43/ckpt_3476.pt
SPS: 4053
Epoch: 3477, global_step=56950784
SPS: 4053
Epoch: 3478, global_step=56967168
SPS: 4053
Epoch: 3479, global_step=56983552
SPS: 4054
Epoch: 3480, global_step=56999936
SPS: 4054
Epoch: 3481, global_step=57016320
SPS: 4054
Epoch: 3482, global_step=57032704
SPS: 4054
Epoch: 3483, global_step=57049088
SPS: 4054
Epoch: 3484, global_step=57065472
SPS: 4055
Epoch: 3485, global_step=57081856
SPS: 4055
Epoch: 3486, global_step=57098240
SPS: 4055
Epoch: 3487, global_step=57114624
SPS: 4055
Epoch: 3488, global_step=57131008
SPS: 4056
Epoch: 3489, global_step=57147392
SPS: 4056
Epoch: 3490, global_step=57163776
SPS: 4056
Epoch: 3491, global_step=57180160
SPS: 4056
Epoch: 3492, global_step=57196544
SPS: 4057
Epoch: 3493, global_step=57212928
SPS: 4057
Epoch: 3494, global_step=57229312
SPS: 4057
Epoch: 3495, global_step=57245696
SPS: 4057
Epoch: 3496, global_step=57262080
SPS: 4058
Epoch: 3497, global_step=57278464
SPS: 4058
Epoch: 3498, global_step=57294848
SPS: 4058
Epoch: 3499, global_step=57311232
SPS: 4058
Epoch: 3500, global_step=57327616
SPS: 4058
Epoch: 3501, global_step=57344000
Evaluating
Evaluated 1024 steps resulting in 16 episodes
eval_success_once_mean=1.0
eval_return_mean=52.289371490478516
eval_episode_len_mean=64.0
eval_reward_mean=0.8170214295387268
eval_success_at_end_mean=1.0
model saved to runs/gandalf-so101graspcube-43/ckpt_3501.pt
SPS: 4054
Epoch: 3502, global_step=57360384
SPS: 4054
Epoch: 3503, global_step=57376768
SPS: 4055
Epoch: 3504, global_step=57393152
SPS: 4055
Epoch: 3505, global_step=57409536
SPS: 4055
Epoch: 3506, global_step=57425920
SPS: 4055
Epoch: 3507, global_step=57442304
SPS: 4055
Epoch: 3508, global_step=57458688
SPS: 4055
Epoch: 3509, global_step=57475072
SPS: 4056
Epoch: 3510, global_step=57491456
SPS: 4056
Epoch: 3511, global_step=57507840
SPS: 4056
Epoch: 3512, global_step=57524224
SPS: 4056
Epoch: 3513, global_step=57540608
SPS: 4057
Epoch: 3514, global_step=57556992
SPS: 4057
Epoch: 3515, global_step=57573376
SPS: 4057
Epoch: 3516, global_step=57589760
SPS: 4057
Epoch: 3517, global_step=57606144
SPS: 4058
Epoch: 3518, global_step=57622528
SPS: 4058
Epoch: 3519, global_step=57638912
SPS: 4058
Epoch: 3520, global_step=57655296
SPS: 4058
Epoch: 3521, global_step=57671680
SPS: 4059
Epoch: 3522, global_step=57688064
SPS: 4059
Epoch: 3523, global_step=57704448
SPS: 4059
Epoch: 3524, global_step=57720832
SPS: 4059
Epoch: 3525, global_step=57737216
SPS: 4059
Epoch: 3526, global_step=57753600
Evaluating
Evaluated 1024 steps resulting in 16 episodes
eval_success_once_mean=0.9375
eval_return_mean=51.007568359375
eval_episode_len_mean=64.0
eval_reward_mean=0.7969932556152344
eval_success_at_end_mean=0.9375
model saved to runs/gandalf-so101graspcube-43/ckpt_3526.pt
SPS: 4055
Epoch: 3527, global_step=57769984
SPS: 4055
Epoch: 3528, global_step=57786368
SPS: 4056
Epoch: 3529, global_step=57802752
SPS: 4056
Epoch: 3530, global_step=57819136
SPS: 4056
Epoch: 3531, global_step=57835520
SPS: 4057
Epoch: 3532, global_step=57851904
SPS: 4057
Epoch: 3533, global_step=57868288
SPS: 4057
Epoch: 3534, global_step=57884672
SPS: 4057
Epoch: 3535, global_step=57901056
SPS: 4058
Epoch: 3536, global_step=57917440
SPS: 4058
Epoch: 3537, global_step=57933824
SPS: 4058
Epoch: 3538, global_step=57950208
SPS: 4058
Epoch: 3539, global_step=57966592
SPS: 4059
Epoch: 3540, global_step=57982976
SPS: 4059
Epoch: 3541, global_step=57999360
SPS: 4059
Epoch: 3542, global_step=58015744
SPS: 4059
Epoch: 3543, global_step=58032128
SPS: 4060
Epoch: 3544, global_step=58048512
SPS: 4060
Epoch: 3545, global_step=58064896
SPS: 4060
Epoch: 3546, global_step=58081280
SPS: 4061
Epoch: 3547, global_step=58097664
SPS: 4061
Epoch: 3548, global_step=58114048
SPS: 4061
Epoch: 3549, global_step=58130432
SPS: 4061
Epoch: 3550, global_step=58146816
SPS: 4062
Epoch: 3551, global_step=58163200
Evaluating
Evaluated 1024 steps resulting in 16 episodes
eval_success_once_mean=0.875
eval_return_mean=49.67758560180664
eval_episode_len_mean=64.0
eval_reward_mean=0.7762122750282288
eval_success_at_end_mean=0.875
model saved to runs/gandalf-so101graspcube-43/ckpt_3551.pt
SPS: 4057
Epoch: 3552, global_step=58179584
SPS: 4058
Epoch: 3553, global_step=58195968
SPS: 4058
Epoch: 3554, global_step=58212352
SPS: 4058
Epoch: 3555, global_step=58228736
SPS: 4059
Epoch: 3556, global_step=58245120
SPS: 4059
Epoch: 3557, global_step=58261504
SPS: 4059
Epoch: 3558, global_step=58277888
SPS: 4059
Epoch: 3559, global_step=58294272
SPS: 4060
Epoch: 3560, global_step=58310656
SPS: 4060
Epoch: 3561, global_step=58327040
SPS: 4060
Epoch: 3562, global_step=58343424
SPS: 4061
Epoch: 3563, global_step=58359808
SPS: 4061
Epoch: 3564, global_step=58376192
SPS: 4061
Epoch: 3565, global_step=58392576
SPS: 4061
Epoch: 3566, global_step=58408960
SPS: 4062
Epoch: 3567, global_step=58425344
SPS: 4062
Epoch: 3568, global_step=58441728
SPS: 4062
Epoch: 3569, global_step=58458112
SPS: 4063
Epoch: 3570, global_step=58474496
SPS: 4063
Epoch: 3571, global_step=58490880
SPS: 4063
Epoch: 3572, global_step=58507264
SPS: 4064
Epoch: 3573, global_step=58523648
SPS: 4064
Epoch: 3574, global_step=58540032
SPS: 4064
Epoch: 3575, global_step=58556416
SPS: 4064
Epoch: 3576, global_step=58572800
Evaluating
Evaluated 1024 steps resulting in 16 episodes
eval_success_once_mean=0.8125
eval_return_mean=47.61548614501953
eval_episode_len_mean=64.0
eval_reward_mean=0.7439919710159302
eval_success_at_end_mean=0.8125
model saved to runs/gandalf-so101graspcube-43/ckpt_3576.pt
SPS: 4060
Epoch: 3577, global_step=58589184
SPS: 4060
Epoch: 3578, global_step=58605568
SPS: 4060
Epoch: 3579, global_step=58621952
SPS: 4061
Epoch: 3580, global_step=58638336
SPS: 4061
Epoch: 3581, global_step=58654720
SPS: 4061
Epoch: 3582, global_step=58671104
SPS: 4061
Epoch: 3583, global_step=58687488
SPS: 4061
Epoch: 3584, global_step=58703872
SPS: 4061
Epoch: 3585, global_step=58720256
SPS: 4061
Epoch: 3586, global_step=58736640
SPS: 4062
Epoch: 3587, global_step=58753024
SPS: 4062
Epoch: 3588, global_step=58769408
SPS: 4062
Epoch: 3589, global_step=58785792
SPS: 4062
Epoch: 3590, global_step=58802176
SPS: 4063
Epoch: 3591, global_step=58818560
SPS: 4063
Epoch: 3592, global_step=58834944
SPS: 4063
Epoch: 3593, global_step=58851328
SPS: 4064
Epoch: 3594, global_step=58867712
SPS: 4064
Epoch: 3595, global_step=58884096
SPS: 4064
Epoch: 3596, global_step=58900480
SPS: 4064
Epoch: 3597, global_step=58916864
SPS: 4065
Epoch: 3598, global_step=58933248
SPS: 4065
Epoch: 3599, global_step=58949632
SPS: 4065
Epoch: 3600, global_step=58966016
SPS: 4065
Epoch: 3601, global_step=58982400
Evaluating
Evaluated 1024 steps resulting in 16 episodes
eval_success_once_mean=0.75
eval_return_mean=46.791053771972656
eval_episode_len_mean=64.0
eval_reward_mean=0.7311102151870728
eval_success_at_end_mean=0.75
model saved to runs/gandalf-so101graspcube-43/ckpt_3601.pt
SPS: 4061
Epoch: 3602, global_step=58998784
SPS: 4061
Epoch: 3603, global_step=59015168
SPS: 4062
Epoch: 3604, global_step=59031552
SPS: 4062
Epoch: 3605, global_step=59047936
SPS: 4062
Epoch: 3606, global_step=59064320
SPS: 4063
Epoch: 3607, global_step=59080704
SPS: 4063
Epoch: 3608, global_step=59097088
SPS: 4063
Epoch: 3609, global_step=59113472
SPS: 4063
Epoch: 3610, global_step=59129856
SPS: 4064
Epoch: 3611, global_step=59146240
SPS: 4064
Epoch: 3612, global_step=59162624
SPS: 4064
Epoch: 3613, global_step=59179008
SPS: 4065
Epoch: 3614, global_step=59195392
SPS: 4065
Epoch: 3615, global_step=59211776
SPS: 4065
Epoch: 3616, global_step=59228160
SPS: 4065
Epoch: 3617, global_step=59244544
SPS: 4066
Epoch: 3618, global_step=59260928
SPS: 4066
Epoch: 3619, global_step=59277312
SPS: 4066
Epoch: 3620, global_step=59293696
SPS: 4067
Epoch: 3621, global_step=59310080
SPS: 4067
Epoch: 3622, global_step=59326464
SPS: 4067
Epoch: 3623, global_step=59342848
SPS: 4067
Epoch: 3624, global_step=59359232
SPS: 4067
Epoch: 3625, global_step=59375616
SPS: 4068
Epoch: 3626, global_step=59392000
Evaluating
Evaluated 1024 steps resulting in 16 episodes
eval_success_once_mean=1.0
eval_return_mean=52.15911865234375
eval_episode_len_mean=64.0
eval_reward_mean=0.8149862289428711
eval_success_at_end_mean=1.0
model saved to runs/gandalf-so101graspcube-43/ckpt_3626.pt
SPS: 4063
Epoch: 3627, global_step=59408384
SPS: 4064
Epoch: 3628, global_step=59424768
SPS: 4064
Epoch: 3629, global_step=59441152
SPS: 4064
Epoch: 3630, global_step=59457536
SPS: 4065
Epoch: 3631, global_step=59473920
SPS: 4065
Epoch: 3632, global_step=59490304
SPS: 4065
Epoch: 3633, global_step=59506688
SPS: 4065
Epoch: 3634, global_step=59523072
SPS: 4065
Epoch: 3635, global_step=59539456
SPS: 4066
Epoch: 3636, global_step=59555840
SPS: 4066
Epoch: 3637, global_step=59572224
SPS: 4066
Epoch: 3638, global_step=59588608
SPS: 4066
Epoch: 3639, global_step=59604992
SPS: 4066
Epoch: 3640, global_step=59621376
SPS: 4067
Epoch: 3641, global_step=59637760
SPS: 4067
Epoch: 3642, global_step=59654144
SPS: 4067
Epoch: 3643, global_step=59670528
SPS: 4067
Epoch: 3644, global_step=59686912
SPS: 4067
Epoch: 3645, global_step=59703296
SPS: 4068
Epoch: 3646, global_step=59719680
SPS: 4068
Epoch: 3647, global_step=59736064
SPS: 4068
Epoch: 3648, global_step=59752448
SPS: 4068
Epoch: 3649, global_step=59768832
SPS: 4068
Epoch: 3650, global_step=59785216
SPS: 4069
Epoch: 3651, global_step=59801600
Evaluating
Evaluated 1024 steps resulting in 16 episodes
eval_success_once_mean=0.875
eval_return_mean=48.37965393066406
eval_episode_len_mean=64.0
eval_reward_mean=0.755932092666626
eval_success_at_end_mean=0.875
model saved to runs/gandalf-so101graspcube-43/ckpt_3651.pt
SPS: 4065
Epoch: 3652, global_step=59817984
SPS: 4065
Epoch: 3653, global_step=59834368
SPS: 4065
Epoch: 3654, global_step=59850752
SPS: 4065
Epoch: 3655, global_step=59867136
SPS: 4066
Epoch: 3656, global_step=59883520
SPS: 4066
Epoch: 3657, global_step=59899904
SPS: 4066
Epoch: 3658, global_step=59916288
SPS: 4066
Epoch: 3659, global_step=59932672
SPS: 4067
Epoch: 3660, global_step=59949056
SPS: 4067
Epoch: 3661, global_step=59965440
SPS: 4067
Epoch: 3662, global_step=59981824
SPS: 4067
Epoch: 3663, global_step=59998208
SPS: 4067
Epoch: 3664, global_step=60014592
SPS: 4067
Epoch: 3665, global_step=60030976
SPS: 4068
Epoch: 3666, global_step=60047360
SPS: 4068
Epoch: 3667, global_step=60063744
SPS: 4068
Epoch: 3668, global_step=60080128
SPS: 4069
Epoch: 3669, global_step=60096512
SPS: 4069
Epoch: 3670, global_step=60112896
SPS: 4069
Epoch: 3671, global_step=60129280
SPS: 4069
Epoch: 3672, global_step=60145664
SPS: 4069
Epoch: 3673, global_step=60162048
SPS: 4069
Epoch: 3674, global_step=60178432
SPS: 4069
Epoch: 3675, global_step=60194816
SPS: 4070
Epoch: 3676, global_step=60211200
Evaluating
Evaluated 1024 steps resulting in 16 episodes
eval_success_once_mean=1.0
eval_return_mean=53.59172439575195
eval_episode_len_mean=64.0
eval_reward_mean=0.8373706936836243
eval_success_at_end_mean=1.0
model saved to runs/gandalf-so101graspcube-43/ckpt_3676.pt
SPS: 4065
Epoch: 3677, global_step=60227584
SPS: 4066
Epoch: 3678, global_step=60243968
SPS: 4066
Epoch: 3679, global_step=60260352
SPS: 4066
Epoch: 3680, global_step=60276736
SPS: 4066
Epoch: 3681, global_step=60293120
SPS: 4067
Epoch: 3682, global_step=60309504
SPS: 4067
Epoch: 3683, global_step=60325888
SPS: 4067
Epoch: 3684, global_step=60342272
SPS: 4067
Epoch: 3685, global_step=60358656
SPS: 4067
Epoch: 3686, global_step=60375040
SPS: 4067
Epoch: 3687, global_step=60391424
SPS: 4068
Epoch: 3688, global_step=60407808
SPS: 4068
Epoch: 3689, global_step=60424192
SPS: 4068
Epoch: 3690, global_step=60440576
SPS: 4068
Epoch: 3691, global_step=60456960
SPS: 4068
Epoch: 3692, global_step=60473344
SPS: 4069
Epoch: 3693, global_step=60489728
SPS: 4069
Epoch: 3694, global_step=60506112
SPS: 4069
Epoch: 3695, global_step=60522496
SPS: 4069
Epoch: 3696, global_step=60538880
SPS: 4069
Epoch: 3697, global_step=60555264
SPS: 4070
Epoch: 3698, global_step=60571648
SPS: 4070
Epoch: 3699, global_step=60588032
SPS: 4070
Epoch: 3700, global_step=60604416
SPS: 4071
Epoch: 3701, global_step=60620800
Evaluating
Evaluated 1024 steps resulting in 16 episodes
eval_success_once_mean=0.9375
eval_return_mean=53.473724365234375
eval_episode_len_mean=64.0
eval_reward_mean=0.8355269432067871
eval_success_at_end_mean=0.9375
model saved to runs/gandalf-so101graspcube-43/ckpt_3701.pt
SPS: 4066
Epoch: 3702, global_step=60637184
SPS: 4067
Epoch: 3703, global_step=60653568
SPS: 4067
Epoch: 3704, global_step=60669952
SPS: 4067
Epoch: 3705, global_step=60686336
SPS: 4067
Epoch: 3706, global_step=60702720
SPS: 4068
Epoch: 3707, global_step=60719104
SPS: 4068
Epoch: 3708, global_step=60735488
SPS: 4068
Epoch: 3709, global_step=60751872
SPS: 4068
Epoch: 3710, global_step=60768256
SPS: 4069
Epoch: 3711, global_step=60784640
SPS: 4069
Epoch: 3712, global_step=60801024
SPS: 4069
Epoch: 3713, global_step=60817408
SPS: 4069
Epoch: 3714, global_step=60833792
SPS: 4070
Epoch: 3715, global_step=60850176
SPS: 4070
Epoch: 3716, global_step=60866560
SPS: 4070
Epoch: 3717, global_step=60882944
SPS: 4070
Epoch: 3718, global_step=60899328
SPS: 4071
Epoch: 3719, global_step=60915712
SPS: 4071
Epoch: 3720, global_step=60932096
SPS: 4071
Epoch: 3721, global_step=60948480
SPS: 4071
Epoch: 3722, global_step=60964864
SPS: 4071
Epoch: 3723, global_step=60981248
SPS: 4071
Epoch: 3724, global_step=60997632
SPS: 4071
Epoch: 3725, global_step=61014016
SPS: 4072
Epoch: 3726, global_step=61030400
Evaluating
Evaluated 1024 steps resulting in 16 episodes
eval_success_once_mean=0.9375
eval_return_mean=49.543556213378906
eval_episode_len_mean=64.0
eval_reward_mean=0.7741180658340454
eval_success_at_end_mean=0.9375
model saved to runs/gandalf-so101graspcube-43/ckpt_3726.pt
SPS: 4068
Epoch: 3727, global_step=61046784
SPS: 4068
Epoch: 3728, global_step=61063168
SPS: 4068
Epoch: 3729, global_step=61079552
SPS: 4068
Epoch: 3730, global_step=61095936
SPS: 4068
Epoch: 3731, global_step=61112320
SPS: 4068
Epoch: 3732, global_step=61128704
SPS: 4069
Epoch: 3733, global_step=61145088
SPS: 4069
Epoch: 3734, global_step=61161472
SPS: 4069
Epoch: 3735, global_step=61177856
SPS: 4069
Epoch: 3736, global_step=61194240
SPS: 4070
Epoch: 3737, global_step=61210624
SPS: 4070
Epoch: 3738, global_step=61227008
SPS: 4070
Epoch: 3739, global_step=61243392
SPS: 4070
Epoch: 3740, global_step=61259776
SPS: 4070
Epoch: 3741, global_step=61276160
SPS: 4071
Epoch: 3742, global_step=61292544
SPS: 4071
Epoch: 3743, global_step=61308928
SPS: 4071
Epoch: 3744, global_step=61325312
SPS: 4071
Epoch: 3745, global_step=61341696
SPS: 4071
Epoch: 3746, global_step=61358080
SPS: 4071
Epoch: 3747, global_step=61374464
SPS: 4071
Epoch: 3748, global_step=61390848
SPS: 4072
Epoch: 3749, global_step=61407232
SPS: 4072
Epoch: 3750, global_step=61423616
SPS: 4072
Epoch: 3751, global_step=61440000
Evaluating
Evaluated 1024 steps resulting in 16 episodes
eval_success_once_mean=0.9375
eval_return_mean=49.94345474243164
eval_episode_len_mean=64.0
eval_reward_mean=0.7803664803504944
eval_success_at_end_mean=0.875
model saved to runs/gandalf-so101graspcube-43/ckpt_3751.pt
SPS: 4068
Epoch: 3752, global_step=61456384
SPS: 4068
Epoch: 3753, global_step=61472768
SPS: 4068
Epoch: 3754, global_step=61489152
SPS: 4069
Epoch: 3755, global_step=61505536
SPS: 4069
Epoch: 3756, global_step=61521920
SPS: 4069
Epoch: 3757, global_step=61538304
SPS: 4069
Epoch: 3758, global_step=61554688
SPS: 4070
Epoch: 3759, global_step=61571072
SPS: 4070
Epoch: 3760, global_step=61587456
SPS: 4070
Epoch: 3761, global_step=61603840
SPS: 4071
Epoch: 3762, global_step=61620224
SPS: 4071
Epoch: 3763, global_step=61636608
SPS: 4071
Epoch: 3764, global_step=61652992
SPS: 4071
Epoch: 3765, global_step=61669376
SPS: 4072
Epoch: 3766, global_step=61685760
SPS: 4072
Epoch: 3767, global_step=61702144
SPS: 4072
Epoch: 3768, global_step=61718528
SPS: 4072
Epoch: 3769, global_step=61734912
SPS: 4073
Epoch: 3770, global_step=61751296
SPS: 4073
Epoch: 3771, global_step=61767680
SPS: 4073
Epoch: 3772, global_step=61784064
SPS: 4073
Epoch: 3773, global_step=61800448
SPS: 4073
Epoch: 3774, global_step=61816832
SPS: 4074
Epoch: 3775, global_step=61833216
SPS: 4074
Epoch: 3776, global_step=61849600
Evaluating
Evaluated 1024 steps resulting in 16 episodes
eval_success_once_mean=1.0
eval_return_mean=53.01411819458008
eval_episode_len_mean=64.0
eval_reward_mean=0.8283455967903137
eval_success_at_end_mean=1.0
model saved to runs/gandalf-so101graspcube-43/ckpt_3776.pt
SPS: 4070
Epoch: 3777, global_step=61865984
SPS: 4070
Epoch: 3778, global_step=61882368
SPS: 4070
Epoch: 3779, global_step=61898752
SPS: 4071
Epoch: 3780, global_step=61915136
SPS: 4071
Epoch: 3781, global_step=61931520
SPS: 4071
Epoch: 3782, global_step=61947904
SPS: 4071
Epoch: 3783, global_step=61964288
SPS: 4072
Epoch: 3784, global_step=61980672
SPS: 4072
Epoch: 3785, global_step=61997056
SPS: 4072
Epoch: 3786, global_step=62013440
SPS: 4072
Epoch: 3787, global_step=62029824
SPS: 4073
Epoch: 3788, global_step=62046208
SPS: 4073
Epoch: 3789, global_step=62062592
SPS: 4073
Epoch: 3790, global_step=62078976
SPS: 4073
Epoch: 3791, global_step=62095360
SPS: 4073
Epoch: 3792, global_step=62111744
SPS: 4074
Epoch: 3793, global_step=62128128
SPS: 4074
Epoch: 3794, global_step=62144512
SPS: 4074
Epoch: 3795, global_step=62160896
SPS: 4074
Epoch: 3796, global_step=62177280
SPS: 4074
Epoch: 3797, global_step=62193664
SPS: 4074
Epoch: 3798, global_step=62210048
SPS: 4075
Epoch: 3799, global_step=62226432
SPS: 4075
Epoch: 3800, global_step=62242816
SPS: 4075
Epoch: 3801, global_step=62259200
Evaluating
Evaluated 1024 steps resulting in 16 episodes
eval_success_once_mean=0.9375
eval_return_mean=51.088409423828125
eval_episode_len_mean=64.0
eval_reward_mean=0.7982563972473145
eval_success_at_end_mean=0.9375
model saved to runs/gandalf-so101graspcube-43/ckpt_3801.pt
SPS: 4071
Epoch: 3802, global_step=62275584
SPS: 4071
Epoch: 3803, global_step=62291968
SPS: 4072
Epoch: 3804, global_step=62308352
SPS: 4072
Epoch: 3805, global_step=62324736
SPS: 4072
Epoch: 3806, global_step=62341120
SPS: 4072
Epoch: 3807, global_step=62357504
SPS: 4072
Epoch: 3808, global_step=62373888
SPS: 4073
Epoch: 3809, global_step=62390272
SPS: 4073
Epoch: 3810, global_step=62406656
SPS: 4073
Epoch: 3811, global_step=62423040
SPS: 4073
Epoch: 3812, global_step=62439424
SPS: 4073
Epoch: 3813, global_step=62455808
SPS: 4074
Epoch: 3814, global_step=62472192
SPS: 4074
Epoch: 3815, global_step=62488576
SPS: 4074
Epoch: 3816, global_step=62504960
SPS: 4074
Epoch: 3817, global_step=62521344
SPS: 4075
Epoch: 3818, global_step=62537728
SPS: 4075
Epoch: 3819, global_step=62554112
SPS: 4075
Epoch: 3820, global_step=62570496
SPS: 4075
Epoch: 3821, global_step=62586880
SPS: 4076
Epoch: 3822, global_step=62603264
SPS: 4076
Epoch: 3823, global_step=62619648
SPS: 4076
Epoch: 3824, global_step=62636032
SPS: 4076
Epoch: 3825, global_step=62652416
SPS: 4076
Epoch: 3826, global_step=62668800
Evaluating
Evaluated 1024 steps resulting in 16 episodes
eval_success_once_mean=1.0
eval_return_mean=53.87881851196289
eval_episode_len_mean=64.0
eval_reward_mean=0.8418565392494202
eval_success_at_end_mean=1.0
model saved to runs/gandalf-so101graspcube-43/ckpt_3826.pt
SPS: 4072
Epoch: 3827, global_step=62685184
SPS: 4072
Epoch: 3828, global_step=62701568
SPS: 4072
Epoch: 3829, global_step=62717952
SPS: 4073
Epoch: 3830, global_step=62734336
SPS: 4073
Epoch: 3831, global_step=62750720
SPS: 4073
Epoch: 3832, global_step=62767104
SPS: 4074
Epoch: 3833, global_step=62783488
SPS: 4074
Epoch: 3834, global_step=62799872
SPS: 4074
Epoch: 3835, global_step=62816256
SPS: 4074
Epoch: 3836, global_step=62832640
SPS: 4075
Epoch: 3837, global_step=62849024
SPS: 4075
Epoch: 3838, global_step=62865408
SPS: 4075
Epoch: 3839, global_step=62881792
SPS: 4076
Epoch: 3840, global_step=62898176
SPS: 4076
Epoch: 3841, global_step=62914560
SPS: 4076
Epoch: 3842, global_step=62930944
SPS: 4076
Epoch: 3843, global_step=62947328
SPS: 4076
Epoch: 3844, global_step=62963712
SPS: 4077
Epoch: 3845, global_step=62980096
SPS: 4077
Epoch: 3846, global_step=62996480
SPS: 4077
Epoch: 3847, global_step=63012864
SPS: 4077
Epoch: 3848, global_step=63029248
SPS: 4078
Epoch: 3849, global_step=63045632
SPS: 4078
Epoch: 3850, global_step=63062016
SPS: 4078
Epoch: 3851, global_step=63078400
Evaluating
Evaluated 1024 steps resulting in 16 episodes
eval_success_once_mean=1.0
eval_return_mean=54.50148010253906
eval_episode_len_mean=64.0
eval_reward_mean=0.8515856266021729
eval_success_at_end_mean=1.0
model saved to runs/gandalf-so101graspcube-43/ckpt_3851.pt
SPS: 4074
Epoch: 3852, global_step=63094784
SPS: 4074
Epoch: 3853, global_step=63111168
SPS: 4075
Epoch: 3854, global_step=63127552
SPS: 4075
Epoch: 3855, global_step=63143936
SPS: 4075
Epoch: 3856, global_step=63160320
SPS: 4075
Epoch: 3857, global_step=63176704
SPS: 4076
Epoch: 3858, global_step=63193088
SPS: 4076
Epoch: 3859, global_step=63209472
SPS: 4076
Epoch: 3860, global_step=63225856
SPS: 4076
Epoch: 3861, global_step=63242240
SPS: 4076
Epoch: 3862, global_step=63258624
SPS: 4077
Epoch: 3863, global_step=63275008
SPS: 4077
Epoch: 3864, global_step=63291392
SPS: 4077
Epoch: 3865, global_step=63307776
SPS: 4077
Epoch: 3866, global_step=63324160
SPS: 4078
Epoch: 3867, global_step=63340544
SPS: 4078
Epoch: 3868, global_step=63356928
SPS: 4078
Epoch: 3869, global_step=63373312
SPS: 4079
Epoch: 3870, global_step=63389696
SPS: 4079
Epoch: 3871, global_step=63406080
SPS: 4079
Epoch: 3872, global_step=63422464
SPS: 4079
Epoch: 3873, global_step=63438848
SPS: 4079
Epoch: 3874, global_step=63455232
SPS: 4080
Epoch: 3875, global_step=63471616
SPS: 4080
Epoch: 3876, global_step=63488000
Evaluating
Evaluated 1024 steps resulting in 16 episodes
eval_success_once_mean=1.0
eval_return_mean=53.6470832824707
eval_episode_len_mean=64.0
eval_reward_mean=0.8382356762886047
eval_success_at_end_mean=1.0
model saved to runs/gandalf-so101graspcube-43/ckpt_3876.pt
SPS: 4076
Epoch: 3877, global_step=63504384
SPS: 4076
Epoch: 3878, global_step=63520768
SPS: 4076
Epoch: 3879, global_step=63537152
SPS: 4077
Epoch: 3880, global_step=63553536
SPS: 4077
Epoch: 3881, global_step=63569920
SPS: 4077
Epoch: 3882, global_step=63586304
SPS: 4077
Epoch: 3883, global_step=63602688
SPS: 4078
Epoch: 3884, global_step=63619072
SPS: 4078
Epoch: 3885, global_step=63635456
SPS: 4078
Epoch: 3886, global_step=63651840
SPS: 4078
Epoch: 3887, global_step=63668224
SPS: 4079
Epoch: 3888, global_step=63684608
SPS: 4079
Epoch: 3889, global_step=63700992
SPS: 4079
Epoch: 3890, global_step=63717376
SPS: 4079
Epoch: 3891, global_step=63733760
SPS: 4080
Epoch: 3892, global_step=63750144
SPS: 4080
Epoch: 3893, global_step=63766528
SPS: 4080
Epoch: 3894, global_step=63782912
SPS: 4080
Epoch: 3895, global_step=63799296
SPS: 4081
Epoch: 3896, global_step=63815680
SPS: 4081
Epoch: 3897, global_step=63832064
SPS: 4081
Epoch: 3898, global_step=63848448
SPS: 4081
Epoch: 3899, global_step=63864832
SPS: 4082
Epoch: 3900, global_step=63881216
SPS: 4082
Epoch: 3901, global_step=63897600
Evaluating
Evaluated 1024 steps resulting in 16 episodes
eval_success_once_mean=0.9375
eval_return_mean=53.01016616821289
eval_episode_len_mean=64.0
eval_reward_mean=0.8282838463783264
eval_success_at_end_mean=0.9375
model saved to runs/gandalf-so101graspcube-43/ckpt_3901.pt
SPS: 4078
Epoch: 3902, global_step=63913984
SPS: 4078
Epoch: 3903, global_step=63930368
SPS: 4078
Epoch: 3904, global_step=63946752
SPS: 4078
Epoch: 3905, global_step=63963136
SPS: 4079
Epoch: 3906, global_step=63979520
SPS: 4079
Epoch: 3907, global_step=63995904
SPS: 4079
Epoch: 3908, global_step=64012288
SPS: 4079
Epoch: 3909, global_step=64028672
SPS: 4080
Epoch: 3910, global_step=64045056
SPS: 4080
Epoch: 3911, global_step=64061440
SPS: 4080
Epoch: 3912, global_step=64077824
SPS: 4080
Epoch: 3913, global_step=64094208
SPS: 4080
Epoch: 3914, global_step=64110592
SPS: 4081
Epoch: 3915, global_step=64126976
SPS: 4081
Epoch: 3916, global_step=64143360
SPS: 4081
Epoch: 3917, global_step=64159744
SPS: 4081
Epoch: 3918, global_step=64176128
SPS: 4081
Epoch: 3919, global_step=64192512
SPS: 4082
Epoch: 3920, global_step=64208896
SPS: 4082
Epoch: 3921, global_step=64225280
SPS: 4082
Epoch: 3922, global_step=64241664
SPS: 4082
Epoch: 3923, global_step=64258048
SPS: 4082
Epoch: 3924, global_step=64274432
SPS: 4082
Epoch: 3925, global_step=64290816
SPS: 4083
Epoch: 3926, global_step=64307200
Evaluating
Evaluated 1024 steps resulting in 16 episodes
eval_success_once_mean=0.9375
eval_return_mean=53.181854248046875
eval_episode_len_mean=64.0
eval_reward_mean=0.8309664726257324
eval_success_at_end_mean=0.9375
model saved to runs/gandalf-so101graspcube-43/ckpt_3926.pt
SPS: 4079
Epoch: 3927, global_step=64323584
SPS: 4079
Epoch: 3928, global_step=64339968
SPS: 4079
Epoch: 3929, global_step=64356352
SPS: 4079
Epoch: 3930, global_step=64372736
SPS: 4079
Epoch: 3931, global_step=64389120
SPS: 4079
Epoch: 3932, global_step=64405504
SPS: 4080
Epoch: 3933, global_step=64421888
SPS: 4080
Epoch: 3934, global_step=64438272
SPS: 4080
Epoch: 3935, global_step=64454656
SPS: 4080
Epoch: 3936, global_step=64471040
SPS: 4081
Epoch: 3937, global_step=64487424
SPS: 4081
Epoch: 3938, global_step=64503808
SPS: 4081
Epoch: 3939, global_step=64520192
SPS: 4081
Epoch: 3940, global_step=64536576
SPS: 4081
Epoch: 3941, global_step=64552960
SPS: 4082
Epoch: 3942, global_step=64569344
SPS: 4082
Epoch: 3943, global_step=64585728
SPS: 4082
Epoch: 3944, global_step=64602112
SPS: 4082
Epoch: 3945, global_step=64618496
SPS: 4083
Epoch: 3946, global_step=64634880
SPS: 4083
Epoch: 3947, global_step=64651264
SPS: 4083
Epoch: 3948, global_step=64667648
SPS: 4083
Epoch: 3949, global_step=64684032
SPS: 4084
Epoch: 3950, global_step=64700416
SPS: 4084
Epoch: 3951, global_step=64716800
Evaluating
Evaluated 1024 steps resulting in 16 episodes
eval_success_once_mean=1.0
eval_return_mean=51.33739471435547
eval_episode_len_mean=64.0
eval_reward_mean=0.8021467924118042
eval_success_at_end_mean=1.0
model saved to runs/gandalf-so101graspcube-43/ckpt_3951.pt
SPS: 4080
Epoch: 3952, global_step=64733184
SPS: 4080
Epoch: 3953, global_step=64749568
SPS: 4080
Epoch: 3954, global_step=64765952
SPS: 4080
Epoch: 3955, global_step=64782336
SPS: 4081
Epoch: 3956, global_step=64798720
SPS: 4081
Epoch: 3957, global_step=64815104
SPS: 4081
Epoch: 3958, global_step=64831488
SPS: 4081
Epoch: 3959, global_step=64847872
SPS: 4081
Epoch: 3960, global_step=64864256
SPS: 4081
Epoch: 3961, global_step=64880640
SPS: 4082
Epoch: 3962, global_step=64897024
SPS: 4082
Epoch: 3963, global_step=64913408
SPS: 4082
Epoch: 3964, global_step=64929792
SPS: 4082
Epoch: 3965, global_step=64946176
SPS: 4082
Epoch: 3966, global_step=64962560
SPS: 4083
Epoch: 3967, global_step=64978944
SPS: 4083
Epoch: 3968, global_step=64995328
SPS: 4083
Epoch: 3969, global_step=65011712
SPS: 4083
Epoch: 3970, global_step=65028096
SPS: 4083
Epoch: 3971, global_step=65044480
SPS: 4084
Epoch: 3972, global_step=65060864
SPS: 4084
Epoch: 3973, global_step=65077248
SPS: 4084
Epoch: 3974, global_step=65093632
SPS: 4084
Epoch: 3975, global_step=65110016
SPS: 4084
Epoch: 3976, global_step=65126400
Evaluating
Evaluated 1024 steps resulting in 16 episodes
eval_success_once_mean=1.0
eval_return_mean=51.594661712646484
eval_episode_len_mean=64.0
eval_reward_mean=0.8061665892601013
eval_success_at_end_mean=0.9375
model saved to runs/gandalf-so101graspcube-43/ckpt_3976.pt
SPS: 4080
Epoch: 3977, global_step=65142784
SPS: 4081
Epoch: 3978, global_step=65159168
SPS: 4081
Epoch: 3979, global_step=65175552
SPS: 4081
Epoch: 3980, global_step=65191936
SPS: 4081
Epoch: 3981, global_step=65208320
SPS: 4081
Epoch: 3982, global_step=65224704
SPS: 4082
Epoch: 3983, global_step=65241088
SPS: 4082
Epoch: 3984, global_step=65257472
SPS: 4082
Epoch: 3985, global_step=65273856
SPS: 4082
Epoch: 3986, global_step=65290240
SPS: 4082
Epoch: 3987, global_step=65306624
SPS: 4083
Epoch: 3988, global_step=65323008
SPS: 4083
Epoch: 3989, global_step=65339392
SPS: 4083
Epoch: 3990, global_step=65355776
SPS: 4083
Epoch: 3991, global_step=65372160
SPS: 4083
Epoch: 3992, global_step=65388544
SPS: 4083
Epoch: 3993, global_step=65404928
SPS: 4083
Epoch: 3994, global_step=65421312
SPS: 4083
Epoch: 3995, global_step=65437696
SPS: 4084
Epoch: 3996, global_step=65454080
SPS: 4084
Epoch: 3997, global_step=65470464
SPS: 4084
Epoch: 3998, global_step=65486848
SPS: 4084
Epoch: 3999, global_step=65503232
SPS: 4084
Epoch: 4000, global_step=65519616
SPS: 4084
Epoch: 4001, global_step=65536000
Evaluating
Evaluated 1024 steps resulting in 16 episodes
eval_success_once_mean=0.8125
eval_return_mean=48.65530776977539
eval_episode_len_mean=64.0
eval_reward_mean=0.7602391839027405
eval_success_at_end_mean=0.8125
model saved to runs/gandalf-so101graspcube-43/ckpt_4001.pt
SPS: 4080
Epoch: 4002, global_step=65552384
SPS: 4080
Epoch: 4003, global_step=65568768
SPS: 4081
Epoch: 4004, global_step=65585152
SPS: 4081
Epoch: 4005, global_step=65601536
SPS: 4081
Epoch: 4006, global_step=65617920
SPS: 4081
Epoch: 4007, global_step=65634304
SPS: 4081
Epoch: 4008, global_step=65650688
SPS: 4081
Epoch: 4009, global_step=65667072
SPS: 4082
Epoch: 4010, global_step=65683456
SPS: 4082
Epoch: 4011, global_step=65699840
SPS: 4082
Epoch: 4012, global_step=65716224
SPS: 4082
Epoch: 4013, global_step=65732608
SPS: 4083
Epoch: 4014, global_step=65748992
SPS: 4083
Epoch: 4015, global_step=65765376
SPS: 4083
Epoch: 4016, global_step=65781760
SPS: 4083
Epoch: 4017, global_step=65798144
SPS: 4084
Epoch: 4018, global_step=65814528
SPS: 4084
Epoch: 4019, global_step=65830912
SPS: 4084
Epoch: 4020, global_step=65847296
SPS: 4084
Epoch: 4021, global_step=65863680
SPS: 4084
Epoch: 4022, global_step=65880064
SPS: 4084
Epoch: 4023, global_step=65896448
SPS: 4085
Epoch: 4024, global_step=65912832
SPS: 4085
Epoch: 4025, global_step=65929216
SPS: 4085
Epoch: 4026, global_step=65945600
Evaluating
Evaluated 1024 steps resulting in 16 episodes
eval_success_once_mean=0.8125
eval_return_mean=45.131004333496094
eval_episode_len_mean=64.0
eval_reward_mean=0.7051719427108765
eval_success_at_end_mean=0.75
model saved to runs/gandalf-so101graspcube-43/ckpt_4026.pt
SPS: 4081
Epoch: 4027, global_step=65961984
SPS: 4081
Epoch: 4028, global_step=65978368
SPS: 4081
Epoch: 4029, global_step=65994752
SPS: 4081
Epoch: 4030, global_step=66011136
SPS: 4081
Epoch: 4031, global_step=66027520
SPS: 4082
Epoch: 4032, global_step=66043904
SPS: 4082
Epoch: 4033, global_step=66060288
SPS: 4082
Epoch: 4034, global_step=66076672
SPS: 4082
Epoch: 4035, global_step=66093056
SPS: 4082
Epoch: 4036, global_step=66109440
SPS: 4082
Epoch: 4037, global_step=66125824
SPS: 4082
Epoch: 4038, global_step=66142208
SPS: 4083
Epoch: 4039, global_step=66158592
SPS: 4083
Epoch: 4040, global_step=66174976
SPS: 4083
Epoch: 4041, global_step=66191360
SPS: 4083
Epoch: 4042, global_step=66207744
SPS: 4083
Epoch: 4043, global_step=66224128
SPS: 4084
Epoch: 4044, global_step=66240512
SPS: 4084
Epoch: 4045, global_step=66256896
SPS: 4084
Epoch: 4046, global_step=66273280
SPS: 4084
Epoch: 4047, global_step=66289664
SPS: 4085
Epoch: 4048, global_step=66306048
SPS: 4085
Epoch: 4049, global_step=66322432
SPS: 4085
Epoch: 4050, global_step=66338816
SPS: 4085
Epoch: 4051, global_step=66355200
Evaluating
Evaluated 1024 steps resulting in 16 episodes
eval_success_once_mean=1.0
eval_return_mean=51.06093215942383
eval_episode_len_mean=64.0
eval_reward_mean=0.7978270649909973
eval_success_at_end_mean=1.0
model saved to runs/gandalf-so101graspcube-43/ckpt_4051.pt
SPS: 4081
Epoch: 4052, global_step=66371584
SPS: 4081
Epoch: 4053, global_step=66387968
SPS: 4082
Epoch: 4054, global_step=66404352
SPS: 4082
Epoch: 4055, global_step=66420736
SPS: 4082
Epoch: 4056, global_step=66437120
SPS: 4082
Epoch: 4057, global_step=66453504
SPS: 4083
Epoch: 4058, global_step=66469888
SPS: 4083
Epoch: 4059, global_step=66486272
SPS: 4083
Epoch: 4060, global_step=66502656
SPS: 4083
Epoch: 4061, global_step=66519040
SPS: 4083
Epoch: 4062, global_step=66535424
SPS: 4084
Epoch: 4063, global_step=66551808
SPS: 4084
Epoch: 4064, global_step=66568192
SPS: 4084
Epoch: 4065, global_step=66584576
SPS: 4084
Epoch: 4066, global_step=66600960
SPS: 4084
Epoch: 4067, global_step=66617344
SPS: 4085
Epoch: 4068, global_step=66633728
SPS: 4085
Epoch: 4069, global_step=66650112
SPS: 4085
Epoch: 4070, global_step=66666496
SPS: 4085
Epoch: 4071, global_step=66682880
SPS: 4085
Epoch: 4072, global_step=66699264
SPS: 4086
Epoch: 4073, global_step=66715648
SPS: 4086
Epoch: 4074, global_step=66732032
SPS: 4086
Epoch: 4075, global_step=66748416
SPS: 4086
Epoch: 4076, global_step=66764800
Evaluating
Evaluated 1024 steps resulting in 16 episodes
eval_success_once_mean=1.0
eval_return_mean=53.0332145690918
eval_episode_len_mean=64.0
eval_reward_mean=0.8286439776420593
eval_success_at_end_mean=1.0
model saved to runs/gandalf-so101graspcube-43/ckpt_4076.pt
SPS: 4082
Epoch: 4077, global_step=66781184
SPS: 4083
Epoch: 4078, global_step=66797568
SPS: 4083
Epoch: 4079, global_step=66813952
SPS: 4083
Epoch: 4080, global_step=66830336
SPS: 4083
Epoch: 4081, global_step=66846720
SPS: 4084
Epoch: 4082, global_step=66863104
SPS: 4084
Epoch: 4083, global_step=66879488
SPS: 4084
Epoch: 4084, global_step=66895872
SPS: 4084
Epoch: 4085, global_step=66912256
SPS: 4085
Epoch: 4086, global_step=66928640
SPS: 4085
Epoch: 4087, global_step=66945024
SPS: 4085
Epoch: 4088, global_step=66961408
SPS: 4085
Epoch: 4089, global_step=66977792
SPS: 4085
Epoch: 4090, global_step=66994176
SPS: 4085
Epoch: 4091, global_step=67010560
SPS: 4086
Epoch: 4092, global_step=67026944
SPS: 4086
Epoch: 4093, global_step=67043328
SPS: 4086
Epoch: 4094, global_step=67059712
SPS: 4086
Epoch: 4095, global_step=67076096
SPS: 4086
Epoch: 4096, global_step=67092480
SPS: 4087
Epoch: 4097, global_step=67108864
SPS: 4087
Epoch: 4098, global_step=67125248
SPS: 4087
Epoch: 4099, global_step=67141632
SPS: 4087
Epoch: 4100, global_step=67158016
SPS: 4088
Epoch: 4101, global_step=67174400
Evaluating
Evaluated 1024 steps resulting in 16 episodes
eval_success_once_mean=1.0
eval_return_mean=53.53104782104492
eval_episode_len_mean=64.0
eval_reward_mean=0.8364226222038269
eval_success_at_end_mean=1.0
model saved to runs/gandalf-so101graspcube-43/ckpt_4101.pt
SPS: 4084
Epoch: 4102, global_step=67190784
SPS: 4084
Epoch: 4103, global_step=67207168
SPS: 4084
Epoch: 4104, global_step=67223552
SPS: 4084
Epoch: 4105, global_step=67239936
SPS: 4085
Epoch: 4106, global_step=67256320
SPS: 4085
Epoch: 4107, global_step=67272704
SPS: 4085
Epoch: 4108, global_step=67289088
SPS: 4085
Epoch: 4109, global_step=67305472
SPS: 4085
Epoch: 4110, global_step=67321856
SPS: 4085
Epoch: 4111, global_step=67338240
SPS: 4086
Epoch: 4112, global_step=67354624
SPS: 4086
Epoch: 4113, global_step=67371008
SPS: 4086
Epoch: 4114, global_step=67387392
SPS: 4086
Epoch: 4115, global_step=67403776
SPS: 4086
Epoch: 4116, global_step=67420160
SPS: 4087
Epoch: 4117, global_step=67436544
SPS: 4087
Epoch: 4118, global_step=67452928
SPS: 4087
Epoch: 4119, global_step=67469312
SPS: 4087
Epoch: 4120, global_step=67485696
SPS: 4087
Epoch: 4121, global_step=67502080
SPS: 4088
Epoch: 4122, global_step=67518464
SPS: 4088
Epoch: 4123, global_step=67534848
SPS: 4088
Epoch: 4124, global_step=67551232
SPS: 4088
Epoch: 4125, global_step=67567616
SPS: 4089
Epoch: 4126, global_step=67584000
Evaluating
Evaluated 1024 steps resulting in 16 episodes
eval_success_once_mean=0.875
eval_return_mean=47.29972839355469
eval_episode_len_mean=64.0
eval_reward_mean=0.739058256149292
eval_success_at_end_mean=0.875
model saved to runs/gandalf-so101graspcube-43/ckpt_4126.pt
SPS: 4085
Epoch: 4127, global_step=67600384
SPS: 4085
Epoch: 4128, global_step=67616768
SPS: 4085
Epoch: 4129, global_step=67633152
SPS: 4085
Epoch: 4130, global_step=67649536
SPS: 4085
Epoch: 4131, global_step=67665920
SPS: 4086
Epoch: 4132, global_step=67682304
SPS: 4086
Epoch: 4133, global_step=67698688
SPS: 4086
Epoch: 4134, global_step=67715072
SPS: 4086
Epoch: 4135, global_step=67731456
SPS: 4086
Epoch: 4136, global_step=67747840
SPS: 4086
Epoch: 4137, global_step=67764224
SPS: 4087
Epoch: 4138, global_step=67780608
SPS: 4087
Epoch: 4139, global_step=67796992
SPS: 4087
Epoch: 4140, global_step=67813376
SPS: 4087
Epoch: 4141, global_step=67829760
SPS: 4087
Epoch: 4142, global_step=67846144
SPS: 4088
Epoch: 4143, global_step=67862528
SPS: 4088
Epoch: 4144, global_step=67878912
SPS: 4088
Epoch: 4145, global_step=67895296
SPS: 4088
Epoch: 4146, global_step=67911680
SPS: 4088
Epoch: 4147, global_step=67928064
SPS: 4089
Epoch: 4148, global_step=67944448
SPS: 4089
Epoch: 4149, global_step=67960832
SPS: 4089
Epoch: 4150, global_step=67977216
SPS: 4089
Epoch: 4151, global_step=67993600
Evaluating
Evaluated 1024 steps resulting in 16 episodes
eval_success_once_mean=0.875
eval_return_mean=48.846614837646484
eval_episode_len_mean=64.0
eval_reward_mean=0.7632283568382263
eval_success_at_end_mean=0.875
model saved to runs/gandalf-so101graspcube-43/ckpt_4151.pt
SPS: 4085
Epoch: 4152, global_step=68009984
SPS: 4086
Epoch: 4153, global_step=68026368
SPS: 4086
Epoch: 4154, global_step=68042752
SPS: 4086
Epoch: 4155, global_step=68059136
SPS: 4086
Epoch: 4156, global_step=68075520
SPS: 4087
Epoch: 4157, global_step=68091904
SPS: 4087
Epoch: 4158, global_step=68108288
SPS: 4087
Epoch: 4159, global_step=68124672
SPS: 4087
Epoch: 4160, global_step=68141056
SPS: 4087
Epoch: 4161, global_step=68157440
SPS: 4088
Epoch: 4162, global_step=68173824
SPS: 4088
Epoch: 4163, global_step=68190208
SPS: 4088
Epoch: 4164, global_step=68206592
SPS: 4088
Epoch: 4165, global_step=68222976
SPS: 4088
Epoch: 4166, global_step=68239360
SPS: 4088
Epoch: 4167, global_step=68255744
SPS: 4089
Epoch: 4168, global_step=68272128
SPS: 4089
Epoch: 4169, global_step=68288512
SPS: 4089
Epoch: 4170, global_step=68304896
SPS: 4089
Epoch: 4171, global_step=68321280
SPS: 4090
Epoch: 4172, global_step=68337664
SPS: 4089
Epoch: 4173, global_step=68354048
SPS: 4090
Epoch: 4174, global_step=68370432
SPS: 4090
Epoch: 4175, global_step=68386816
SPS: 4090
Epoch: 4176, global_step=68403200
Evaluating
Evaluated 1024 steps resulting in 16 episodes
eval_success_once_mean=1.0
eval_return_mean=51.297142028808594
eval_episode_len_mean=64.0
eval_reward_mean=0.8015178442001343
eval_success_at_end_mean=0.9375
model saved to runs/gandalf-so101graspcube-43/ckpt_4176.pt
SPS: 4086
Epoch: 4177, global_step=68419584
SPS: 4087
Epoch: 4178, global_step=68435968
SPS: 4087
Epoch: 4179, global_step=68452352
SPS: 4087
Epoch: 4180, global_step=68468736
SPS: 4087
Epoch: 4181, global_step=68485120
SPS: 4087
Epoch: 4182, global_step=68501504
SPS: 4087
Epoch: 4183, global_step=68517888
SPS: 4087
Epoch: 4184, global_step=68534272
SPS: 4087
Epoch: 4185, global_step=68550656
SPS: 4088
Epoch: 4186, global_step=68567040
SPS: 4088
Epoch: 4187, global_step=68583424
SPS: 4088
Epoch: 4188, global_step=68599808
SPS: 4088
Epoch: 4189, global_step=68616192
SPS: 4089
Epoch: 4190, global_step=68632576
SPS: 4089
Epoch: 4191, global_step=68648960
SPS: 4089
Epoch: 4192, global_step=68665344
SPS: 4089
Epoch: 4193, global_step=68681728
SPS: 4089
Epoch: 4194, global_step=68698112
SPS: 4090
Epoch: 4195, global_step=68714496
SPS: 4090
Epoch: 4196, global_step=68730880
SPS: 4090
Epoch: 4197, global_step=68747264
SPS: 4090
Epoch: 4198, global_step=68763648
SPS: 4091
Epoch: 4199, global_step=68780032
SPS: 4091
Epoch: 4200, global_step=68796416
SPS: 4091
Epoch: 4201, global_step=68812800
Evaluating
Evaluated 1024 steps resulting in 16 episodes
eval_success_once_mean=1.0
eval_return_mean=51.67494583129883
eval_episode_len_mean=64.0
eval_reward_mean=0.8074210286140442
eval_success_at_end_mean=1.0
model saved to runs/gandalf-so101graspcube-43/ckpt_4201.pt
SPS: 4087
Epoch: 4202, global_step=68829184
SPS: 4087
Epoch: 4203, global_step=68845568
SPS: 4088
Epoch: 4204, global_step=68861952
SPS: 4088
Epoch: 4205, global_step=68878336
SPS: 4088
Epoch: 4206, global_step=68894720
SPS: 4088
Epoch: 4207, global_step=68911104
SPS: 4088
Epoch: 4208, global_step=68927488
SPS: 4089
Epoch: 4209, global_step=68943872
SPS: 4089
Epoch: 4210, global_step=68960256
SPS: 4089
Epoch: 4211, global_step=68976640
SPS: 4089
Epoch: 4212, global_step=68993024
SPS: 4090
Epoch: 4213, global_step=69009408
SPS: 4090
Epoch: 4214, global_step=69025792
SPS: 4090
Epoch: 4215, global_step=69042176
SPS: 4090
Epoch: 4216, global_step=69058560
SPS: 4090
Epoch: 4217, global_step=69074944
SPS: 4090
Epoch: 4218, global_step=69091328
SPS: 4091
Epoch: 4219, global_step=69107712
SPS: 4091
Epoch: 4220, global_step=69124096
SPS: 4091
Epoch: 4221, global_step=69140480
SPS: 4091
Epoch: 4222, global_step=69156864
SPS: 4091
Epoch: 4223, global_step=69173248
SPS: 4092
Epoch: 4224, global_step=69189632
SPS: 4092
Epoch: 4225, global_step=69206016
SPS: 4092
Epoch: 4226, global_step=69222400
Evaluating
Evaluated 1024 steps resulting in 16 episodes
eval_success_once_mean=1.0
eval_return_mean=52.13682174682617
eval_episode_len_mean=64.0
eval_reward_mean=0.8146378397941589
eval_success_at_end_mean=1.0
model saved to runs/gandalf-so101graspcube-43/ckpt_4226.pt
SPS: 4088
Epoch: 4227, global_step=69238784
SPS: 4088
Epoch: 4228, global_step=69255168
SPS: 4089
Epoch: 4229, global_step=69271552
SPS: 4089
Epoch: 4230, global_step=69287936
SPS: 4089
Epoch: 4231, global_step=69304320
SPS: 4089
Epoch: 4232, global_step=69320704
SPS: 4089
Epoch: 4233, global_step=69337088
SPS: 4090
Epoch: 4234, global_step=69353472
SPS: 4090
Epoch: 4235, global_step=69369856
SPS: 4090
Epoch: 4236, global_step=69386240
SPS: 4090
Epoch: 4237, global_step=69402624
SPS: 4090
Epoch: 4238, global_step=69419008
SPS: 4091
Epoch: 4239, global_step=69435392
SPS: 4091
Epoch: 4240, global_step=69451776
SPS: 4091
Epoch: 4241, global_step=69468160
SPS: 4091
Epoch: 4242, global_step=69484544
SPS: 4092
Epoch: 4243, global_step=69500928
SPS: 4092
Epoch: 4244, global_step=69517312
SPS: 4092
Epoch: 4245, global_step=69533696
SPS: 4092
Epoch: 4246, global_step=69550080
SPS: 4092
Epoch: 4247, global_step=69566464
SPS: 4093
Epoch: 4248, global_step=69582848
SPS: 4093
Epoch: 4249, global_step=69599232
SPS: 4093
Epoch: 4250, global_step=69615616
SPS: 4093
Epoch: 4251, global_step=69632000
Evaluating
Evaluated 1024 steps resulting in 16 episodes
eval_success_once_mean=0.875
eval_return_mean=48.1492805480957
eval_episode_len_mean=64.0
eval_reward_mean=0.7523325085639954
eval_success_at_end_mean=0.875
model saved to runs/gandalf-so101graspcube-43/ckpt_4251.pt
SPS: 4089
Epoch: 4252, global_step=69648384
SPS: 4090
Epoch: 4253, global_step=69664768
SPS: 4090
Epoch: 4254, global_step=69681152
SPS: 4090
Epoch: 4255, global_step=69697536
SPS: 4090
Epoch: 4256, global_step=69713920
SPS: 4090
Epoch: 4257, global_step=69730304
SPS: 4091
Epoch: 4258, global_step=69746688
SPS: 4091
Epoch: 4259, global_step=69763072
SPS: 4091
Epoch: 4260, global_step=69779456
SPS: 4091
Epoch: 4261, global_step=69795840
SPS: 4092
Epoch: 4262, global_step=69812224
SPS: 4092
Epoch: 4263, global_step=69828608
SPS: 4092
Epoch: 4264, global_step=69844992
SPS: 4092
Epoch: 4265, global_step=69861376
SPS: 4092
Epoch: 4266, global_step=69877760
SPS: 4092
Epoch: 4267, global_step=69894144
SPS: 4093
Epoch: 4268, global_step=69910528
SPS: 4093
Epoch: 4269, global_step=69926912
SPS: 4093
Epoch: 4270, global_step=69943296
SPS: 4093
Epoch: 4271, global_step=69959680
SPS: 4093
Epoch: 4272, global_step=69976064
SPS: 4094
Epoch: 4273, global_step=69992448
SPS: 4094
Epoch: 4274, global_step=70008832
SPS: 4094
Epoch: 4275, global_step=70025216
SPS: 4094
Epoch: 4276, global_step=70041600
Evaluating
Evaluated 1024 steps resulting in 16 episodes
eval_success_once_mean=0.875
eval_return_mean=46.58161926269531
eval_episode_len_mean=64.0
eval_reward_mean=0.7278378009796143
eval_success_at_end_mean=0.8125
model saved to runs/gandalf-so101graspcube-43/ckpt_4276.pt
SPS: 4090
Epoch: 4277, global_step=70057984
SPS: 4091
Epoch: 4278, global_step=70074368
SPS: 4091
Epoch: 4279, global_step=70090752
SPS: 4091
Epoch: 4280, global_step=70107136
SPS: 4091
Epoch: 4281, global_step=70123520
SPS: 4092
Epoch: 4282, global_step=70139904
SPS: 4092
Epoch: 4283, global_step=70156288
SPS: 4092
Epoch: 4284, global_step=70172672
SPS: 4092
Epoch: 4285, global_step=70189056
SPS: 4093
Epoch: 4286, global_step=70205440
SPS: 4093
Epoch: 4287, global_step=70221824
SPS: 4093
Epoch: 4288, global_step=70238208
SPS: 4093
Epoch: 4289, global_step=70254592
SPS: 4093
Epoch: 4290, global_step=70270976
SPS: 4094
Epoch: 4291, global_step=70287360
SPS: 4094
Epoch: 4292, global_step=70303744
SPS: 4094
Epoch: 4293, global_step=70320128
SPS: 4094
Epoch: 4294, global_step=70336512
SPS: 4095
Epoch: 4295, global_step=70352896
SPS: 4095
Epoch: 4296, global_step=70369280
SPS: 4095
Epoch: 4297, global_step=70385664
SPS: 4095
Epoch: 4298, global_step=70402048
SPS: 4095
Epoch: 4299, global_step=70418432
SPS: 4096
Epoch: 4300, global_step=70434816
SPS: 4096
Epoch: 4301, global_step=70451200
Evaluating
Evaluated 1024 steps resulting in 16 episodes
eval_success_once_mean=1.0
eval_return_mean=52.04444122314453
eval_episode_len_mean=64.0
eval_reward_mean=0.8131943941116333
eval_success_at_end_mean=1.0
model saved to runs/gandalf-so101graspcube-43/ckpt_4301.pt
SPS: 4092
Epoch: 4302, global_step=70467584
SPS: 4092
Epoch: 4303, global_step=70483968
SPS: 4093
Epoch: 4304, global_step=70500352
SPS: 4093
Epoch: 4305, global_step=70516736
SPS: 4093
Epoch: 4306, global_step=70533120
SPS: 4093
Epoch: 4307, global_step=70549504
SPS: 4094
Epoch: 4308, global_step=70565888
SPS: 4094
Epoch: 4309, global_step=70582272
SPS: 4094
Epoch: 4310, global_step=70598656
SPS: 4094
Epoch: 4311, global_step=70615040
SPS: 4094
Epoch: 4312, global_step=70631424
SPS: 4095
Epoch: 4313, global_step=70647808
SPS: 4095
Epoch: 4314, global_step=70664192
SPS: 4095
Epoch: 4315, global_step=70680576
SPS: 4095
Epoch: 4316, global_step=70696960
SPS: 4095
Epoch: 4317, global_step=70713344
SPS: 4096
Epoch: 4318, global_step=70729728
SPS: 4096
Epoch: 4319, global_step=70746112
SPS: 4096
Epoch: 4320, global_step=70762496
SPS: 4096
Epoch: 4321, global_step=70778880
SPS: 4096
Epoch: 4322, global_step=70795264
SPS: 4097
Epoch: 4323, global_step=70811648
SPS: 4097
Epoch: 4324, global_step=70828032
SPS: 4097
Epoch: 4325, global_step=70844416
SPS: 4097
Epoch: 4326, global_step=70860800
Evaluating
Evaluated 1024 steps resulting in 16 episodes
eval_success_once_mean=1.0
eval_return_mean=53.961307525634766
eval_episode_len_mean=64.0
eval_reward_mean=0.8431454300880432
eval_success_at_end_mean=1.0
model saved to runs/gandalf-so101graspcube-43/ckpt_4326.pt
SPS: 4094
Epoch: 4327, global_step=70877184
SPS: 4094
Epoch: 4328, global_step=70893568
SPS: 4094
Epoch: 4329, global_step=70909952
SPS: 4094
Epoch: 4330, global_step=70926336
SPS: 4095
Epoch: 4331, global_step=70942720
SPS: 4095
Epoch: 4332, global_step=70959104
SPS: 4095
Epoch: 4333, global_step=70975488
SPS: 4095
Epoch: 4334, global_step=70991872
SPS: 4095
Epoch: 4335, global_step=71008256
SPS: 4096
Epoch: 4336, global_step=71024640
SPS: 4096
Epoch: 4337, global_step=71041024
SPS: 4096
Epoch: 4338, global_step=71057408
SPS: 4096
Epoch: 4339, global_step=71073792
SPS: 4096
Epoch: 4340, global_step=71090176
SPS: 4096
Epoch: 4341, global_step=71106560
SPS: 4097
Epoch: 4342, global_step=71122944
SPS: 4097
Epoch: 4343, global_step=71139328
SPS: 4097
Epoch: 4344, global_step=71155712
SPS: 4097
Epoch: 4345, global_step=71172096
SPS: 4097
Epoch: 4346, global_step=71188480
SPS: 4098
Epoch: 4347, global_step=71204864
SPS: 4098
Epoch: 4348, global_step=71221248
SPS: 4098
Epoch: 4349, global_step=71237632
SPS: 4098
Epoch: 4350, global_step=71254016
SPS: 4098
Epoch: 4351, global_step=71270400
Evaluating
Evaluated 1024 steps resulting in 16 episodes
eval_success_once_mean=0.875
eval_return_mean=47.05223083496094
eval_episode_len_mean=64.0
eval_reward_mean=0.7351911067962646
eval_success_at_end_mean=0.875
model saved to runs/gandalf-so101graspcube-43/ckpt_4351.pt
SPS: 4094
Epoch: 4352, global_step=71286784
SPS: 4095
Epoch: 4353, global_step=71303168
SPS: 4095
Epoch: 4354, global_step=71319552
SPS: 4095
Epoch: 4355, global_step=71335936
SPS: 4095
Epoch: 4356, global_step=71352320
SPS: 4095
Epoch: 4357, global_step=71368704
SPS: 4096
Epoch: 4358, global_step=71385088
SPS: 4096
Epoch: 4359, global_step=71401472
SPS: 4096
Epoch: 4360, global_step=71417856
SPS: 4096
Epoch: 4361, global_step=71434240
SPS: 4097
Epoch: 4362, global_step=71450624
SPS: 4097
Epoch: 4363, global_step=71467008
SPS: 4097
Epoch: 4364, global_step=71483392
SPS: 4097
Epoch: 4365, global_step=71499776
SPS: 4097
Epoch: 4366, global_step=71516160
SPS: 4098
Epoch: 4367, global_step=71532544
SPS: 4098
Epoch: 4368, global_step=71548928
SPS: 4098
Epoch: 4369, global_step=71565312
SPS: 4098
Epoch: 4370, global_step=71581696
SPS: 4098
Epoch: 4371, global_step=71598080
SPS: 4099
Epoch: 4372, global_step=71614464
SPS: 4099
Epoch: 4373, global_step=71630848
SPS: 4099
Epoch: 4374, global_step=71647232
SPS: 4099
Epoch: 4375, global_step=71663616
SPS: 4099
Epoch: 4376, global_step=71680000
Evaluating
Evaluated 1024 steps resulting in 16 episodes
eval_success_once_mean=0.9375
eval_return_mean=50.48829650878906
eval_episode_len_mean=64.0
eval_reward_mean=0.7888796329498291
eval_success_at_end_mean=0.875
model saved to runs/gandalf-so101graspcube-43/ckpt_4376.pt
SPS: 4096
Epoch: 4377, global_step=71696384
SPS: 4096
Epoch: 4378, global_step=71712768
SPS: 4096
Epoch: 4379, global_step=71729152
SPS: 4096
Epoch: 4380, global_step=71745536
SPS: 4097
Epoch: 4381, global_step=71761920
SPS: 4097
Epoch: 4382, global_step=71778304
SPS: 4097
Epoch: 4383, global_step=71794688
SPS: 4097
Epoch: 4384, global_step=71811072
SPS: 4097
Epoch: 4385, global_step=71827456
SPS: 4098
Epoch: 4386, global_step=71843840
SPS: 4098
Epoch: 4387, global_step=71860224
SPS: 4098
Epoch: 4388, global_step=71876608
SPS: 4098
Epoch: 4389, global_step=71892992
SPS: 4098
Epoch: 4390, global_step=71909376
SPS: 4099
Epoch: 4391, global_step=71925760
SPS: 4099
Epoch: 4392, global_step=71942144
SPS: 4099
Epoch: 4393, global_step=71958528
SPS: 4099
Epoch: 4394, global_step=71974912
SPS: 4099
Epoch: 4395, global_step=71991296
SPS: 4100
Epoch: 4396, global_step=72007680
SPS: 4100
Epoch: 4397, global_step=72024064
SPS: 4100
Epoch: 4398, global_step=72040448
SPS: 4100
Epoch: 4399, global_step=72056832
SPS: 4100
Epoch: 4400, global_step=72073216
SPS: 4100
Epoch: 4401, global_step=72089600
Evaluating
Evaluated 1024 steps resulting in 16 episodes
eval_success_once_mean=1.0
eval_return_mean=52.93034744262695
eval_episode_len_mean=64.0
eval_reward_mean=0.8270366787910461
eval_success_at_end_mean=1.0
model saved to runs/gandalf-so101graspcube-43/ckpt_4401.pt
SPS: 4097
Epoch: 4402, global_step=72105984
SPS: 4097
Epoch: 4403, global_step=72122368
SPS: 4097
Epoch: 4404, global_step=72138752
SPS: 4098
Epoch: 4405, global_step=72155136
SPS: 4098
Epoch: 4406, global_step=72171520
SPS: 4098
Epoch: 4407, global_step=72187904
SPS: 4098
Epoch: 4408, global_step=72204288
SPS: 4098
Epoch: 4409, global_step=72220672
SPS: 4099
Epoch: 4410, global_step=72237056
SPS: 4099
Epoch: 4411, global_step=72253440
SPS: 4099
Epoch: 4412, global_step=72269824
SPS: 4099
Epoch: 4413, global_step=72286208
SPS: 4099
Epoch: 4414, global_step=72302592
SPS: 4100
Epoch: 4415, global_step=72318976
SPS: 4100
Epoch: 4416, global_step=72335360
SPS: 4100
Epoch: 4417, global_step=72351744
SPS: 4100
Epoch: 4418, global_step=72368128
SPS: 4100
Epoch: 4419, global_step=72384512
SPS: 4101
Epoch: 4420, global_step=72400896
SPS: 4101
Epoch: 4421, global_step=72417280
SPS: 4101
Epoch: 4422, global_step=72433664
SPS: 4101
Epoch: 4423, global_step=72450048
SPS: 4102
Epoch: 4424, global_step=72466432
SPS: 4102
Epoch: 4425, global_step=72482816
SPS: 4102
Epoch: 4426, global_step=72499200
Evaluating
Evaluated 1024 steps resulting in 16 episodes
eval_success_once_mean=1.0
eval_return_mean=53.477989196777344
eval_episode_len_mean=64.0
eval_reward_mean=0.835593581199646
eval_success_at_end_mean=1.0
model saved to runs/gandalf-so101graspcube-43/ckpt_4426.pt
SPS: 4099
Epoch: 4427, global_step=72515584
SPS: 4099
Epoch: 4428, global_step=72531968
SPS: 4099
Epoch: 4429, global_step=72548352
SPS: 4099
Epoch: 4430, global_step=72564736
SPS: 4099
Epoch: 4431, global_step=72581120
SPS: 4099
Epoch: 4432, global_step=72597504
SPS: 4100
Epoch: 4433, global_step=72613888
SPS: 4100
Epoch: 4434, global_step=72630272
SPS: 4100
Epoch: 4435, global_step=72646656
SPS: 4100
Epoch: 4436, global_step=72663040
SPS: 4100
Epoch: 4437, global_step=72679424
SPS: 4101
Epoch: 4438, global_step=72695808
SPS: 4101
Epoch: 4439, global_step=72712192
SPS: 4101
Epoch: 4440, global_step=72728576
SPS: 4101
Epoch: 4441, global_step=72744960
SPS: 4101
Epoch: 4442, global_step=72761344
SPS: 4102
Epoch: 4443, global_step=72777728
SPS: 4102
Epoch: 4444, global_step=72794112
SPS: 4102
Epoch: 4445, global_step=72810496
SPS: 4102
Epoch: 4446, global_step=72826880
SPS: 4102
Epoch: 4447, global_step=72843264
SPS: 4103
Epoch: 4448, global_step=72859648
SPS: 4103
Epoch: 4449, global_step=72876032
SPS: 4103
Epoch: 4450, global_step=72892416
SPS: 4103
Epoch: 4451, global_step=72908800
Evaluating
Evaluated 1024 steps resulting in 16 episodes
eval_success_once_mean=1.0
eval_return_mean=54.392250061035156
eval_episode_len_mean=64.0
eval_reward_mean=0.8498789072036743
eval_success_at_end_mean=1.0
model saved to runs/gandalf-so101graspcube-43/ckpt_4451.pt
SPS: 4100
Epoch: 4452, global_step=72925184
SPS: 4100
Epoch: 4453, global_step=72941568
SPS: 4100
Epoch: 4454, global_step=72957952
SPS: 4100
Epoch: 4455, global_step=72974336
SPS: 4101
Epoch: 4456, global_step=72990720
SPS: 4101
Epoch: 4457, global_step=73007104
SPS: 4101
Epoch: 4458, global_step=73023488
SPS: 4101
Epoch: 4459, global_step=73039872
SPS: 4102
Epoch: 4460, global_step=73056256
SPS: 4102
Epoch: 4461, global_step=73072640
SPS: 4102
Epoch: 4462, global_step=73089024
SPS: 4102
Epoch: 4463, global_step=73105408
SPS: 4102
Epoch: 4464, global_step=73121792
SPS: 4102
Epoch: 4465, global_step=73138176
SPS: 4102
Epoch: 4466, global_step=73154560
SPS: 4103
Epoch: 4467, global_step=73170944
SPS: 4103
Epoch: 4468, global_step=73187328
SPS: 4103
Epoch: 4469, global_step=73203712
SPS: 4103
Epoch: 4470, global_step=73220096
SPS: 4103
Epoch: 4471, global_step=73236480
SPS: 4104
Epoch: 4472, global_step=73252864
SPS: 4104
Epoch: 4473, global_step=73269248
SPS: 4104
Epoch: 4474, global_step=73285632
SPS: 4104
Epoch: 4475, global_step=73302016
SPS: 4104
Epoch: 4476, global_step=73318400
Evaluating
Evaluated 1024 steps resulting in 16 episodes
eval_success_once_mean=0.9375
eval_return_mean=51.33685302734375
eval_episode_len_mean=64.0
eval_reward_mean=0.8021383285522461
eval_success_at_end_mean=0.9375
model saved to runs/gandalf-so101graspcube-43/ckpt_4476.pt
SPS: 4101
Epoch: 4477, global_step=73334784
SPS: 4101
Epoch: 4478, global_step=73351168
SPS: 4101
Epoch: 4479, global_step=73367552
SPS: 4101
Epoch: 4480, global_step=73383936
SPS: 4101
Epoch: 4481, global_step=73400320
SPS: 4102
Epoch: 4482, global_step=73416704
SPS: 4102
Epoch: 4483, global_step=73433088
SPS: 4102
Epoch: 4484, global_step=73449472
SPS: 4102
Epoch: 4485, global_step=73465856
SPS: 4102
Epoch: 4486, global_step=73482240
SPS: 4102
Epoch: 4487, global_step=73498624
SPS: 4103
Epoch: 4488, global_step=73515008
SPS: 4103
Epoch: 4489, global_step=73531392
SPS: 4103
Epoch: 4490, global_step=73547776
SPS: 4103
Epoch: 4491, global_step=73564160
SPS: 4103
Epoch: 4492, global_step=73580544
SPS: 4103
Epoch: 4493, global_step=73596928
SPS: 4104
Epoch: 4494, global_step=73613312
SPS: 4104
Epoch: 4495, global_step=73629696
SPS: 4104
Epoch: 4496, global_step=73646080
SPS: 4104
Epoch: 4497, global_step=73662464
SPS: 4105
Epoch: 4498, global_step=73678848
SPS: 4105
Epoch: 4499, global_step=73695232
SPS: 4105
Epoch: 4500, global_step=73711616
SPS: 4105
Epoch: 4501, global_step=73728000
Evaluating
Evaluated 1024 steps resulting in 16 episodes
eval_success_once_mean=1.0
eval_return_mean=47.962135314941406
eval_episode_len_mean=64.0
eval_reward_mean=0.7494083642959595
eval_success_at_end_mean=1.0
model saved to runs/gandalf-so101graspcube-43/ckpt_4501.pt
SPS: 4101
Epoch: 4502, global_step=73744384
SPS: 4101
Epoch: 4503, global_step=73760768
SPS: 4102
Epoch: 4504, global_step=73777152
SPS: 4102
Epoch: 4505, global_step=73793536
SPS: 4102
Epoch: 4506, global_step=73809920
SPS: 4102
Epoch: 4507, global_step=73826304
SPS: 4102
Epoch: 4508, global_step=73842688
SPS: 4103
Epoch: 4509, global_step=73859072
SPS: 4103
Epoch: 4510, global_step=73875456
SPS: 4103
Epoch: 4511, global_step=73891840
SPS: 4103
Epoch: 4512, global_step=73908224
SPS: 4103
Epoch: 4513, global_step=73924608
SPS: 4104
Epoch: 4514, global_step=73940992
SPS: 4104
Epoch: 4515, global_step=73957376
SPS: 4104
Epoch: 4516, global_step=73973760
SPS: 4104
Epoch: 4517, global_step=73990144
SPS: 4104
Epoch: 4518, global_step=74006528
SPS: 4105
Epoch: 4519, global_step=74022912
SPS: 4105
Epoch: 4520, global_step=74039296
SPS: 4105
Epoch: 4521, global_step=74055680
SPS: 4105
Epoch: 4522, global_step=74072064
SPS: 4105
Epoch: 4523, global_step=74088448
SPS: 4106
Epoch: 4524, global_step=74104832
SPS: 4106
Epoch: 4525, global_step=74121216
SPS: 4106
Epoch: 4526, global_step=74137600
Evaluating
Evaluated 1024 steps resulting in 16 episodes
eval_success_once_mean=0.9375
eval_return_mean=52.92279052734375
eval_episode_len_mean=64.0
eval_reward_mean=0.8269186019897461
eval_success_at_end_mean=0.9375
model saved to runs/gandalf-so101graspcube-43/ckpt_4526.pt
SPS: 4102
Epoch: 4527, global_step=74153984
SPS: 4102
Epoch: 4528, global_step=74170368
SPS: 4102
Epoch: 4529, global_step=74186752
SPS: 4103
Epoch: 4530, global_step=74203136
SPS: 4103
Epoch: 4531, global_step=74219520
SPS: 4103
Epoch: 4532, global_step=74235904
SPS: 4103
Epoch: 4533, global_step=74252288
SPS: 4103
Epoch: 4534, global_step=74268672
SPS: 4104
Epoch: 4535, global_step=74285056
SPS: 4104
Epoch: 4536, global_step=74301440
SPS: 4104
Epoch: 4537, global_step=74317824
SPS: 4104
Epoch: 4538, global_step=74334208
SPS: 4104
Epoch: 4539, global_step=74350592
SPS: 4105
Epoch: 4540, global_step=74366976
SPS: 4105
Epoch: 4541, global_step=74383360
SPS: 4105
Epoch: 4542, global_step=74399744
SPS: 4105
Epoch: 4543, global_step=74416128
SPS: 4105
Epoch: 4544, global_step=74432512
SPS: 4105
Epoch: 4545, global_step=74448896
SPS: 4106
Epoch: 4546, global_step=74465280
SPS: 4106
Epoch: 4547, global_step=74481664
SPS: 4106
Epoch: 4548, global_step=74498048
SPS: 4106
Epoch: 4549, global_step=74514432
SPS: 4106
Epoch: 4550, global_step=74530816
SPS: 4107
Epoch: 4551, global_step=74547200
Evaluating
Evaluated 1024 steps resulting in 16 episodes
eval_success_once_mean=0.875
eval_return_mean=48.25785827636719
eval_episode_len_mean=64.0
eval_reward_mean=0.7540290355682373
eval_success_at_end_mean=0.875
model saved to runs/gandalf-so101graspcube-43/ckpt_4551.pt
SPS: 4103
Epoch: 4552, global_step=74563584
SPS: 4103
Epoch: 4553, global_step=74579968
SPS: 4104
Epoch: 4554, global_step=74596352
SPS: 4104
Epoch: 4555, global_step=74612736
SPS: 4104
Epoch: 4556, global_step=74629120
SPS: 4104
Epoch: 4557, global_step=74645504
SPS: 4104
Epoch: 4558, global_step=74661888
SPS: 4105
Epoch: 4559, global_step=74678272
SPS: 4105
Epoch: 4560, global_step=74694656
SPS: 4105
Epoch: 4561, global_step=74711040
SPS: 4105
Epoch: 4562, global_step=74727424
SPS: 4105
Epoch: 4563, global_step=74743808
SPS: 4106
Epoch: 4564, global_step=74760192
SPS: 4106
Epoch: 4565, global_step=74776576
SPS: 4106
Epoch: 4566, global_step=74792960
SPS: 4106
Epoch: 4567, global_step=74809344
SPS: 4106
Epoch: 4568, global_step=74825728
SPS: 4107
Epoch: 4569, global_step=74842112
SPS: 4107
Epoch: 4570, global_step=74858496
SPS: 4107
Epoch: 4571, global_step=74874880
SPS: 4107
Epoch: 4572, global_step=74891264
SPS: 4107
Epoch: 4573, global_step=74907648
SPS: 4108
Epoch: 4574, global_step=74924032
SPS: 4108
Epoch: 4575, global_step=74940416
SPS: 4108
Epoch: 4576, global_step=74956800
Evaluating
Evaluated 1024 steps resulting in 16 episodes
eval_success_once_mean=0.9375
eval_return_mean=50.194339752197266
eval_episode_len_mean=64.0
eval_reward_mean=0.7842865586280823
eval_success_at_end_mean=0.9375
model saved to runs/gandalf-so101graspcube-43/ckpt_4576.pt
SPS: 4105
Epoch: 4577, global_step=74973184
SPS: 4105
Epoch: 4578, global_step=74989568
SPS: 4105
Epoch: 4579, global_step=75005952
SPS: 4105
Epoch: 4580, global_step=75022336
SPS: 4106
Epoch: 4581, global_step=75038720
SPS: 4106
Epoch: 4582, global_step=75055104
SPS: 4106
Epoch: 4583, global_step=75071488
SPS: 4106
Epoch: 4584, global_step=75087872
SPS: 4106
Epoch: 4585, global_step=75104256
SPS: 4107
Epoch: 4586, global_step=75120640
SPS: 4107
Epoch: 4587, global_step=75137024
SPS: 4107
Epoch: 4588, global_step=75153408
SPS: 4107
Epoch: 4589, global_step=75169792
SPS: 4107
Epoch: 4590, global_step=75186176
SPS: 4108
Epoch: 4591, global_step=75202560
SPS: 4108
Epoch: 4592, global_step=75218944
SPS: 4108
Epoch: 4593, global_step=75235328
SPS: 4108
Epoch: 4594, global_step=75251712
SPS: 4108
Epoch: 4595, global_step=75268096
SPS: 4108
Epoch: 4596, global_step=75284480
SPS: 4108
Epoch: 4597, global_step=75300864
SPS: 4109
Epoch: 4598, global_step=75317248
SPS: 4109
Epoch: 4599, global_step=75333632
SPS: 4109
Epoch: 4600, global_step=75350016
SPS: 4109
Epoch: 4601, global_step=75366400
Evaluating
Evaluated 1024 steps resulting in 16 episodes
eval_success_once_mean=0.9375
eval_return_mean=50.071868896484375
eval_episode_len_mean=64.0
eval_reward_mean=0.7823729515075684
eval_success_at_end_mean=0.9375
model saved to runs/gandalf-so101graspcube-43/ckpt_4601.pt
SPS: 4106
Epoch: 4602, global_step=75382784
SPS: 4106
Epoch: 4603, global_step=75399168
SPS: 4106
Epoch: 4604, global_step=75415552
SPS: 4106
Epoch: 4605, global_step=75431936
SPS: 4107
Epoch: 4606, global_step=75448320
SPS: 4107
Epoch: 4607, global_step=75464704
SPS: 4107
Epoch: 4608, global_step=75481088
SPS: 4107
Epoch: 4609, global_step=75497472
SPS: 4107
Epoch: 4610, global_step=75513856
SPS: 4108
Epoch: 4611, global_step=75530240
SPS: 4108
Epoch: 4612, global_step=75546624
SPS: 4108
Epoch: 4613, global_step=75563008
SPS: 4108
Epoch: 4614, global_step=75579392
SPS: 4108
Epoch: 4615, global_step=75595776
SPS: 4109
Epoch: 4616, global_step=75612160
SPS: 4109
Epoch: 4617, global_step=75628544
SPS: 4109
Epoch: 4618, global_step=75644928
SPS: 4109
Epoch: 4619, global_step=75661312
SPS: 4109
Epoch: 4620, global_step=75677696
SPS: 4109
Epoch: 4621, global_step=75694080
SPS: 4110
Epoch: 4622, global_step=75710464
SPS: 4110
Epoch: 4623, global_step=75726848
SPS: 4110
Epoch: 4624, global_step=75743232
SPS: 4110
Epoch: 4625, global_step=75759616
SPS: 4110
Epoch: 4626, global_step=75776000
Evaluating
Evaluated 1024 steps resulting in 16 episodes
eval_success_once_mean=0.9375
eval_return_mean=46.97103500366211
eval_episode_len_mean=64.0
eval_reward_mean=0.7339224219322205
eval_success_at_end_mean=0.9375
model saved to runs/gandalf-so101graspcube-43/ckpt_4626.pt
SPS: 4107
Epoch: 4627, global_step=75792384
SPS: 4107
Epoch: 4628, global_step=75808768
SPS: 4107
Epoch: 4629, global_step=75825152
SPS: 4107
Epoch: 4630, global_step=75841536
SPS: 4107
Epoch: 4631, global_step=75857920
SPS: 4108
Epoch: 4632, global_step=75874304
SPS: 4108
Epoch: 4633, global_step=75890688
SPS: 4108
Epoch: 4634, global_step=75907072
SPS: 4108
Epoch: 4635, global_step=75923456
SPS: 4108
Epoch: 4636, global_step=75939840
SPS: 4108
Epoch: 4637, global_step=75956224
SPS: 4109
Epoch: 4638, global_step=75972608
SPS: 4109
Epoch: 4639, global_step=75988992
SPS: 4109
Epoch: 4640, global_step=76005376
SPS: 4109
Epoch: 4641, global_step=76021760
SPS: 4109
Epoch: 4642, global_step=76038144
SPS: 4110
Epoch: 4643, global_step=76054528
SPS: 4110
Epoch: 4644, global_step=76070912
SPS: 4110
Epoch: 4645, global_step=76087296
SPS: 4110
Epoch: 4646, global_step=76103680
SPS: 4110
Epoch: 4647, global_step=76120064
SPS: 4110
Epoch: 4648, global_step=76136448
SPS: 4110
Epoch: 4649, global_step=76152832
SPS: 4111
Epoch: 4650, global_step=76169216
SPS: 4111
Epoch: 4651, global_step=76185600
Evaluating
Evaluated 1024 steps resulting in 16 episodes
eval_success_once_mean=1.0
eval_return_mean=52.54637145996094
eval_episode_len_mean=64.0
eval_reward_mean=0.8210370540618896
eval_success_at_end_mean=1.0
model saved to runs/gandalf-so101graspcube-43/ckpt_4651.pt
SPS: 4108
Epoch: 4652, global_step=76201984
SPS: 4108
Epoch: 4653, global_step=76218368
SPS: 4108
Epoch: 4654, global_step=76234752
SPS: 4108
Epoch: 4655, global_step=76251136
SPS: 4108
Epoch: 4656, global_step=76267520
SPS: 4109
Epoch: 4657, global_step=76283904
SPS: 4109
Epoch: 4658, global_step=76300288
SPS: 4109
Epoch: 4659, global_step=76316672
SPS: 4109
Epoch: 4660, global_step=76333056
SPS: 4109
Epoch: 4661, global_step=76349440
SPS: 4110
Epoch: 4662, global_step=76365824
SPS: 4110
Epoch: 4663, global_step=76382208
SPS: 4110
Epoch: 4664, global_step=76398592
SPS: 4110
Epoch: 4665, global_step=76414976
SPS: 4110
Epoch: 4666, global_step=76431360
SPS: 4110
Epoch: 4667, global_step=76447744
SPS: 4111
Epoch: 4668, global_step=76464128
SPS: 4111
Epoch: 4669, global_step=76480512
SPS: 4111
Epoch: 4670, global_step=76496896
SPS: 4111
Epoch: 4671, global_step=76513280
SPS: 4112
Epoch: 4672, global_step=76529664
SPS: 4112
Epoch: 4673, global_step=76546048
SPS: 4112
Epoch: 4674, global_step=76562432
SPS: 4112
Epoch: 4675, global_step=76578816
SPS: 4112
Epoch: 4676, global_step=76595200
Evaluating
Evaluated 1024 steps resulting in 16 episodes
eval_success_once_mean=0.9375
eval_return_mean=51.924903869628906
eval_episode_len_mean=64.0
eval_reward_mean=0.8113266229629517
eval_success_at_end_mean=0.9375
model saved to runs/gandalf-so101graspcube-43/ckpt_4676.pt
SPS: 4109
Epoch: 4677, global_step=76611584
SPS: 4109
Epoch: 4678, global_step=76627968
SPS: 4109
Epoch: 4679, global_step=76644352
SPS: 4109
Epoch: 4680, global_step=76660736
SPS: 4109
Epoch: 4681, global_step=76677120
SPS: 4110
Epoch: 4682, global_step=76693504
SPS: 4110
Epoch: 4683, global_step=76709888
SPS: 4110
Epoch: 4684, global_step=76726272
SPS: 4110
Epoch: 4685, global_step=76742656
SPS: 4110
Epoch: 4686, global_step=76759040
SPS: 4110
Epoch: 4687, global_step=76775424
SPS: 4111
Epoch: 4688, global_step=76791808
SPS: 4111
Epoch: 4689, global_step=76808192
SPS: 4111
Epoch: 4690, global_step=76824576
SPS: 4111
Epoch: 4691, global_step=76840960
SPS: 4111
Epoch: 4692, global_step=76857344
SPS: 4112
Epoch: 4693, global_step=76873728
SPS: 4112
Epoch: 4694, global_step=76890112
SPS: 4112
Epoch: 4695, global_step=76906496
SPS: 4112
Epoch: 4696, global_step=76922880
SPS: 4112
Epoch: 4697, global_step=76939264
SPS: 4113
Epoch: 4698, global_step=76955648
SPS: 4113
Epoch: 4699, global_step=76972032
SPS: 4113
Epoch: 4700, global_step=76988416
SPS: 4113
Epoch: 4701, global_step=77004800
Evaluating
Evaluated 1024 steps resulting in 16 episodes
eval_success_once_mean=1.0
eval_return_mean=53.86093521118164
eval_episode_len_mean=64.0
eval_reward_mean=0.8415771126747131
eval_success_at_end_mean=1.0
model saved to runs/gandalf-so101graspcube-43/ckpt_4701.pt
SPS: 4110
Epoch: 4702, global_step=77021184
SPS: 4110
Epoch: 4703, global_step=77037568
SPS: 4110
Epoch: 4704, global_step=77053952
SPS: 4110
Epoch: 4705, global_step=77070336
SPS: 4110
Epoch: 4706, global_step=77086720
SPS: 4111
Epoch: 4707, global_step=77103104
SPS: 4111
Epoch: 4708, global_step=77119488
SPS: 4111
Epoch: 4709, global_step=77135872
SPS: 4111
Epoch: 4710, global_step=77152256
SPS: 4111
Epoch: 4711, global_step=77168640
SPS: 4111
Epoch: 4712, global_step=77185024
SPS: 4111
Epoch: 4713, global_step=77201408
SPS: 4112
Epoch: 4714, global_step=77217792
SPS: 4112
Epoch: 4715, global_step=77234176
SPS: 4112
Epoch: 4716, global_step=77250560
SPS: 4112
Epoch: 4717, global_step=77266944
SPS: 4112
Epoch: 4718, global_step=77283328
SPS: 4112
Epoch: 4719, global_step=77299712
SPS: 4113
Epoch: 4720, global_step=77316096
SPS: 4113
Epoch: 4721, global_step=77332480
SPS: 4113
Epoch: 4722, global_step=77348864
SPS: 4113
Epoch: 4723, global_step=77365248
SPS: 4113
Epoch: 4724, global_step=77381632
SPS: 4113
Epoch: 4725, global_step=77398016
SPS: 4113
Epoch: 4726, global_step=77414400
Evaluating
Evaluated 1024 steps resulting in 16 episodes
eval_success_once_mean=0.9375
eval_return_mean=49.78306579589844
eval_episode_len_mean=64.0
eval_reward_mean=0.7778604030609131
eval_success_at_end_mean=0.9375
model saved to runs/gandalf-so101graspcube-43/ckpt_4726.pt
SPS: 4110
Epoch: 4727, global_step=77430784
SPS: 4110
Epoch: 4728, global_step=77447168
SPS: 4110
Epoch: 4729, global_step=77463552
SPS: 4110
Epoch: 4730, global_step=77479936
SPS: 4110
Epoch: 4731, global_step=77496320
SPS: 4111
Epoch: 4732, global_step=77512704
SPS: 4111
Epoch: 4733, global_step=77529088
SPS: 4111
Epoch: 4734, global_step=77545472
SPS: 4111
Epoch: 4735, global_step=77561856
SPS: 4111
Epoch: 4736, global_step=77578240
SPS: 4111
Epoch: 4737, global_step=77594624
SPS: 4111
Epoch: 4738, global_step=77611008
SPS: 4111
Epoch: 4739, global_step=77627392
SPS: 4112
Epoch: 4740, global_step=77643776
SPS: 4112
Epoch: 4741, global_step=77660160
SPS: 4112
Epoch: 4742, global_step=77676544
SPS: 4112
Epoch: 4743, global_step=77692928
SPS: 4112
Epoch: 4744, global_step=77709312
SPS: 4112
Epoch: 4745, global_step=77725696
SPS: 4112
Epoch: 4746, global_step=77742080
SPS: 4112
Epoch: 4747, global_step=77758464
SPS: 4113
Epoch: 4748, global_step=77774848
SPS: 4113
Epoch: 4749, global_step=77791232
SPS: 4113
Epoch: 4750, global_step=77807616
SPS: 4113
Epoch: 4751, global_step=77824000
Evaluating
Evaluated 1024 steps resulting in 16 episodes
eval_success_once_mean=0.875
eval_return_mean=47.958763122558594
eval_episode_len_mean=64.0
eval_reward_mean=0.749355673789978
eval_success_at_end_mean=0.875
model saved to runs/gandalf-so101graspcube-43/ckpt_4751.pt
SPS: 4110
Epoch: 4752, global_step=77840384
SPS: 4110
Epoch: 4753, global_step=77856768
SPS: 4110
Epoch: 4754, global_step=77873152
SPS: 4110
Epoch: 4755, global_step=77889536
SPS: 4110
Epoch: 4756, global_step=77905920
SPS: 4110
Epoch: 4757, global_step=77922304
SPS: 4111
Epoch: 4758, global_step=77938688
SPS: 4111
Epoch: 4759, global_step=77955072
SPS: 4111
Epoch: 4760, global_step=77971456
SPS: 4111
Epoch: 4761, global_step=77987840
SPS: 4111
Epoch: 4762, global_step=78004224
SPS: 4111
Epoch: 4763, global_step=78020608
SPS: 4112
Epoch: 4764, global_step=78036992
SPS: 4112
Epoch: 4765, global_step=78053376
SPS: 4112
Epoch: 4766, global_step=78069760
SPS: 4112
Epoch: 4767, global_step=78086144
SPS: 4112
Epoch: 4768, global_step=78102528
SPS: 4112
Epoch: 4769, global_step=78118912
SPS: 4112
Epoch: 4770, global_step=78135296
SPS: 4113
Epoch: 4771, global_step=78151680
SPS: 4113
Epoch: 4772, global_step=78168064
SPS: 4113
Epoch: 4773, global_step=78184448
SPS: 4113
Epoch: 4774, global_step=78200832
SPS: 4113
Epoch: 4775, global_step=78217216
SPS: 4113
Epoch: 4776, global_step=78233600
Evaluating
Evaluated 1024 steps resulting in 16 episodes
eval_success_once_mean=0.875
eval_return_mean=47.60585403442383
eval_episode_len_mean=64.0
eval_reward_mean=0.7438414692878723
eval_success_at_end_mean=0.875
model saved to runs/gandalf-so101graspcube-43/ckpt_4776.pt
SPS: 4110
Epoch: 4777, global_step=78249984
SPS: 4110
Epoch: 4778, global_step=78266368
SPS: 4110
Epoch: 4779, global_step=78282752
SPS: 4111
Epoch: 4780, global_step=78299136
SPS: 4111
Epoch: 4781, global_step=78315520
SPS: 4111
Epoch: 4782, global_step=78331904
SPS: 4111
Epoch: 4783, global_step=78348288
SPS: 4111
Epoch: 4784, global_step=78364672
SPS: 4112
Epoch: 4785, global_step=78381056
SPS: 4112
Epoch: 4786, global_step=78397440
SPS: 4112
Epoch: 4787, global_step=78413824
SPS: 4112
Epoch: 4788, global_step=78430208
SPS: 4112
Epoch: 4789, global_step=78446592
SPS: 4112
Epoch: 4790, global_step=78462976
SPS: 4112
Epoch: 4791, global_step=78479360
SPS: 4113
Epoch: 4792, global_step=78495744
SPS: 4113
Epoch: 4793, global_step=78512128
SPS: 4113
Epoch: 4794, global_step=78528512
SPS: 4113
Epoch: 4795, global_step=78544896
SPS: 4113
Epoch: 4796, global_step=78561280
SPS: 4113
Epoch: 4797, global_step=78577664
SPS: 4114
Epoch: 4798, global_step=78594048
SPS: 4114
Epoch: 4799, global_step=78610432
SPS: 4114
Epoch: 4800, global_step=78626816
SPS: 4114
Epoch: 4801, global_step=78643200
Evaluating
Evaluated 1024 steps resulting in 16 episodes
eval_success_once_mean=0.9375
eval_return_mean=49.67678451538086
eval_episode_len_mean=64.0
eval_reward_mean=0.7761997580528259
eval_success_at_end_mean=0.9375
model saved to runs/gandalf-so101graspcube-43/ckpt_4801.pt
SPS: 4111
Epoch: 4802, global_step=78659584
SPS: 4111
Epoch: 4803, global_step=78675968
SPS: 4111
Epoch: 4804, global_step=78692352
SPS: 4111
Epoch: 4805, global_step=78708736
SPS: 4111
Epoch: 4806, global_step=78725120
SPS: 4112
Epoch: 4807, global_step=78741504
SPS: 4112
Epoch: 4808, global_step=78757888
SPS: 4112
Epoch: 4809, global_step=78774272
SPS: 4112
Epoch: 4810, global_step=78790656
SPS: 4112
Epoch: 4811, global_step=78807040
SPS: 4112
Epoch: 4812, global_step=78823424
SPS: 4112
Epoch: 4813, global_step=78839808
SPS: 4113
Epoch: 4814, global_step=78856192
SPS: 4113
Epoch: 4815, global_step=78872576
SPS: 4113
Epoch: 4816, global_step=78888960
SPS: 4113
Epoch: 4817, global_step=78905344
SPS: 4113
Epoch: 4818, global_step=78921728
SPS: 4114
Epoch: 4819, global_step=78938112
SPS: 4114
Epoch: 4820, global_step=78954496
SPS: 4114
Epoch: 4821, global_step=78970880
SPS: 4114
Epoch: 4822, global_step=78987264
SPS: 4114
Epoch: 4823, global_step=79003648
SPS: 4114
Epoch: 4824, global_step=79020032
SPS: 4115
Epoch: 4825, global_step=79036416
SPS: 4115
Epoch: 4826, global_step=79052800
Evaluating
Evaluated 1024 steps resulting in 16 episodes
eval_success_once_mean=1.0
eval_return_mean=54.360740661621094
eval_episode_len_mean=64.0
eval_reward_mean=0.8493865728378296
eval_success_at_end_mean=1.0
model saved to runs/gandalf-so101graspcube-43/ckpt_4826.pt
SPS: 4112
Epoch: 4827, global_step=79069184
SPS: 4112
Epoch: 4828, global_step=79085568
SPS: 4112
Epoch: 4829, global_step=79101952
SPS: 4112
Epoch: 4830, global_step=79118336
SPS: 4112
Epoch: 4831, global_step=79134720
SPS: 4112
Epoch: 4832, global_step=79151104
SPS: 4113
Epoch: 4833, global_step=79167488
SPS: 4113
Epoch: 4834, global_step=79183872
SPS: 4113
Epoch: 4835, global_step=79200256
SPS: 4113
Epoch: 4836, global_step=79216640
SPS: 4113
Epoch: 4837, global_step=79233024
SPS: 4113
Epoch: 4838, global_step=79249408
SPS: 4114
Epoch: 4839, global_step=79265792
SPS: 4114
Epoch: 4840, global_step=79282176
SPS: 4114
Epoch: 4841, global_step=79298560
SPS: 4114
Epoch: 4842, global_step=79314944
SPS: 4114
Epoch: 4843, global_step=79331328
SPS: 4115
Epoch: 4844, global_step=79347712
SPS: 4114
Epoch: 4845, global_step=79364096
SPS: 4115
Epoch: 4846, global_step=79380480
SPS: 4115
Epoch: 4847, global_step=79396864
SPS: 4115
Epoch: 4848, global_step=79413248
SPS: 4115
Epoch: 4849, global_step=79429632
SPS: 4115
Epoch: 4850, global_step=79446016
SPS: 4115
Epoch: 4851, global_step=79462400
Evaluating
Evaluated 1024 steps resulting in 16 episodes
eval_success_once_mean=1.0
eval_return_mean=53.1094856262207
eval_episode_len_mean=64.0
eval_reward_mean=0.8298357129096985
eval_success_at_end_mean=1.0
model saved to runs/gandalf-so101graspcube-43/ckpt_4851.pt
SPS: 4112
Epoch: 4852, global_step=79478784
SPS: 4112
Epoch: 4853, global_step=79495168
SPS: 4113
Epoch: 4854, global_step=79511552
SPS: 4113
Epoch: 4855, global_step=79527936
SPS: 4113
Epoch: 4856, global_step=79544320
SPS: 4113
Epoch: 4857, global_step=79560704
SPS: 4113
Epoch: 4858, global_step=79577088
SPS: 4113
Epoch: 4859, global_step=79593472
SPS: 4114
Epoch: 4860, global_step=79609856
SPS: 4114
Epoch: 4861, global_step=79626240
SPS: 4114
Epoch: 4862, global_step=79642624
SPS: 4114
Epoch: 4863, global_step=79659008
SPS: 4114
Epoch: 4864, global_step=79675392
SPS: 4114
Epoch: 4865, global_step=79691776
SPS: 4115
Epoch: 4866, global_step=79708160
SPS: 4115
Epoch: 4867, global_step=79724544
SPS: 4115
Epoch: 4868, global_step=79740928
SPS: 4115
Epoch: 4869, global_step=79757312
SPS: 4115
Epoch: 4870, global_step=79773696
SPS: 4116
Epoch: 4871, global_step=79790080
SPS: 4116
Epoch: 4872, global_step=79806464
SPS: 4116
Epoch: 4873, global_step=79822848
SPS: 4116
Epoch: 4874, global_step=79839232
SPS: 4116
Epoch: 4875, global_step=79855616
SPS: 4117
Epoch: 4876, global_step=79872000
Evaluating
Evaluated 1024 steps resulting in 16 episodes
eval_success_once_mean=1.0
eval_return_mean=52.3959846496582
eval_episode_len_mean=64.0
eval_reward_mean=0.8186872601509094
eval_success_at_end_mean=0.9375
model saved to runs/gandalf-so101graspcube-43/ckpt_4876.pt
SPS: 4113
Epoch: 4877, global_step=79888384
SPS: 4114
Epoch: 4878, global_step=79904768
SPS: 4114
Epoch: 4879, global_step=79921152
SPS: 4114
Epoch: 4880, global_step=79937536
SPS: 4114
Epoch: 4881, global_step=79953920
SPS: 4114
Epoch: 4882, global_step=79970304
SPS: 4115
Epoch: 4883, global_step=79986688
SPS: 4115
Epoch: 4884, global_step=80003072
SPS: 4115
Epoch: 4885, global_step=80019456
SPS: 4115
Epoch: 4886, global_step=80035840
SPS: 4115
Epoch: 4887, global_step=80052224
SPS: 4115
Epoch: 4888, global_step=80068608
SPS: 4115
Epoch: 4889, global_step=80084992
SPS: 4116
Epoch: 4890, global_step=80101376
SPS: 4116
Epoch: 4891, global_step=80117760
SPS: 4116
Epoch: 4892, global_step=80134144
SPS: 4116
Epoch: 4893, global_step=80150528
SPS: 4116
Epoch: 4894, global_step=80166912
SPS: 4117
Epoch: 4895, global_step=80183296
SPS: 4117
Epoch: 4896, global_step=80199680
SPS: 4117
Epoch: 4897, global_step=80216064
SPS: 4117
Epoch: 4898, global_step=80232448
SPS: 4118
Epoch: 4899, global_step=80248832
SPS: 4118
Epoch: 4900, global_step=80265216
SPS: 4118
Epoch: 4901, global_step=80281600
Evaluating
Evaluated 1024 steps resulting in 16 episodes
eval_success_once_mean=1.0
eval_return_mean=50.713279724121094
eval_episode_len_mean=64.0
eval_reward_mean=0.7923949956893921
eval_success_at_end_mean=0.9375
model saved to runs/gandalf-so101graspcube-43/ckpt_4901.pt
SPS: 4115
Epoch: 4902, global_step=80297984
SPS: 4115
Epoch: 4903, global_step=80314368
SPS: 4115
Epoch: 4904, global_step=80330752
SPS: 4115
Epoch: 4905, global_step=80347136
SPS: 4115
Epoch: 4906, global_step=80363520
SPS: 4116
Epoch: 4907, global_step=80379904
SPS: 4116
Epoch: 4908, global_step=80396288
SPS: 4116
Epoch: 4909, global_step=80412672
SPS: 4116
Epoch: 4910, global_step=80429056
SPS: 4116
Epoch: 4911, global_step=80445440
SPS: 4117
Epoch: 4912, global_step=80461824
SPS: 4117
Epoch: 4913, global_step=80478208
SPS: 4117
Epoch: 4914, global_step=80494592
SPS: 4117
Epoch: 4915, global_step=80510976
SPS: 4117
Epoch: 4916, global_step=80527360
SPS: 4117
Epoch: 4917, global_step=80543744
SPS: 4118
Epoch: 4918, global_step=80560128
SPS: 4118
Epoch: 4919, global_step=80576512
SPS: 4118
Epoch: 4920, global_step=80592896
SPS: 4118
Epoch: 4921, global_step=80609280
SPS: 4118
Epoch: 4922, global_step=80625664
SPS: 4119
Epoch: 4923, global_step=80642048
SPS: 4119
Epoch: 4924, global_step=80658432
SPS: 4119
Epoch: 4925, global_step=80674816
SPS: 4119
Epoch: 4926, global_step=80691200
Evaluating
Evaluated 1024 steps resulting in 16 episodes
eval_success_once_mean=1.0
eval_return_mean=51.732566833496094
eval_episode_len_mean=64.0
eval_reward_mean=0.8083213567733765
eval_success_at_end_mean=1.0
model saved to runs/gandalf-so101graspcube-43/ckpt_4926.pt
SPS: 4116
Epoch: 4927, global_step=80707584
SPS: 4116
Epoch: 4928, global_step=80723968
SPS: 4116
Epoch: 4929, global_step=80740352
SPS: 4117
Epoch: 4930, global_step=80756736
SPS: 4117
Epoch: 4931, global_step=80773120
SPS: 4117
Epoch: 4932, global_step=80789504
SPS: 4117
Epoch: 4933, global_step=80805888
SPS: 4117
Epoch: 4934, global_step=80822272
SPS: 4117
Epoch: 4935, global_step=80838656
SPS: 4118
Epoch: 4936, global_step=80855040
SPS: 4118
Epoch: 4937, global_step=80871424
SPS: 4118
Epoch: 4938, global_step=80887808
SPS: 4118
Epoch: 4939, global_step=80904192
SPS: 4118
Epoch: 4940, global_step=80920576
SPS: 4119
Epoch: 4941, global_step=80936960
SPS: 4119
Epoch: 4942, global_step=80953344
SPS: 4119
Epoch: 4943, global_step=80969728
SPS: 4119
Epoch: 4944, global_step=80986112
SPS: 4119
Epoch: 4945, global_step=81002496
SPS: 4120
Epoch: 4946, global_step=81018880
SPS: 4120
Epoch: 4947, global_step=81035264
SPS: 4120
Epoch: 4948, global_step=81051648
SPS: 4120
Epoch: 4949, global_step=81068032
SPS: 4120
Epoch: 4950, global_step=81084416
SPS: 4121
Epoch: 4951, global_step=81100800
Evaluating
Evaluated 1024 steps resulting in 16 episodes
eval_success_once_mean=1.0
eval_return_mean=51.370452880859375
eval_episode_len_mean=64.0
eval_reward_mean=0.8026633262634277
eval_success_at_end_mean=1.0
model saved to runs/gandalf-so101graspcube-43/ckpt_4951.pt
SPS: 4117
Epoch: 4952, global_step=81117184
SPS: 4117
Epoch: 4953, global_step=81133568
SPS: 4118
Epoch: 4954, global_step=81149952
SPS: 4118
Epoch: 4955, global_step=81166336
SPS: 4118
Epoch: 4956, global_step=81182720
SPS: 4118
Epoch: 4957, global_step=81199104
SPS: 4119
Epoch: 4958, global_step=81215488
SPS: 4119
Epoch: 4959, global_step=81231872
SPS: 4119
Epoch: 4960, global_step=81248256
SPS: 4119
Epoch: 4961, global_step=81264640
SPS: 4119
Epoch: 4962, global_step=81281024
SPS: 4120
Epoch: 4963, global_step=81297408
SPS: 4120
Epoch: 4964, global_step=81313792
SPS: 4120
Epoch: 4965, global_step=81330176
SPS: 4120
Epoch: 4966, global_step=81346560
SPS: 4120
Epoch: 4967, global_step=81362944
SPS: 4121
Epoch: 4968, global_step=81379328
SPS: 4121
Epoch: 4969, global_step=81395712
SPS: 4121
Epoch: 4970, global_step=81412096
SPS: 4121
Epoch: 4971, global_step=81428480
SPS: 4121
Epoch: 4972, global_step=81444864
SPS: 4121
Epoch: 4973, global_step=81461248
SPS: 4122
Epoch: 4974, global_step=81477632
SPS: 4122
Epoch: 4975, global_step=81494016
SPS: 4122
Epoch: 4976, global_step=81510400
Evaluating
Evaluated 1024 steps resulting in 16 episodes
eval_success_once_mean=0.875
eval_return_mean=47.947166442871094
eval_episode_len_mean=64.0
eval_reward_mean=0.7491744756698608
eval_success_at_end_mean=0.875
model saved to runs/gandalf-so101graspcube-43/ckpt_4976.pt
SPS: 4119
Epoch: 4977, global_step=81526784
SPS: 4119
Epoch: 4978, global_step=81543168
SPS: 4119
Epoch: 4979, global_step=81559552
SPS: 4119
Epoch: 4980, global_step=81575936
SPS: 4119
Epoch: 4981, global_step=81592320
SPS: 4120
Epoch: 4982, global_step=81608704
SPS: 4120
Epoch: 4983, global_step=81625088
SPS: 4120
Epoch: 4984, global_step=81641472
SPS: 4120
Epoch: 4985, global_step=81657856
SPS: 4120
Epoch: 4986, global_step=81674240
SPS: 4121
Epoch: 4987, global_step=81690624
SPS: 4121
Epoch: 4988, global_step=81707008
SPS: 4121
Epoch: 4989, global_step=81723392
SPS: 4121
Epoch: 4990, global_step=81739776
SPS: 4121
Epoch: 4991, global_step=81756160
SPS: 4122
Epoch: 4992, global_step=81772544
SPS: 4122
Epoch: 4993, global_step=81788928
SPS: 4122
Epoch: 4994, global_step=81805312
SPS: 4122
Epoch: 4995, global_step=81821696
SPS: 4122
Epoch: 4996, global_step=81838080
SPS: 4122
Epoch: 4997, global_step=81854464
SPS: 4123
Epoch: 4998, global_step=81870848
SPS: 4123
Epoch: 4999, global_step=81887232
SPS: 4123
Epoch: 5000, global_step=81903616
SPS: 4123
Epoch: 5001, global_step=81920000
Evaluating
Evaluated 1024 steps resulting in 16 episodes
eval_success_once_mean=1.0
eval_return_mean=54.31297302246094
eval_episode_len_mean=64.0
eval_reward_mean=0.8486402034759521
eval_success_at_end_mean=1.0
model saved to runs/gandalf-so101graspcube-43/ckpt_5001.pt
SPS: 4120
Epoch: 5002, global_step=81936384
SPS: 4120
Epoch: 5003, global_step=81952768
SPS: 4120
Epoch: 5004, global_step=81969152
SPS: 4121
Epoch: 5005, global_step=81985536
SPS: 4121
Epoch: 5006, global_step=82001920
SPS: 4121
Epoch: 5007, global_step=82018304
SPS: 4121
Epoch: 5008, global_step=82034688
SPS: 4121
Epoch: 5009, global_step=82051072
SPS: 4122
Epoch: 5010, global_step=82067456
SPS: 4122
Epoch: 5011, global_step=82083840
SPS: 4122
Epoch: 5012, global_step=82100224
SPS: 4122
Epoch: 5013, global_step=82116608
SPS: 4122
Epoch: 5014, global_step=82132992
SPS: 4122
Epoch: 5015, global_step=82149376
SPS: 4123
Epoch: 5016, global_step=82165760
SPS: 4123
Epoch: 5017, global_step=82182144
SPS: 4123
Epoch: 5018, global_step=82198528
SPS: 4123
Epoch: 5019, global_step=82214912
SPS: 4123
Epoch: 5020, global_step=82231296
SPS: 4124
Epoch: 5021, global_step=82247680
SPS: 4124
Epoch: 5022, global_step=82264064
SPS: 4124
Epoch: 5023, global_step=82280448
SPS: 4124
Epoch: 5024, global_step=82296832
SPS: 4124
Epoch: 5025, global_step=82313216
SPS: 4125
Epoch: 5026, global_step=82329600
Evaluating
Evaluated 1024 steps resulting in 16 episodes
eval_success_once_mean=0.8125
eval_return_mean=43.68353271484375
eval_episode_len_mean=64.0
eval_reward_mean=0.6825551986694336
eval_success_at_end_mean=0.6875
model saved to runs/gandalf-so101graspcube-43/ckpt_5026.pt
SPS: 4121
Epoch: 5027, global_step=82345984
SPS: 4122
Epoch: 5028, global_step=82362368
SPS: 4122
Epoch: 5029, global_step=82378752
SPS: 4122
Epoch: 5030, global_step=82395136
SPS: 4122
Epoch: 5031, global_step=82411520
SPS: 4122
Epoch: 5032, global_step=82427904
SPS: 4123
Epoch: 5033, global_step=82444288
SPS: 4123
Epoch: 5034, global_step=82460672
SPS: 4123
Epoch: 5035, global_step=82477056
SPS: 4123
Epoch: 5036, global_step=82493440
SPS: 4123
Epoch: 5037, global_step=82509824
SPS: 4124
Epoch: 5038, global_step=82526208
SPS: 4124
Epoch: 5039, global_step=82542592
SPS: 4124
Epoch: 5040, global_step=82558976
SPS: 4124
Epoch: 5041, global_step=82575360
SPS: 4124
Epoch: 5042, global_step=82591744
SPS: 4125
Epoch: 5043, global_step=82608128
SPS: 4125
Epoch: 5044, global_step=82624512
SPS: 4125
Epoch: 5045, global_step=82640896
SPS: 4125
Epoch: 5046, global_step=82657280
SPS: 4125
Epoch: 5047, global_step=82673664
SPS: 4126
Epoch: 5048, global_step=82690048
SPS: 4126
Epoch: 5049, global_step=82706432
SPS: 4126
Epoch: 5050, global_step=82722816
SPS: 4126
Epoch: 5051, global_step=82739200
Evaluating
Evaluated 1024 steps resulting in 16 episodes
eval_success_once_mean=0.9375
eval_return_mean=47.97434997558594
eval_episode_len_mean=64.0
eval_reward_mean=0.7495992183685303
eval_success_at_end_mean=0.9375
model saved to runs/gandalf-so101graspcube-43/ckpt_5051.pt
SPS: 4123
Epoch: 5052, global_step=82755584
SPS: 4123
Epoch: 5053, global_step=82771968
SPS: 4123
Epoch: 5054, global_step=82788352
SPS: 4124
Epoch: 5055, global_step=82804736
SPS: 4124
Epoch: 5056, global_step=82821120
SPS: 4124
Epoch: 5057, global_step=82837504
SPS: 4124
Epoch: 5058, global_step=82853888
SPS: 4124
Epoch: 5059, global_step=82870272
SPS: 4124
Epoch: 5060, global_step=82886656
SPS: 4125
Epoch: 5061, global_step=82903040
SPS: 4125
Epoch: 5062, global_step=82919424
SPS: 4125
Epoch: 5063, global_step=82935808
SPS: 4125
Epoch: 5064, global_step=82952192
SPS: 4125
Epoch: 5065, global_step=82968576
SPS: 4126
Epoch: 5066, global_step=82984960
SPS: 4126
Epoch: 5067, global_step=83001344
SPS: 4126
Epoch: 5068, global_step=83017728
SPS: 4126
Epoch: 5069, global_step=83034112
SPS: 4126
Epoch: 5070, global_step=83050496
SPS: 4126
Epoch: 5071, global_step=83066880
SPS: 4127
Epoch: 5072, global_step=83083264
SPS: 4127
Epoch: 5073, global_step=83099648
SPS: 4127
Epoch: 5074, global_step=83116032
SPS: 4127
Epoch: 5075, global_step=83132416
SPS: 4127
Epoch: 5076, global_step=83148800
Evaluating
Evaluated 1024 steps resulting in 16 episodes
eval_success_once_mean=0.9375
eval_return_mean=49.59575653076172
eval_episode_len_mean=64.0
eval_reward_mean=0.7749336957931519
eval_success_at_end_mean=0.9375
model saved to runs/gandalf-so101graspcube-43/ckpt_5076.pt
SPS: 4124
Epoch: 5077, global_step=83165184
SPS: 4124
Epoch: 5078, global_step=83181568
SPS: 4125
Epoch: 5079, global_step=83197952
SPS: 4125
Epoch: 5080, global_step=83214336
SPS: 4125
Epoch: 5081, global_step=83230720
SPS: 4125
Epoch: 5082, global_step=83247104
SPS: 4125
Epoch: 5083, global_step=83263488
SPS: 4126
Epoch: 5084, global_step=83279872
SPS: 4126
Epoch: 5085, global_step=83296256
SPS: 4126
Epoch: 5086, global_step=83312640
SPS: 4126
Epoch: 5087, global_step=83329024
SPS: 4126
Epoch: 5088, global_step=83345408
SPS: 4126
Epoch: 5089, global_step=83361792
SPS: 4126
Epoch: 5090, global_step=83378176
SPS: 4127
Epoch: 5091, global_step=83394560
SPS: 4127
Epoch: 5092, global_step=83410944
SPS: 4127
Epoch: 5093, global_step=83427328
SPS: 4127
Epoch: 5094, global_step=83443712
SPS: 4127
Epoch: 5095, global_step=83460096
SPS: 4127
Epoch: 5096, global_step=83476480
SPS: 4128
Epoch: 5097, global_step=83492864
SPS: 4128
Epoch: 5098, global_step=83509248
SPS: 4128
Epoch: 5099, global_step=83525632
SPS: 4128
Epoch: 5100, global_step=83542016
SPS: 4128
Epoch: 5101, global_step=83558400
Evaluating
Evaluated 1024 steps resulting in 16 episodes
eval_success_once_mean=1.0
eval_return_mean=52.117271423339844
eval_episode_len_mean=64.0
eval_reward_mean=0.8143323659896851
eval_success_at_end_mean=1.0
model saved to runs/gandalf-so101graspcube-43/ckpt_5101.pt
SPS: 4125
Epoch: 5102, global_step=83574784
SPS: 4125
Epoch: 5103, global_step=83591168
SPS: 4126
Epoch: 5104, global_step=83607552
SPS: 4126
Epoch: 5105, global_step=83623936
SPS: 4126
Epoch: 5106, global_step=83640320
SPS: 4126
Epoch: 5107, global_step=83656704
SPS: 4126
Epoch: 5108, global_step=83673088
SPS: 4126
Epoch: 5109, global_step=83689472
SPS: 4127
Epoch: 5110, global_step=83705856
SPS: 4127
Epoch: 5111, global_step=83722240
SPS: 4127
Epoch: 5112, global_step=83738624
SPS: 4127
Epoch: 5113, global_step=83755008
SPS: 4127
Epoch: 5114, global_step=83771392
SPS: 4127
Epoch: 5115, global_step=83787776
SPS: 4128
Epoch: 5116, global_step=83804160
SPS: 4128
Epoch: 5117, global_step=83820544
SPS: 4128
Epoch: 5118, global_step=83836928
SPS: 4128
Epoch: 5119, global_step=83853312
SPS: 4128
Epoch: 5120, global_step=83869696
SPS: 4128
Epoch: 5121, global_step=83886080
SPS: 4129
Epoch: 5122, global_step=83902464
SPS: 4129
Epoch: 5123, global_step=83918848
SPS: 4129
Epoch: 5124, global_step=83935232
SPS: 4129
Epoch: 5125, global_step=83951616
SPS: 4129
Epoch: 5126, global_step=83968000
Evaluating
Evaluated 1024 steps resulting in 16 episodes
eval_success_once_mean=1.0
eval_return_mean=53.317535400390625
eval_episode_len_mean=64.0
eval_reward_mean=0.8330864906311035
eval_success_at_end_mean=1.0
model saved to runs/gandalf-so101graspcube-43/ckpt_5126.pt
SPS: 4126
Epoch: 5127, global_step=83984384
SPS: 4126
Epoch: 5128, global_step=84000768
SPS: 4126
Epoch: 5129, global_step=84017152
SPS: 4126
Epoch: 5130, global_step=84033536
SPS: 4127
Epoch: 5131, global_step=84049920
SPS: 4127
Epoch: 5132, global_step=84066304
SPS: 4127
Epoch: 5133, global_step=84082688
SPS: 4127
Epoch: 5134, global_step=84099072
SPS: 4127
Epoch: 5135, global_step=84115456
SPS: 4127
Epoch: 5136, global_step=84131840
SPS: 4128
Epoch: 5137, global_step=84148224
SPS: 4128
Epoch: 5138, global_step=84164608
SPS: 4128
Epoch: 5139, global_step=84180992
SPS: 4128
Epoch: 5140, global_step=84197376
SPS: 4128
Epoch: 5141, global_step=84213760
SPS: 4128
Epoch: 5142, global_step=84230144
SPS: 4129
Epoch: 5143, global_step=84246528
SPS: 4129
Epoch: 5144, global_step=84262912
SPS: 4129
Epoch: 5145, global_step=84279296
SPS: 4129
Epoch: 5146, global_step=84295680
SPS: 4129
Epoch: 5147, global_step=84312064
SPS: 4129
Epoch: 5148, global_step=84328448
SPS: 4129
Epoch: 5149, global_step=84344832
SPS: 4130
Epoch: 5150, global_step=84361216
SPS: 4130
Epoch: 5151, global_step=84377600
Evaluating
Evaluated 1024 steps resulting in 16 episodes
eval_success_once_mean=1.0
eval_return_mean=51.10332489013672
eval_episode_len_mean=64.0
eval_reward_mean=0.7984894514083862
eval_success_at_end_mean=0.9375
model saved to runs/gandalf-so101graspcube-43/ckpt_5151.pt
SPS: 4127
Epoch: 5152, global_step=84393984
SPS: 4127
Epoch: 5153, global_step=84410368
SPS: 4127
Epoch: 5154, global_step=84426752
SPS: 4127
Epoch: 5155, global_step=84443136
SPS: 4127
Epoch: 5156, global_step=84459520
SPS: 4127
Epoch: 5157, global_step=84475904
SPS: 4128
Epoch: 5158, global_step=84492288
SPS: 4128
Epoch: 5159, global_step=84508672
SPS: 4128
Epoch: 5160, global_step=84525056
SPS: 4128
Epoch: 5161, global_step=84541440
SPS: 4128
Epoch: 5162, global_step=84557824
SPS: 4128
Epoch: 5163, global_step=84574208
SPS: 4128
Epoch: 5164, global_step=84590592
SPS: 4129
Epoch: 5165, global_step=84606976
SPS: 4129
Epoch: 5166, global_step=84623360
SPS: 4129
Epoch: 5167, global_step=84639744
SPS: 4129
Epoch: 5168, global_step=84656128
SPS: 4129
Epoch: 5169, global_step=84672512
SPS: 4130
Epoch: 5170, global_step=84688896
SPS: 4130
Epoch: 5171, global_step=84705280
SPS: 4130
Epoch: 5172, global_step=84721664
SPS: 4130
Epoch: 5173, global_step=84738048
SPS: 4130
Epoch: 5174, global_step=84754432
SPS: 4130
Epoch: 5175, global_step=84770816
SPS: 4130
Epoch: 5176, global_step=84787200
Evaluating
Evaluated 1024 steps resulting in 16 episodes
eval_success_once_mean=1.0
eval_return_mean=52.01094055175781
eval_episode_len_mean=64.0
eval_reward_mean=0.8126709461212158
eval_success_at_end_mean=1.0
model saved to runs/gandalf-so101graspcube-43/ckpt_5176.pt
SPS: 4127
Epoch: 5177, global_step=84803584
SPS: 4127
Epoch: 5178, global_step=84819968
SPS: 4128
Epoch: 5179, global_step=84836352
SPS: 4128
Epoch: 5180, global_step=84852736
SPS: 4128
Epoch: 5181, global_step=84869120
SPS: 4128
Epoch: 5182, global_step=84885504
SPS: 4128
Epoch: 5183, global_step=84901888
SPS: 4128
Epoch: 5184, global_step=84918272
SPS: 4128
Epoch: 5185, global_step=84934656
SPS: 4129
Epoch: 5186, global_step=84951040
SPS: 4129
Epoch: 5187, global_step=84967424
SPS: 4129
Epoch: 5188, global_step=84983808
SPS: 4129
Epoch: 5189, global_step=85000192
SPS: 4129
Epoch: 5190, global_step=85016576
SPS: 4129
Epoch: 5191, global_step=85032960
SPS: 4130
Epoch: 5192, global_step=85049344
SPS: 4130
Epoch: 5193, global_step=85065728
SPS: 4130
Epoch: 5194, global_step=85082112
SPS: 4130
Epoch: 5195, global_step=85098496
SPS: 4130
Epoch: 5196, global_step=85114880
SPS: 4131
Epoch: 5197, global_step=85131264
SPS: 4131
Epoch: 5198, global_step=85147648
SPS: 4131
Epoch: 5199, global_step=85164032
SPS: 4131
Epoch: 5200, global_step=85180416
SPS: 4131
Epoch: 5201, global_step=85196800
Evaluating
Evaluated 1024 steps resulting in 16 episodes
eval_success_once_mean=1.0
eval_return_mean=51.32176971435547
eval_episode_len_mean=64.0
eval_reward_mean=0.8019026517868042
eval_success_at_end_mean=1.0
model saved to runs/gandalf-so101graspcube-43/ckpt_5201.pt
SPS: 4128
Epoch: 5202, global_step=85213184
SPS: 4128
Epoch: 5203, global_step=85229568
SPS: 4128
Epoch: 5204, global_step=85245952
SPS: 4129
Epoch: 5205, global_step=85262336
SPS: 4129
Epoch: 5206, global_step=85278720
SPS: 4129
Epoch: 5207, global_step=85295104
SPS: 4129
Epoch: 5208, global_step=85311488
SPS: 4129
Epoch: 5209, global_step=85327872
SPS: 4129
Epoch: 5210, global_step=85344256
SPS: 4130
Epoch: 5211, global_step=85360640
SPS: 4130
Epoch: 5212, global_step=85377024
SPS: 4130
Epoch: 5213, global_step=85393408
SPS: 4130
Epoch: 5214, global_step=85409792
SPS: 4130
Epoch: 5215, global_step=85426176
SPS: 4130
Epoch: 5216, global_step=85442560
SPS: 4130
Epoch: 5217, global_step=85458944
SPS: 4130
Epoch: 5218, global_step=85475328
SPS: 4131
Epoch: 5219, global_step=85491712
SPS: 4131
Epoch: 5220, global_step=85508096
SPS: 4131
Epoch: 5221, global_step=85524480
SPS: 4131
Epoch: 5222, global_step=85540864
SPS: 4131
Epoch: 5223, global_step=85557248
SPS: 4131
Epoch: 5224, global_step=85573632
SPS: 4131
Epoch: 5225, global_step=85590016
SPS: 4131
Epoch: 5226, global_step=85606400
Evaluating
Evaluated 1024 steps resulting in 16 episodes
eval_success_once_mean=0.9375
eval_return_mean=50.32377624511719
eval_episode_len_mean=64.0
eval_reward_mean=0.786309003829956
eval_success_at_end_mean=0.9375
model saved to runs/gandalf-so101graspcube-43/ckpt_5226.pt
SPS: 4128
Epoch: 5227, global_step=85622784
SPS: 4128
Epoch: 5228, global_step=85639168
SPS: 4128
Epoch: 5229, global_step=85655552
SPS: 4129
Epoch: 5230, global_step=85671936
SPS: 4129
Epoch: 5231, global_step=85688320
SPS: 4129
Epoch: 5232, global_step=85704704
SPS: 4129
Epoch: 5233, global_step=85721088
SPS: 4129
Epoch: 5234, global_step=85737472
SPS: 4129
Epoch: 5235, global_step=85753856
SPS: 4130
Epoch: 5236, global_step=85770240
SPS: 4130
Epoch: 5237, global_step=85786624
SPS: 4130
Epoch: 5238, global_step=85803008
SPS: 4130
Epoch: 5239, global_step=85819392
SPS: 4130
Epoch: 5240, global_step=85835776
SPS: 4130
Epoch: 5241, global_step=85852160
SPS: 4130
Epoch: 5242, global_step=85868544
SPS: 4130
Epoch: 5243, global_step=85884928
SPS: 4131
Epoch: 5244, global_step=85901312
SPS: 4131
Epoch: 5245, global_step=85917696
SPS: 4131
Epoch: 5246, global_step=85934080
SPS: 4131
Epoch: 5247, global_step=85950464
SPS: 4131
Epoch: 5248, global_step=85966848
SPS: 4131
Epoch: 5249, global_step=85983232
SPS: 4132
Epoch: 5250, global_step=85999616
SPS: 4132
Epoch: 5251, global_step=86016000
Evaluating
Evaluated 1024 steps resulting in 16 episodes
eval_success_once_mean=1.0
eval_return_mean=53.237091064453125
eval_episode_len_mean=64.0
eval_reward_mean=0.8318295478820801
eval_success_at_end_mean=1.0
model saved to runs/gandalf-so101graspcube-43/ckpt_5251.pt
SPS: 4129
Epoch: 5252, global_step=86032384
SPS: 4129
Epoch: 5253, global_step=86048768
SPS: 4129
Epoch: 5254, global_step=86065152
SPS: 4129
Epoch: 5255, global_step=86081536
SPS: 4129
Epoch: 5256, global_step=86097920
SPS: 4129
Epoch: 5257, global_step=86114304
SPS: 4129
Epoch: 5258, global_step=86130688
SPS: 4130
Epoch: 5259, global_step=86147072
SPS: 4130
Epoch: 5260, global_step=86163456
SPS: 4130
Epoch: 5261, global_step=86179840
SPS: 4130
Epoch: 5262, global_step=86196224
SPS: 4130
Epoch: 5263, global_step=86212608
SPS: 4130
Epoch: 5264, global_step=86228992
SPS: 4130
Epoch: 5265, global_step=86245376
SPS: 4131
Epoch: 5266, global_step=86261760
SPS: 4131
Epoch: 5267, global_step=86278144
SPS: 4131
Epoch: 5268, global_step=86294528
SPS: 4131
Epoch: 5269, global_step=86310912
SPS: 4131
Epoch: 5270, global_step=86327296
SPS: 4132
Epoch: 5271, global_step=86343680
SPS: 4132
Epoch: 5272, global_step=86360064
SPS: 4132
Epoch: 5273, global_step=86376448
SPS: 4132
Epoch: 5274, global_step=86392832
SPS: 4132
Epoch: 5275, global_step=86409216
SPS: 4132
Epoch: 5276, global_step=86425600
Evaluating
Evaluated 1024 steps resulting in 16 episodes
eval_success_once_mean=0.9375
eval_return_mean=51.654624938964844
eval_episode_len_mean=64.0
eval_reward_mean=0.8071035146713257
eval_success_at_end_mean=0.9375
model saved to runs/gandalf-so101graspcube-43/ckpt_5276.pt
SPS: 4129
Epoch: 5277, global_step=86441984
SPS: 4129
Epoch: 5278, global_step=86458368
SPS: 4130
Epoch: 5279, global_step=86474752
SPS: 4130
Epoch: 5280, global_step=86491136
SPS: 4130
Epoch: 5281, global_step=86507520
SPS: 4130
Epoch: 5282, global_step=86523904
SPS: 4130
Epoch: 5283, global_step=86540288
SPS: 4130
Epoch: 5284, global_step=86556672
SPS: 4131
Epoch: 5285, global_step=86573056
SPS: 4131
Epoch: 5286, global_step=86589440
SPS: 4131
Epoch: 5287, global_step=86605824
SPS: 4131
Epoch: 5288, global_step=86622208
SPS: 4131
Epoch: 5289, global_step=86638592
SPS: 4131
Epoch: 5290, global_step=86654976
SPS: 4132
Epoch: 5291, global_step=86671360
SPS: 4132
Epoch: 5292, global_step=86687744
SPS: 4132
Epoch: 5293, global_step=86704128
SPS: 4132
Epoch: 5294, global_step=86720512
SPS: 4132
Epoch: 5295, global_step=86736896
SPS: 4132
Epoch: 5296, global_step=86753280
SPS: 4132
Epoch: 5297, global_step=86769664
SPS: 4133
Epoch: 5298, global_step=86786048
SPS: 4133
Epoch: 5299, global_step=86802432
SPS: 4133
Epoch: 5300, global_step=86818816
SPS: 4133
Epoch: 5301, global_step=86835200
Evaluating
Evaluated 1024 steps resulting in 16 episodes
eval_success_once_mean=0.9375
eval_return_mean=50.93925476074219
eval_episode_len_mean=64.0
eval_reward_mean=0.7959258556365967
eval_success_at_end_mean=0.9375
model saved to runs/gandalf-so101graspcube-43/ckpt_5301.pt
SPS: 4130
Epoch: 5302, global_step=86851584
SPS: 4130
Epoch: 5303, global_step=86867968
SPS: 4130
Epoch: 5304, global_step=86884352
SPS: 4130
Epoch: 5305, global_step=86900736
SPS: 4130
Epoch: 5306, global_step=86917120
SPS: 4131
Epoch: 5307, global_step=86933504
SPS: 4131
Epoch: 5308, global_step=86949888
SPS: 4131
Epoch: 5309, global_step=86966272
SPS: 4131
Epoch: 5310, global_step=86982656
SPS: 4131
Epoch: 5311, global_step=86999040
SPS: 4131
Epoch: 5312, global_step=87015424
SPS: 4131
Epoch: 5313, global_step=87031808
SPS: 4131
Epoch: 5314, global_step=87048192
SPS: 4132
Epoch: 5315, global_step=87064576
SPS: 4132
Epoch: 5316, global_step=87080960
SPS: 4132
Epoch: 5317, global_step=87097344
SPS: 4132
Epoch: 5318, global_step=87113728
SPS: 4132
Epoch: 5319, global_step=87130112
SPS: 4132
Epoch: 5320, global_step=87146496
SPS: 4132
Epoch: 5321, global_step=87162880
SPS: 4133
Epoch: 5322, global_step=87179264
SPS: 4133
Epoch: 5323, global_step=87195648
SPS: 4133
Epoch: 5324, global_step=87212032
SPS: 4133
Epoch: 5325, global_step=87228416
SPS: 4133
Epoch: 5326, global_step=87244800
Evaluating
Evaluated 1024 steps resulting in 16 episodes
eval_success_once_mean=1.0
eval_return_mean=55.47654724121094
eval_episode_len_mean=64.0
eval_reward_mean=0.8668210506439209
eval_success_at_end_mean=1.0
model saved to runs/gandalf-so101graspcube-43/ckpt_5326.pt
SPS: 4130
Epoch: 5327, global_step=87261184
SPS: 4130
Epoch: 5328, global_step=87277568
SPS: 4130
Epoch: 5329, global_step=87293952
SPS: 4131
Epoch: 5330, global_step=87310336
SPS: 4131
Epoch: 5331, global_step=87326720
SPS: 4131
Epoch: 5332, global_step=87343104
SPS: 4131
Epoch: 5333, global_step=87359488
SPS: 4131
Epoch: 5334, global_step=87375872
SPS: 4131
Epoch: 5335, global_step=87392256
SPS: 4131
Epoch: 5336, global_step=87408640
SPS: 4131
Epoch: 5337, global_step=87425024
SPS: 4132
Epoch: 5338, global_step=87441408
SPS: 4132
Epoch: 5339, global_step=87457792
SPS: 4132
Epoch: 5340, global_step=87474176
SPS: 4132
Epoch: 5341, global_step=87490560
SPS: 4132
Epoch: 5342, global_step=87506944
SPS: 4133
Epoch: 5343, global_step=87523328
SPS: 4133
Epoch: 5344, global_step=87539712
SPS: 4133
Epoch: 5345, global_step=87556096
SPS: 4133
Epoch: 5346, global_step=87572480
SPS: 4133
Epoch: 5347, global_step=87588864
SPS: 4133
Epoch: 5348, global_step=87605248
SPS: 4133
Epoch: 5349, global_step=87621632
SPS: 4134
Epoch: 5350, global_step=87638016
SPS: 4134
Epoch: 5351, global_step=87654400
Evaluating
Evaluated 1024 steps resulting in 16 episodes
eval_success_once_mean=0.875
eval_return_mean=50.09800720214844
eval_episode_len_mean=64.0
eval_reward_mean=0.7827813625335693
eval_success_at_end_mean=0.875
model saved to runs/gandalf-so101graspcube-43/ckpt_5351.pt
SPS: 4131
Epoch: 5352, global_step=87670784
SPS: 4131
Epoch: 5353, global_step=87687168
SPS: 4131
Epoch: 5354, global_step=87703552
SPS: 4131
Epoch: 5355, global_step=87719936
SPS: 4132
Epoch: 5356, global_step=87736320
SPS: 4132
Epoch: 5357, global_step=87752704
SPS: 4132
Epoch: 5358, global_step=87769088
SPS: 4132
Epoch: 5359, global_step=87785472
SPS: 4132
Epoch: 5360, global_step=87801856
SPS: 4132
Epoch: 5361, global_step=87818240
SPS: 4132
Epoch: 5362, global_step=87834624
SPS: 4133
Epoch: 5363, global_step=87851008
SPS: 4133
Epoch: 5364, global_step=87867392
SPS: 4133
Epoch: 5365, global_step=87883776
SPS: 4133
Epoch: 5366, global_step=87900160
SPS: 4133
Epoch: 5367, global_step=87916544
SPS: 4133
Epoch: 5368, global_step=87932928
SPS: 4133
Epoch: 5369, global_step=87949312
SPS: 4134
Epoch: 5370, global_step=87965696
SPS: 4134
Epoch: 5371, global_step=87982080
SPS: 4134
Epoch: 5372, global_step=87998464
SPS: 4134
Epoch: 5373, global_step=88014848
SPS: 4134
Epoch: 5374, global_step=88031232
SPS: 4135
Epoch: 5375, global_step=88047616
SPS: 4135
Epoch: 5376, global_step=88064000
Evaluating
Evaluated 1024 steps resulting in 16 episodes
eval_success_once_mean=0.9375
eval_return_mean=50.9947624206543
eval_episode_len_mean=64.0
eval_reward_mean=0.7967931628227234
eval_success_at_end_mean=0.9375
model saved to runs/gandalf-so101graspcube-43/ckpt_5376.pt
SPS: 4132
Epoch: 5377, global_step=88080384
SPS: 4132
Epoch: 5378, global_step=88096768
SPS: 4132
Epoch: 5379, global_step=88113152
SPS: 4132
Epoch: 5380, global_step=88129536
SPS: 4132
Epoch: 5381, global_step=88145920
SPS: 4132
Epoch: 5382, global_step=88162304
SPS: 4133
Epoch: 5383, global_step=88178688
SPS: 4133
Epoch: 5384, global_step=88195072
SPS: 4133
Epoch: 5385, global_step=88211456
SPS: 4133
Epoch: 5386, global_step=88227840
SPS: 4133
Epoch: 5387, global_step=88244224
SPS: 4133
Epoch: 5388, global_step=88260608
SPS: 4133
Epoch: 5389, global_step=88276992
SPS: 4134
Epoch: 5390, global_step=88293376
SPS: 4134
Epoch: 5391, global_step=88309760
SPS: 4134
Epoch: 5392, global_step=88326144
SPS: 4134
Epoch: 5393, global_step=88342528
SPS: 4134
Epoch: 5394, global_step=88358912
SPS: 4135
Epoch: 5395, global_step=88375296
SPS: 4135
Epoch: 5396, global_step=88391680
SPS: 4135
Epoch: 5397, global_step=88408064
SPS: 4135
Epoch: 5398, global_step=88424448
SPS: 4135
Epoch: 5399, global_step=88440832
SPS: 4136
Epoch: 5400, global_step=88457216
SPS: 4136
Epoch: 5401, global_step=88473600
Evaluating
Evaluated 1024 steps resulting in 16 episodes
eval_success_once_mean=0.8125
eval_return_mean=47.87539291381836
eval_episode_len_mean=64.0
eval_reward_mean=0.7480530142784119
eval_success_at_end_mean=0.75
model saved to runs/gandalf-so101graspcube-43/ckpt_5401.pt
SPS: 4133
Epoch: 5402, global_step=88489984
SPS: 4133
Epoch: 5403, global_step=88506368
SPS: 4133
Epoch: 5404, global_step=88522752
SPS: 4133
Epoch: 5405, global_step=88539136
SPS: 4133
Epoch: 5406, global_step=88555520
SPS: 4134
Epoch: 5407, global_step=88571904
SPS: 4134
Epoch: 5408, global_step=88588288
SPS: 4134
Epoch: 5409, global_step=88604672
SPS: 4134
Epoch: 5410, global_step=88621056
SPS: 4134
Epoch: 5411, global_step=88637440
SPS: 4135
Epoch: 5412, global_step=88653824
SPS: 4135
Epoch: 5413, global_step=88670208
SPS: 4135
Epoch: 5414, global_step=88686592
SPS: 4135
Epoch: 5415, global_step=88702976
SPS: 4135
Epoch: 5416, global_step=88719360
SPS: 4135
Epoch: 5417, global_step=88735744
SPS: 4135
Epoch: 5418, global_step=88752128
SPS: 4135
Epoch: 5419, global_step=88768512
SPS: 4136
Epoch: 5420, global_step=88784896
SPS: 4136
Epoch: 5421, global_step=88801280
SPS: 4136
Epoch: 5422, global_step=88817664
SPS: 4136
Epoch: 5423, global_step=88834048
SPS: 4136
Epoch: 5424, global_step=88850432
SPS: 4136
Epoch: 5425, global_step=88866816
SPS: 4137
Epoch: 5426, global_step=88883200
Evaluating
Evaluated 1024 steps resulting in 16 episodes
eval_success_once_mean=0.9375
eval_return_mean=51.88864517211914
eval_episode_len_mean=64.0
eval_reward_mean=0.8107600808143616
eval_success_at_end_mean=0.9375
model saved to runs/gandalf-so101graspcube-43/ckpt_5426.pt
SPS: 4134
Epoch: 5427, global_step=88899584
SPS: 4134
Epoch: 5428, global_step=88915968
SPS: 4134
Epoch: 5429, global_step=88932352
SPS: 4134
Epoch: 5430, global_step=88948736
SPS: 4135
Epoch: 5431, global_step=88965120
SPS: 4135
Epoch: 5432, global_step=88981504
SPS: 4135
Epoch: 5433, global_step=88997888
SPS: 4135
Epoch: 5434, global_step=89014272
SPS: 4135
Epoch: 5435, global_step=89030656
SPS: 4135
Epoch: 5436, global_step=89047040
SPS: 4136
Epoch: 5437, global_step=89063424
SPS: 4136
Epoch: 5438, global_step=89079808
SPS: 4136
Epoch: 5439, global_step=89096192
SPS: 4136
Epoch: 5440, global_step=89112576
SPS: 4136
Epoch: 5441, global_step=89128960
SPS: 4136
Epoch: 5442, global_step=89145344
SPS: 4137
Epoch: 5443, global_step=89161728
SPS: 4137
Epoch: 5444, global_step=89178112
SPS: 4137
Epoch: 5445, global_step=89194496
SPS: 4137
Epoch: 5446, global_step=89210880
SPS: 4137
Epoch: 5447, global_step=89227264
SPS: 4137
Epoch: 5448, global_step=89243648
SPS: 4138
Epoch: 5449, global_step=89260032
SPS: 4138
Epoch: 5450, global_step=89276416
SPS: 4138
Epoch: 5451, global_step=89292800
Evaluating
Evaluated 1024 steps resulting in 16 episodes
eval_success_once_mean=0.9375
eval_return_mean=49.59835433959961
eval_episode_len_mean=64.0
eval_reward_mean=0.7749742865562439
eval_success_at_end_mean=0.9375
model saved to runs/gandalf-so101graspcube-43/ckpt_5451.pt
SPS: 4135
Epoch: 5452, global_step=89309184
SPS: 4135
Epoch: 5453, global_step=89325568
SPS: 4135
Epoch: 5454, global_step=89341952
SPS: 4136
Epoch: 5455, global_step=89358336
SPS: 4136
Epoch: 5456, global_step=89374720
SPS: 4136
Epoch: 5457, global_step=89391104
SPS: 4136
Epoch: 5458, global_step=89407488
SPS: 4136
Epoch: 5459, global_step=89423872
SPS: 4137
Epoch: 5460, global_step=89440256
SPS: 4137
Epoch: 5461, global_step=89456640
SPS: 4137
Epoch: 5462, global_step=89473024
SPS: 4137
Epoch: 5463, global_step=89489408
SPS: 4137
Epoch: 5464, global_step=89505792
SPS: 4137
Epoch: 5465, global_step=89522176
SPS: 4137
Epoch: 5466, global_step=89538560
SPS: 4138
Epoch: 5467, global_step=89554944
SPS: 4138
Epoch: 5468, global_step=89571328
SPS: 4138
Epoch: 5469, global_step=89587712
SPS: 4138
Epoch: 5470, global_step=89604096
SPS: 4138
Epoch: 5471, global_step=89620480
SPS: 4138
Epoch: 5472, global_step=89636864
SPS: 4138
Epoch: 5473, global_step=89653248
SPS: 4138
Epoch: 5474, global_step=89669632
SPS: 4139
Epoch: 5475, global_step=89686016
SPS: 4139
Epoch: 5476, global_step=89702400
Evaluating
Evaluated 1024 steps resulting in 16 episodes
eval_success_once_mean=1.0
eval_return_mean=50.63436508178711
eval_episode_len_mean=64.0
eval_reward_mean=0.7911619544029236
eval_success_at_end_mean=0.9375
model saved to runs/gandalf-so101graspcube-43/ckpt_5476.pt
SPS: 4136
Epoch: 5477, global_step=89718784
SPS: 4136
Epoch: 5478, global_step=89735168
SPS: 4136
Epoch: 5479, global_step=89751552
SPS: 4136
Epoch: 5480, global_step=89767936
SPS: 4136
Epoch: 5481, global_step=89784320
SPS: 4136
Epoch: 5482, global_step=89800704
SPS: 4137
Epoch: 5483, global_step=89817088
SPS: 4137
Epoch: 5484, global_step=89833472
SPS: 4137
Epoch: 5485, global_step=89849856
SPS: 4137
Epoch: 5486, global_step=89866240
SPS: 4137
Epoch: 5487, global_step=89882624
SPS: 4137
Epoch: 5488, global_step=89899008
SPS: 4137
Epoch: 5489, global_step=89915392
SPS: 4138
Epoch: 5490, global_step=89931776
SPS: 4138
Epoch: 5491, global_step=89948160
SPS: 4138
Epoch: 5492, global_step=89964544
SPS: 4138
Epoch: 5493, global_step=89980928
SPS: 4138
Epoch: 5494, global_step=89997312
SPS: 4139
Epoch: 5495, global_step=90013696
SPS: 4139
Epoch: 5496, global_step=90030080
SPS: 4139
Epoch: 5497, global_step=90046464
SPS: 4139
Epoch: 5498, global_step=90062848
SPS: 4139
Epoch: 5499, global_step=90079232
SPS: 4139
Epoch: 5500, global_step=90095616
SPS: 4140
Epoch: 5501, global_step=90112000
Evaluating
Evaluated 1024 steps resulting in 16 episodes
eval_success_once_mean=1.0
eval_return_mean=53.14129638671875
eval_episode_len_mean=64.0
eval_reward_mean=0.8303327560424805
eval_success_at_end_mean=1.0
model saved to runs/gandalf-so101graspcube-43/ckpt_5501.pt
SPS: 4137
Epoch: 5502, global_step=90128384
SPS: 4137
Epoch: 5503, global_step=90144768
SPS: 4137
Epoch: 5504, global_step=90161152
SPS: 4137
Epoch: 5505, global_step=90177536
SPS: 4137
Epoch: 5506, global_step=90193920
SPS: 4138
Epoch: 5507, global_step=90210304
SPS: 4138
Epoch: 5508, global_step=90226688
SPS: 4138
Epoch: 5509, global_step=90243072
SPS: 4138
Epoch: 5510, global_step=90259456
SPS: 4138
Epoch: 5511, global_step=90275840
SPS: 4139
Epoch: 5512, global_step=90292224
SPS: 4139
Epoch: 5513, global_step=90308608
SPS: 4139
Epoch: 5514, global_step=90324992
SPS: 4139
Epoch: 5515, global_step=90341376
SPS: 4139
Epoch: 5516, global_step=90357760
SPS: 4139
Epoch: 5517, global_step=90374144
SPS: 4139
Epoch: 5518, global_step=90390528
SPS: 4140
Epoch: 5519, global_step=90406912
SPS: 4140
Epoch: 5520, global_step=90423296
SPS: 4140
Epoch: 5521, global_step=90439680
SPS: 4140
Epoch: 5522, global_step=90456064
SPS: 4141
Epoch: 5523, global_step=90472448
SPS: 4141
Epoch: 5524, global_step=90488832
SPS: 4141
Epoch: 5525, global_step=90505216
SPS: 4141
Epoch: 5526, global_step=90521600
Evaluating
Evaluated 1024 steps resulting in 16 episodes
eval_success_once_mean=0.875
eval_return_mean=45.73695373535156
eval_episode_len_mean=64.0
eval_reward_mean=0.7146399021148682
eval_success_at_end_mean=0.875
model saved to runs/gandalf-so101graspcube-43/ckpt_5526.pt
SPS: 4139
Epoch: 5527, global_step=90537984
SPS: 4139
Epoch: 5528, global_step=90554368
SPS: 4139
Epoch: 5529, global_step=90570752
SPS: 4139
Epoch: 5530, global_step=90587136
SPS: 4140
Epoch: 5531, global_step=90603520
SPS: 4140
Epoch: 5532, global_step=90619904
SPS: 4140
Epoch: 5533, global_step=90636288
SPS: 4140
Epoch: 5534, global_step=90652672
SPS: 4140
Epoch: 5535, global_step=90669056
SPS: 4141
Epoch: 5536, global_step=90685440
SPS: 4141
Epoch: 5537, global_step=90701824
SPS: 4141
Epoch: 5538, global_step=90718208
SPS: 4141
Epoch: 5539, global_step=90734592
SPS: 4141
Epoch: 5540, global_step=90750976
SPS: 4141
Epoch: 5541, global_step=90767360
SPS: 4141
Epoch: 5542, global_step=90783744
SPS: 4142
Epoch: 5543, global_step=90800128
SPS: 4142
Epoch: 5544, global_step=90816512
SPS: 4142
Epoch: 5545, global_step=90832896
SPS: 4142
Epoch: 5546, global_step=90849280
SPS: 4143
Epoch: 5547, global_step=90865664
SPS: 4143
Epoch: 5548, global_step=90882048
SPS: 4143
Epoch: 5549, global_step=90898432
SPS: 4143
Epoch: 5550, global_step=90914816
SPS: 4143
Epoch: 5551, global_step=90931200
Evaluating
Evaluated 1024 steps resulting in 16 episodes
eval_success_once_mean=0.875
eval_return_mean=47.832122802734375
eval_episode_len_mean=64.0
eval_reward_mean=0.7473769187927246
eval_success_at_end_mean=0.8125
model saved to runs/gandalf-so101graspcube-43/ckpt_5551.pt
SPS: 4140
Epoch: 5552, global_step=90947584
SPS: 4140
Epoch: 5553, global_step=90963968
SPS: 4141
Epoch: 5554, global_step=90980352
SPS: 4141
Epoch: 5555, global_step=90996736
SPS: 4141
Epoch: 5556, global_step=91013120
SPS: 4141
Epoch: 5557, global_step=91029504
SPS: 4141
Epoch: 5558, global_step=91045888
SPS: 4141
Epoch: 5559, global_step=91062272
SPS: 4142
Epoch: 5560, global_step=91078656
SPS: 4142
Epoch: 5561, global_step=91095040
SPS: 4142
Epoch: 5562, global_step=91111424
SPS: 4142
Epoch: 5563, global_step=91127808
SPS: 4142
Epoch: 5564, global_step=91144192
SPS: 4143
Epoch: 5565, global_step=91160576
SPS: 4143
Epoch: 5566, global_step=91176960
SPS: 4143
Epoch: 5567, global_step=91193344
SPS: 4143
Epoch: 5568, global_step=91209728
SPS: 4143
Epoch: 5569, global_step=91226112
SPS: 4143
Epoch: 5570, global_step=91242496
SPS: 4143
Epoch: 5571, global_step=91258880
SPS: 4144
Epoch: 5572, global_step=91275264
SPS: 4144
Epoch: 5573, global_step=91291648
SPS: 4144
Epoch: 5574, global_step=91308032
SPS: 4144
Epoch: 5575, global_step=91324416
SPS: 4144
Epoch: 5576, global_step=91340800
Evaluating
Evaluated 1024 steps resulting in 16 episodes
eval_success_once_mean=0.9375
eval_return_mean=51.425025939941406
eval_episode_len_mean=64.0
eval_reward_mean=0.8035160303115845
eval_success_at_end_mean=0.9375
model saved to runs/gandalf-so101graspcube-43/ckpt_5576.pt
SPS: 4141
Epoch: 5577, global_step=91357184
SPS: 4141
Epoch: 5578, global_step=91373568
SPS: 4141
Epoch: 5579, global_step=91389952
SPS: 4141
Epoch: 5580, global_step=91406336
SPS: 4142
Epoch: 5581, global_step=91422720
SPS: 4142
Epoch: 5582, global_step=91439104
SPS: 4142
Epoch: 5583, global_step=91455488
SPS: 4142
Epoch: 5584, global_step=91471872
SPS: 4142
Epoch: 5585, global_step=91488256
SPS: 4142
Epoch: 5586, global_step=91504640
SPS: 4142
Epoch: 5587, global_step=91521024
SPS: 4143
Epoch: 5588, global_step=91537408
SPS: 4143
Epoch: 5589, global_step=91553792
SPS: 4143
Epoch: 5590, global_step=91570176
SPS: 4143
Epoch: 5591, global_step=91586560
SPS: 4143
Epoch: 5592, global_step=91602944
SPS: 4143
Epoch: 5593, global_step=91619328
SPS: 4144
Epoch: 5594, global_step=91635712
SPS: 4144
Epoch: 5595, global_step=91652096
SPS: 4144
Epoch: 5596, global_step=91668480
SPS: 4144
Epoch: 5597, global_step=91684864
SPS: 4144
Epoch: 5598, global_step=91701248
SPS: 4144
Epoch: 5599, global_step=91717632
SPS: 4145
Epoch: 5600, global_step=91734016
SPS: 4145
Epoch: 5601, global_step=91750400
Evaluating
Evaluated 1024 steps resulting in 16 episodes
eval_success_once_mean=0.9375
eval_return_mean=46.4822998046875
eval_episode_len_mean=64.0
eval_reward_mean=0.7262859344482422
eval_success_at_end_mean=0.875
model saved to runs/gandalf-so101graspcube-43/ckpt_5601.pt
SPS: 4142
Epoch: 5602, global_step=91766784
SPS: 4142
Epoch: 5603, global_step=91783168
SPS: 4142
Epoch: 5604, global_step=91799552
SPS: 4142
Epoch: 5605, global_step=91815936
SPS: 4142
Epoch: 5606, global_step=91832320
SPS: 4142
Epoch: 5607, global_step=91848704
SPS: 4143
Epoch: 5608, global_step=91865088
SPS: 4143
Epoch: 5609, global_step=91881472
SPS: 4143
Epoch: 5610, global_step=91897856
SPS: 4143
Epoch: 5611, global_step=91914240
SPS: 4143
Epoch: 5612, global_step=91930624
SPS: 4143
Epoch: 5613, global_step=91947008
SPS: 4143
Epoch: 5614, global_step=91963392
SPS: 4143
Epoch: 5615, global_step=91979776
SPS: 4144
Epoch: 5616, global_step=91996160
SPS: 4144
Epoch: 5617, global_step=92012544
SPS: 4144
Epoch: 5618, global_step=92028928
SPS: 4144
Epoch: 5619, global_step=92045312
SPS: 4144
Epoch: 5620, global_step=92061696
SPS: 4144
Epoch: 5621, global_step=92078080
SPS: 4145
Epoch: 5622, global_step=92094464
SPS: 4145
Epoch: 5623, global_step=92110848
SPS: 4145
Epoch: 5624, global_step=92127232
SPS: 4145
Epoch: 5625, global_step=92143616
SPS: 4145
Epoch: 5626, global_step=92160000
Evaluating
Evaluated 1024 steps resulting in 16 episodes
eval_success_once_mean=1.0
eval_return_mean=54.683387756347656
eval_episode_len_mean=64.0
eval_reward_mean=0.8544279336929321
eval_success_at_end_mean=1.0
model saved to runs/gandalf-so101graspcube-43/ckpt_5626.pt
SPS: 4142
Epoch: 5627, global_step=92176384
SPS: 4143
Epoch: 5628, global_step=92192768
SPS: 4143
Epoch: 5629, global_step=92209152
SPS: 4143
Epoch: 5630, global_step=92225536
SPS: 4143
Epoch: 5631, global_step=92241920
SPS: 4143
Epoch: 5632, global_step=92258304
SPS: 4143
Epoch: 5633, global_step=92274688
SPS: 4143
Epoch: 5634, global_step=92291072
SPS: 4144
Epoch: 5635, global_step=92307456
SPS: 4144
Epoch: 5636, global_step=92323840
SPS: 4144
Epoch: 5637, global_step=92340224
SPS: 4144
Epoch: 5638, global_step=92356608
SPS: 4144
Epoch: 5639, global_step=92372992
SPS: 4144
Epoch: 5640, global_step=92389376
SPS: 4144
Epoch: 5641, global_step=92405760
SPS: 4145
Epoch: 5642, global_step=92422144
SPS: 4145
Epoch: 5643, global_step=92438528
SPS: 4145
Epoch: 5644, global_step=92454912
SPS: 4145
Epoch: 5645, global_step=92471296
SPS: 4145
Epoch: 5646, global_step=92487680
SPS: 4145
Epoch: 5647, global_step=92504064
SPS: 4146
Epoch: 5648, global_step=92520448
SPS: 4146
Epoch: 5649, global_step=92536832
SPS: 4146
Epoch: 5650, global_step=92553216
SPS: 4146
Epoch: 5651, global_step=92569600
Evaluating
Evaluated 1024 steps resulting in 16 episodes
eval_success_once_mean=0.875
eval_return_mean=49.45475769042969
eval_episode_len_mean=64.0
eval_reward_mean=0.7727305889129639
eval_success_at_end_mean=0.8125
model saved to runs/gandalf-so101graspcube-43/ckpt_5651.pt
SPS: 4143
Epoch: 5652, global_step=92585984
SPS: 4143
Epoch: 5653, global_step=92602368
SPS: 4144
Epoch: 5654, global_step=92618752
SPS: 4144
Epoch: 5655, global_step=92635136
SPS: 4144
Epoch: 5656, global_step=92651520
SPS: 4144
Epoch: 5657, global_step=92667904
SPS: 4144
Epoch: 5658, global_step=92684288
SPS: 4144
Epoch: 5659, global_step=92700672
SPS: 4144
Epoch: 5660, global_step=92717056
SPS: 4144
Epoch: 5661, global_step=92733440
SPS: 4145
Epoch: 5662, global_step=92749824
SPS: 4145
Epoch: 5663, global_step=92766208
SPS: 4145
Epoch: 5664, global_step=92782592
SPS: 4145
Epoch: 5665, global_step=92798976
SPS: 4145
Epoch: 5666, global_step=92815360
SPS: 4145
Epoch: 5667, global_step=92831744
SPS: 4146
Epoch: 5668, global_step=92848128
SPS: 4146
Epoch: 5669, global_step=92864512
SPS: 4146
Epoch: 5670, global_step=92880896
SPS: 4146
Epoch: 5671, global_step=92897280
SPS: 4146
Epoch: 5672, global_step=92913664
SPS: 4146
Epoch: 5673, global_step=92930048
SPS: 4146
Epoch: 5674, global_step=92946432
SPS: 4147
Epoch: 5675, global_step=92962816
SPS: 4147
Epoch: 5676, global_step=92979200
Evaluating
Evaluated 1024 steps resulting in 16 episodes
eval_success_once_mean=1.0
eval_return_mean=54.56066131591797
eval_episode_len_mean=64.0
eval_reward_mean=0.8525103330612183
eval_success_at_end_mean=1.0
model saved to runs/gandalf-so101graspcube-43/ckpt_5676.pt
SPS: 4144
Epoch: 5677, global_step=92995584
SPS: 4144
Epoch: 5678, global_step=93011968
SPS: 4144
Epoch: 5679, global_step=93028352
SPS: 4145
Epoch: 5680, global_step=93044736
SPS: 4145
Epoch: 5681, global_step=93061120
SPS: 4145
Epoch: 5682, global_step=93077504
SPS: 4145
Epoch: 5683, global_step=93093888
SPS: 4145
Epoch: 5684, global_step=93110272
SPS: 4145
Epoch: 5685, global_step=93126656
SPS: 4145
Epoch: 5686, global_step=93143040
SPS: 4145
Epoch: 5687, global_step=93159424
SPS: 4146
Epoch: 5688, global_step=93175808
SPS: 4146
Epoch: 5689, global_step=93192192
SPS: 4146
Epoch: 5690, global_step=93208576
SPS: 4146
Epoch: 5691, global_step=93224960
SPS: 4146
Epoch: 5692, global_step=93241344
SPS: 4146
Epoch: 5693, global_step=93257728
SPS: 4146
Epoch: 5694, global_step=93274112
SPS: 4147
Epoch: 5695, global_step=93290496
SPS: 4147
Epoch: 5696, global_step=93306880
SPS: 4147
Epoch: 5697, global_step=93323264
SPS: 4147
Epoch: 5698, global_step=93339648
SPS: 4147
Epoch: 5699, global_step=93356032
SPS: 4147
Epoch: 5700, global_step=93372416
SPS: 4147
Epoch: 5701, global_step=93388800
Evaluating
Evaluated 1024 steps resulting in 16 episodes
eval_success_once_mean=1.0
eval_return_mean=52.828216552734375
eval_episode_len_mean=64.0
eval_reward_mean=0.8254408836364746
eval_success_at_end_mean=1.0
model saved to runs/gandalf-so101graspcube-43/ckpt_5701.pt
SPS: 4145
Epoch: 5702, global_step=93405184
SPS: 4145
Epoch: 5703, global_step=93421568
SPS: 4145
Epoch: 5704, global_step=93437952
SPS: 4145
Epoch: 5705, global_step=93454336
SPS: 4145
Epoch: 5706, global_step=93470720
SPS: 4145
Epoch: 5707, global_step=93487104
SPS: 4146
Epoch: 5708, global_step=93503488
SPS: 4146
Epoch: 5709, global_step=93519872
SPS: 4146
Epoch: 5710, global_step=93536256
SPS: 4146
Epoch: 5711, global_step=93552640
SPS: 4146
Epoch: 5712, global_step=93569024
SPS: 4146
Epoch: 5713, global_step=93585408
SPS: 4146
Epoch: 5714, global_step=93601792
SPS: 4146
Epoch: 5715, global_step=93618176
SPS: 4147
Epoch: 5716, global_step=93634560
SPS: 4147
Epoch: 5717, global_step=93650944
SPS: 4147
Epoch: 5718, global_step=93667328
SPS: 4147
Epoch: 5719, global_step=93683712
SPS: 4147
Epoch: 5720, global_step=93700096
SPS: 4147
Epoch: 5721, global_step=93716480
SPS: 4147
Epoch: 5722, global_step=93732864
SPS: 4147
Epoch: 5723, global_step=93749248
SPS: 4148
Epoch: 5724, global_step=93765632
SPS: 4148
Epoch: 5725, global_step=93782016
SPS: 4148
Epoch: 5726, global_step=93798400
Evaluating
Evaluated 1024 steps resulting in 16 episodes
eval_success_once_mean=1.0
eval_return_mean=53.41808319091797
eval_episode_len_mean=64.0
eval_reward_mean=0.8346575498580933
eval_success_at_end_mean=1.0
model saved to runs/gandalf-so101graspcube-43/ckpt_5726.pt
SPS: 4145
Epoch: 5727, global_step=93814784
SPS: 4145
Epoch: 5728, global_step=93831168
SPS: 4146
Epoch: 5729, global_step=93847552
SPS: 4146
Epoch: 5730, global_step=93863936
SPS: 4146
Epoch: 5731, global_step=93880320
SPS: 4146
Epoch: 5732, global_step=93896704
SPS: 4146
Epoch: 5733, global_step=93913088
SPS: 4146
Epoch: 5734, global_step=93929472
SPS: 4147
Epoch: 5735, global_step=93945856
SPS: 4147
Epoch: 5736, global_step=93962240
SPS: 4147
Epoch: 5737, global_step=93978624
SPS: 4147
Epoch: 5738, global_step=93995008
SPS: 4147
Epoch: 5739, global_step=94011392
SPS: 4147
Epoch: 5740, global_step=94027776
SPS: 4148
Epoch: 5741, global_step=94044160
SPS: 4148
Epoch: 5742, global_step=94060544
SPS: 4148
Epoch: 5743, global_step=94076928
SPS: 4148
Epoch: 5744, global_step=94093312
SPS: 4148
Epoch: 5745, global_step=94109696
SPS: 4148
Epoch: 5746, global_step=94126080
SPS: 4149
Epoch: 5747, global_step=94142464
SPS: 4149
Epoch: 5748, global_step=94158848
SPS: 4149
Epoch: 5749, global_step=94175232
SPS: 4149
Epoch: 5750, global_step=94191616
SPS: 4149
Epoch: 5751, global_step=94208000
Evaluating
Evaluated 1024 steps resulting in 16 episodes
eval_success_once_mean=1.0
eval_return_mean=53.51952362060547
eval_episode_len_mean=64.0
eval_reward_mean=0.8362425565719604
eval_success_at_end_mean=1.0
model saved to runs/gandalf-so101graspcube-43/ckpt_5751.pt
SPS: 4147
Epoch: 5752, global_step=94224384
SPS: 4147
Epoch: 5753, global_step=94240768
SPS: 4147
Epoch: 5754, global_step=94257152
SPS: 4147
Epoch: 5755, global_step=94273536
SPS: 4147
Epoch: 5756, global_step=94289920
SPS: 4147
Epoch: 5757, global_step=94306304
SPS: 4148
Epoch: 5758, global_step=94322688
SPS: 4148
Epoch: 5759, global_step=94339072
SPS: 4148
Epoch: 5760, global_step=94355456
SPS: 4148
Epoch: 5761, global_step=94371840
SPS: 4148
Epoch: 5762, global_step=94388224
SPS: 4148
Epoch: 5763, global_step=94404608
SPS: 4149
Epoch: 5764, global_step=94420992
SPS: 4149
Epoch: 5765, global_step=94437376
SPS: 4149
Epoch: 5766, global_step=94453760
SPS: 4149
Epoch: 5767, global_step=94470144
SPS: 4149
Epoch: 5768, global_step=94486528
SPS: 4149
Epoch: 5769, global_step=94502912
SPS: 4150
Epoch: 5770, global_step=94519296
SPS: 4150
Epoch: 5771, global_step=94535680
SPS: 4150
Epoch: 5772, global_step=94552064
SPS: 4150
Epoch: 5773, global_step=94568448
SPS: 4150
Epoch: 5774, global_step=94584832
SPS: 4151
Epoch: 5775, global_step=94601216
SPS: 4151
Epoch: 5776, global_step=94617600
Evaluating
Evaluated 1024 steps resulting in 16 episodes
eval_success_once_mean=0.9375
eval_return_mean=48.2590446472168
eval_episode_len_mean=64.0
eval_reward_mean=0.7540475726127625
eval_success_at_end_mean=0.875
model saved to runs/gandalf-so101graspcube-43/ckpt_5776.pt
SPS: 4148
Epoch: 5777, global_step=94633984
SPS: 4148
Epoch: 5778, global_step=94650368
SPS: 4148
Epoch: 5779, global_step=94666752
SPS: 4149
Epoch: 5780, global_step=94683136
SPS: 4149
Epoch: 5781, global_step=94699520
SPS: 4149
Epoch: 5782, global_step=94715904
SPS: 4149
Epoch: 5783, global_step=94732288
SPS: 4149
Epoch: 5784, global_step=94748672
SPS: 4149
Epoch: 5785, global_step=94765056
SPS: 4150
Epoch: 5786, global_step=94781440
SPS: 4150
Epoch: 5787, global_step=94797824
SPS: 4150
Epoch: 5788, global_step=94814208
SPS: 4150
Epoch: 5789, global_step=94830592
SPS: 4151
Epoch: 5790, global_step=94846976
SPS: 4151
Epoch: 5791, global_step=94863360
SPS: 4151
Epoch: 5792, global_step=94879744
SPS: 4151
Epoch: 5793, global_step=94896128
SPS: 4151
Epoch: 5794, global_step=94912512
SPS: 4151
Epoch: 5795, global_step=94928896
SPS: 4152
Epoch: 5796, global_step=94945280
SPS: 4152
Epoch: 5797, global_step=94961664
SPS: 4152
Epoch: 5798, global_step=94978048
SPS: 4152
Epoch: 5799, global_step=94994432
SPS: 4152
Epoch: 5800, global_step=95010816
SPS: 4153
Epoch: 5801, global_step=95027200
Evaluating
Evaluated 1024 steps resulting in 16 episodes
eval_success_once_mean=1.0
eval_return_mean=53.16277313232422
eval_episode_len_mean=64.0
eval_reward_mean=0.8306683301925659
eval_success_at_end_mean=0.9375
model saved to runs/gandalf-so101graspcube-43/ckpt_5801.pt
SPS: 4150
Epoch: 5802, global_step=95043584
SPS: 4150
Epoch: 5803, global_step=95059968
SPS: 4150
Epoch: 5804, global_step=95076352
SPS: 4150
Epoch: 5805, global_step=95092736
SPS: 4151
Epoch: 5806, global_step=95109120
SPS: 4151
Epoch: 5807, global_step=95125504
SPS: 4151
Epoch: 5808, global_step=95141888
SPS: 4151
Epoch: 5809, global_step=95158272
SPS: 4151
Epoch: 5810, global_step=95174656
SPS: 4152
Epoch: 5811, global_step=95191040
SPS: 4152
Epoch: 5812, global_step=95207424
SPS: 4152
Epoch: 5813, global_step=95223808
SPS: 4152
Epoch: 5814, global_step=95240192
SPS: 4152
Epoch: 5815, global_step=95256576
SPS: 4153
Epoch: 5816, global_step=95272960
SPS: 4153
Epoch: 5817, global_step=95289344
SPS: 4153
Epoch: 5818, global_step=95305728
SPS: 4153
Epoch: 5819, global_step=95322112
SPS: 4153
Epoch: 5820, global_step=95338496
SPS: 4154
Epoch: 5821, global_step=95354880
SPS: 4154
Epoch: 5822, global_step=95371264
SPS: 4154
Epoch: 5823, global_step=95387648
SPS: 4154
Epoch: 5824, global_step=95404032
SPS: 4154
Epoch: 5825, global_step=95420416
SPS: 4155
Epoch: 5826, global_step=95436800
Evaluating
Evaluated 1024 steps resulting in 16 episodes
eval_success_once_mean=1.0
eval_return_mean=54.78273010253906
eval_episode_len_mean=64.0
eval_reward_mean=0.8559801578521729
eval_success_at_end_mean=1.0
model saved to runs/gandalf-so101graspcube-43/ckpt_5826.pt
SPS: 4152
Epoch: 5827, global_step=95453184
SPS: 4152
Epoch: 5828, global_step=95469568
SPS: 4152
Epoch: 5829, global_step=95485952
SPS: 4152
Epoch: 5830, global_step=95502336
SPS: 4153
Epoch: 5831, global_step=95518720
SPS: 4153
Epoch: 5832, global_step=95535104
SPS: 4153
Epoch: 5833, global_step=95551488
SPS: 4153
Epoch: 5834, global_step=95567872
SPS: 4153
Epoch: 5835, global_step=95584256
SPS: 4154
Epoch: 5836, global_step=95600640
SPS: 4154
Epoch: 5837, global_step=95617024
SPS: 4154
Epoch: 5838, global_step=95633408
SPS: 4154
Epoch: 5839, global_step=95649792
SPS: 4154
Epoch: 5840, global_step=95666176
SPS: 4154
Epoch: 5841, global_step=95682560
SPS: 4155
Epoch: 5842, global_step=95698944
SPS: 4155
Epoch: 5843, global_step=95715328
SPS: 4155
Epoch: 5844, global_step=95731712
SPS: 4155
Epoch: 5845, global_step=95748096
SPS: 4155
Epoch: 5846, global_step=95764480
SPS: 4155
Epoch: 5847, global_step=95780864
SPS: 4156
Epoch: 5848, global_step=95797248
SPS: 4156
Epoch: 5849, global_step=95813632
SPS: 4156
Epoch: 5850, global_step=95830016
SPS: 4156
Epoch: 5851, global_step=95846400
Evaluating
Evaluated 1024 steps resulting in 16 episodes
eval_success_once_mean=1.0
eval_return_mean=51.42198944091797
eval_episode_len_mean=64.0
eval_reward_mean=0.8034685850143433
eval_success_at_end_mean=0.9375
model saved to runs/gandalf-so101graspcube-43/ckpt_5851.pt
SPS: 4154
Epoch: 5852, global_step=95862784
SPS: 4154
Epoch: 5853, global_step=95879168
SPS: 4154
Epoch: 5854, global_step=95895552
SPS: 4154
Epoch: 5855, global_step=95911936
SPS: 4154
Epoch: 5856, global_step=95928320
SPS: 4154
Epoch: 5857, global_step=95944704
SPS: 4155
Epoch: 5858, global_step=95961088
SPS: 4155
Epoch: 5859, global_step=95977472
SPS: 4155
Epoch: 5860, global_step=95993856
SPS: 4155
Epoch: 5861, global_step=96010240
SPS: 4155
Epoch: 5862, global_step=96026624
SPS: 4156
Epoch: 5863, global_step=96043008
SPS: 4156
Epoch: 5864, global_step=96059392
SPS: 4156
Epoch: 5865, global_step=96075776
SPS: 4156
Epoch: 5866, global_step=96092160
SPS: 4156
Epoch: 5867, global_step=96108544
SPS: 4156
Epoch: 5868, global_step=96124928
SPS: 4157
Epoch: 5869, global_step=96141312
SPS: 4157
Epoch: 5870, global_step=96157696
SPS: 4157
Epoch: 5871, global_step=96174080
SPS: 4157
Epoch: 5872, global_step=96190464
SPS: 4157
Epoch: 5873, global_step=96206848
SPS: 4158
Epoch: 5874, global_step=96223232
SPS: 4158
Epoch: 5875, global_step=96239616
SPS: 4158
Epoch: 5876, global_step=96256000
Evaluating
Evaluated 1024 steps resulting in 16 episodes
eval_success_once_mean=1.0
eval_return_mean=50.883453369140625
eval_episode_len_mean=64.0
eval_reward_mean=0.7950539588928223
eval_success_at_end_mean=0.9375
model saved to runs/gandalf-so101graspcube-43/ckpt_5876.pt
SPS: 4155
Epoch: 5877, global_step=96272384
SPS: 4155
Epoch: 5878, global_step=96288768
SPS: 4156
Epoch: 5879, global_step=96305152
SPS: 4156
Epoch: 5880, global_step=96321536
SPS: 4156
Epoch: 5881, global_step=96337920
SPS: 4156
Epoch: 5882, global_step=96354304
SPS: 4156
Epoch: 5883, global_step=96370688
SPS: 4156
Epoch: 5884, global_step=96387072
SPS: 4156
Epoch: 5885, global_step=96403456
SPS: 4157
Epoch: 5886, global_step=96419840
SPS: 4157
Epoch: 5887, global_step=96436224
SPS: 4157
Epoch: 5888, global_step=96452608
SPS: 4157
Epoch: 5889, global_step=96468992
SPS: 4157
Epoch: 5890, global_step=96485376
SPS: 4157
Epoch: 5891, global_step=96501760
SPS: 4158
Epoch: 5892, global_step=96518144
SPS: 4158
Epoch: 5893, global_step=96534528
SPS: 4158
Epoch: 5894, global_step=96550912
SPS: 4158
Epoch: 5895, global_step=96567296
SPS: 4158
Epoch: 5896, global_step=96583680
SPS: 4158
Epoch: 5897, global_step=96600064
SPS: 4158
Epoch: 5898, global_step=96616448
SPS: 4159
Epoch: 5899, global_step=96632832
SPS: 4159
Epoch: 5900, global_step=96649216
SPS: 4159
Epoch: 5901, global_step=96665600
Evaluating
Evaluated 1024 steps resulting in 16 episodes
eval_success_once_mean=1.0
eval_return_mean=52.912384033203125
eval_episode_len_mean=64.0
eval_reward_mean=0.8267560005187988
eval_success_at_end_mean=1.0
model saved to runs/gandalf-so101graspcube-43/ckpt_5901.pt
SPS: 4156
Epoch: 5902, global_step=96681984
SPS: 4156
Epoch: 5903, global_step=96698368
SPS: 4157
Epoch: 5904, global_step=96714752
SPS: 4157
Epoch: 5905, global_step=96731136
SPS: 4157
Epoch: 5906, global_step=96747520
SPS: 4157
Epoch: 5907, global_step=96763904
SPS: 4157
Epoch: 5908, global_step=96780288
SPS: 4157
Epoch: 5909, global_step=96796672
SPS: 4158
Epoch: 5910, global_step=96813056
SPS: 4158
Epoch: 5911, global_step=96829440
SPS: 4158
Epoch: 5912, global_step=96845824
SPS: 4158
Epoch: 5913, global_step=96862208
SPS: 4158
Epoch: 5914, global_step=96878592
SPS: 4158
Epoch: 5915, global_step=96894976
SPS: 4159
Epoch: 5916, global_step=96911360
SPS: 4159
Epoch: 5917, global_step=96927744
SPS: 4159
Epoch: 5918, global_step=96944128
SPS: 4159
Epoch: 5919, global_step=96960512
SPS: 4159
Epoch: 5920, global_step=96976896
SPS: 4159
Epoch: 5921, global_step=96993280
SPS: 4160
Epoch: 5922, global_step=97009664
SPS: 4160
Epoch: 5923, global_step=97026048
SPS: 4160
Epoch: 5924, global_step=97042432
SPS: 4160
Epoch: 5925, global_step=97058816
SPS: 4160
Epoch: 5926, global_step=97075200
Evaluating
Evaluated 1024 steps resulting in 16 episodes
eval_success_once_mean=0.9375
eval_return_mean=50.76968765258789
eval_episode_len_mean=64.0
eval_reward_mean=0.7932763695716858
eval_success_at_end_mean=0.9375
model saved to runs/gandalf-so101graspcube-43/ckpt_5926.pt
SPS: 4158
Epoch: 5927, global_step=97091584
SPS: 4158
Epoch: 5928, global_step=97107968
SPS: 4158
Epoch: 5929, global_step=97124352
SPS: 4158
Epoch: 5930, global_step=97140736
SPS: 4158
Epoch: 5931, global_step=97157120
SPS: 4158
Epoch: 5932, global_step=97173504
SPS: 4158
Epoch: 5933, global_step=97189888
SPS: 4158
Epoch: 5934, global_step=97206272
SPS: 4159
Epoch: 5935, global_step=97222656
SPS: 4159
Epoch: 5936, global_step=97239040
SPS: 4159
Epoch: 5937, global_step=97255424
SPS: 4159
Epoch: 5938, global_step=97271808
SPS: 4159
Epoch: 5939, global_step=97288192
SPS: 4159
Epoch: 5940, global_step=97304576
SPS: 4159
Epoch: 5941, global_step=97320960
SPS: 4159
Epoch: 5942, global_step=97337344
SPS: 4160
Epoch: 5943, global_step=97353728
SPS: 4160
Epoch: 5944, global_step=97370112
SPS: 4160
Epoch: 5945, global_step=97386496
SPS: 4160
Epoch: 5946, global_step=97402880
SPS: 4160
Epoch: 5947, global_step=97419264
SPS: 4160
Epoch: 5948, global_step=97435648
SPS: 4161
Epoch: 5949, global_step=97452032
SPS: 4161
Epoch: 5950, global_step=97468416
SPS: 4161
Epoch: 5951, global_step=97484800
Evaluating
Evaluated 1024 steps resulting in 16 episodes
eval_success_once_mean=1.0
eval_return_mean=51.36766815185547
eval_episode_len_mean=64.0
eval_reward_mean=0.8026198148727417
eval_success_at_end_mean=1.0
model saved to runs/gandalf-so101graspcube-43/ckpt_5951.pt
SPS: 4158
Epoch: 5952, global_step=97501184
SPS: 4158
Epoch: 5953, global_step=97517568
SPS: 4158
Epoch: 5954, global_step=97533952
SPS: 4158
Epoch: 5955, global_step=97550336
SPS: 4158
Epoch: 5956, global_step=97566720
SPS: 4158
Epoch: 5957, global_step=97583104
SPS: 4158
Epoch: 5958, global_step=97599488
SPS: 4159
Epoch: 5959, global_step=97615872
SPS: 4159
Epoch: 5960, global_step=97632256
SPS: 4159
Epoch: 5961, global_step=97648640
SPS: 4159
Epoch: 5962, global_step=97665024
SPS: 4159
Epoch: 5963, global_step=97681408
SPS: 4159
Epoch: 5964, global_step=97697792
SPS: 4159
Epoch: 5965, global_step=97714176
SPS: 4160
Epoch: 5966, global_step=97730560
SPS: 4160
Epoch: 5967, global_step=97746944
SPS: 4160
Epoch: 5968, global_step=97763328
SPS: 4160
Epoch: 5969, global_step=97779712
SPS: 4160
Epoch: 5970, global_step=97796096
SPS: 4160
Epoch: 5971, global_step=97812480
SPS: 4160
Epoch: 5972, global_step=97828864
SPS: 4160
Epoch: 5973, global_step=97845248
SPS: 4161
Epoch: 5974, global_step=97861632
SPS: 4161
Epoch: 5975, global_step=97878016
SPS: 4161
Epoch: 5976, global_step=97894400
Evaluating
Evaluated 1024 steps resulting in 16 episodes
eval_success_once_mean=1.0
eval_return_mean=53.679840087890625
eval_episode_len_mean=64.0
eval_reward_mean=0.838747501373291
eval_success_at_end_mean=1.0
model saved to runs/gandalf-so101graspcube-43/ckpt_5976.pt
SPS: 4158
Epoch: 5977, global_step=97910784
SPS: 4158
Epoch: 5978, global_step=97927168
SPS: 4158
Epoch: 5979, global_step=97943552
SPS: 4159
Epoch: 5980, global_step=97959936
SPS: 4159
Epoch: 5981, global_step=97976320
SPS: 4159
Epoch: 5982, global_step=97992704
SPS: 4159
Epoch: 5983, global_step=98009088
SPS: 4159
Epoch: 5984, global_step=98025472
SPS: 4159
Epoch: 5985, global_step=98041856
SPS: 4159
Epoch: 5986, global_step=98058240
SPS: 4160
Epoch: 5987, global_step=98074624
SPS: 4159
Epoch: 5988, global_step=98091008
SPS: 4159
Epoch: 5989, global_step=98107392
SPS: 4160
Epoch: 5990, global_step=98123776
SPS: 4160
Epoch: 5991, global_step=98140160
SPS: 4160
Epoch: 5992, global_step=98156544
SPS: 4160
Epoch: 5993, global_step=98172928
SPS: 4160
Epoch: 5994, global_step=98189312
SPS: 4160
Epoch: 5995, global_step=98205696
SPS: 4160
Epoch: 5996, global_step=98222080
SPS: 4161
Epoch: 5997, global_step=98238464
SPS: 4161
Epoch: 5998, global_step=98254848
SPS: 4161
Epoch: 5999, global_step=98271232
SPS: 4161
Epoch: 6000, global_step=98287616
SPS: 4161
Epoch: 6001, global_step=98304000
Evaluating
Evaluated 1024 steps resulting in 16 episodes
eval_success_once_mean=0.9375
eval_return_mean=52.2475471496582
eval_episode_len_mean=64.0
eval_reward_mean=0.8163679242134094
eval_success_at_end_mean=0.9375
model saved to runs/gandalf-so101graspcube-43/ckpt_6001.pt
SPS: 4158
Epoch: 6002, global_step=98320384
SPS: 4159
Epoch: 6003, global_step=98336768
SPS: 4159
Epoch: 6004, global_step=98353152
SPS: 4158
Epoch: 6005, global_step=98369536
SPS: 4159
Epoch: 6006, global_step=98385920
SPS: 4159
Epoch: 6007, global_step=98402304
SPS: 4159
Epoch: 6008, global_step=98418688
SPS: 4159
Epoch: 6009, global_step=98435072
SPS: 4159
Epoch: 6010, global_step=98451456
SPS: 4159
Epoch: 6011, global_step=98467840
SPS: 4159
Epoch: 6012, global_step=98484224
SPS: 4159
Epoch: 6013, global_step=98500608
SPS: 4160
Epoch: 6014, global_step=98516992
SPS: 4160
Epoch: 6015, global_step=98533376
SPS: 4160
Epoch: 6016, global_step=98549760
SPS: 4160
Epoch: 6017, global_step=98566144
SPS: 4160
Epoch: 6018, global_step=98582528
SPS: 4160
Epoch: 6019, global_step=98598912
SPS: 4161
Epoch: 6020, global_step=98615296
SPS: 4161
Epoch: 6021, global_step=98631680
SPS: 4161
Epoch: 6022, global_step=98648064
SPS: 4161
Epoch: 6023, global_step=98664448
SPS: 4161
Epoch: 6024, global_step=98680832
SPS: 4161
Epoch: 6025, global_step=98697216
SPS: 4161
Epoch: 6026, global_step=98713600
Evaluating
Evaluated 1024 steps resulting in 16 episodes
eval_success_once_mean=1.0
eval_return_mean=52.815834045410156
eval_episode_len_mean=64.0
eval_reward_mean=0.8252474069595337
eval_success_at_end_mean=1.0
model saved to runs/gandalf-so101graspcube-43/ckpt_6026.pt
SPS: 4159
Epoch: 6027, global_step=98729984
SPS: 4159
Epoch: 6028, global_step=98746368
SPS: 4159
Epoch: 6029, global_step=98762752
SPS: 4159
Epoch: 6030, global_step=98779136
SPS: 4159
Epoch: 6031, global_step=98795520
SPS: 4159
Epoch: 6032, global_step=98811904
SPS: 4160
Epoch: 6033, global_step=98828288
SPS: 4160
Epoch: 6034, global_step=98844672
SPS: 4160
Epoch: 6035, global_step=98861056
SPS: 4160
Epoch: 6036, global_step=98877440
SPS: 4160
Epoch: 6037, global_step=98893824
SPS: 4160
Epoch: 6038, global_step=98910208
SPS: 4161
Epoch: 6039, global_step=98926592
SPS: 4161
Epoch: 6040, global_step=98942976
SPS: 4161
Epoch: 6041, global_step=98959360
SPS: 4161
Epoch: 6042, global_step=98975744
SPS: 4161
Epoch: 6043, global_step=98992128
SPS: 4161
Epoch: 6044, global_step=99008512
SPS: 4161
Epoch: 6045, global_step=99024896
SPS: 4162
Epoch: 6046, global_step=99041280
SPS: 4162
Epoch: 6047, global_step=99057664
SPS: 4162
Epoch: 6048, global_step=99074048
SPS: 4162
Epoch: 6049, global_step=99090432
SPS: 4162
Epoch: 6050, global_step=99106816
SPS: 4162
Epoch: 6051, global_step=99123200
Evaluating
Evaluated 1024 steps resulting in 16 episodes
eval_success_once_mean=1.0
eval_return_mean=52.34965133666992
eval_episode_len_mean=64.0
eval_reward_mean=0.8179633021354675
eval_success_at_end_mean=1.0
model saved to runs/gandalf-so101graspcube-43/ckpt_6051.pt
SPS: 4160
Epoch: 6052, global_step=99139584
SPS: 4160
Epoch: 6053, global_step=99155968
SPS: 4160
Epoch: 6054, global_step=99172352
SPS: 4160
Epoch: 6055, global_step=99188736
SPS: 4160
Epoch: 6056, global_step=99205120
SPS: 4160
Epoch: 6057, global_step=99221504
SPS: 4161
Epoch: 6058, global_step=99237888
SPS: 4161
Epoch: 6059, global_step=99254272
SPS: 4161
Epoch: 6060, global_step=99270656
SPS: 4161
Epoch: 6061, global_step=99287040
SPS: 4161
Epoch: 6062, global_step=99303424
SPS: 4161
Epoch: 6063, global_step=99319808
SPS: 4161
Epoch: 6064, global_step=99336192
SPS: 4162
Epoch: 6065, global_step=99352576
SPS: 4162
Epoch: 6066, global_step=99368960
SPS: 4162
Epoch: 6067, global_step=99385344
SPS: 4162
Epoch: 6068, global_step=99401728
SPS: 4162
Epoch: 6069, global_step=99418112
SPS: 4162
Epoch: 6070, global_step=99434496
SPS: 4162
Epoch: 6071, global_step=99450880
SPS: 4162
Epoch: 6072, global_step=99467264
SPS: 4163
Epoch: 6073, global_step=99483648
SPS: 4163
Epoch: 6074, global_step=99500032
SPS: 4163
Epoch: 6075, global_step=99516416
SPS: 4163
Epoch: 6076, global_step=99532800
Evaluating
Evaluated 1024 steps resulting in 16 episodes
eval_success_once_mean=0.9375
eval_return_mean=49.91798400878906
eval_episode_len_mean=64.0
eval_reward_mean=0.7799685001373291
eval_success_at_end_mean=0.9375
model saved to runs/gandalf-so101graspcube-43/ckpt_6076.pt
SPS: 4160
Epoch: 6077, global_step=99549184
SPS: 4161
Epoch: 6078, global_step=99565568
SPS: 4161
Epoch: 6079, global_step=99581952
SPS: 4161
Epoch: 6080, global_step=99598336
SPS: 4161
Epoch: 6081, global_step=99614720
SPS: 4161
Epoch: 6082, global_step=99631104
SPS: 4161
Epoch: 6083, global_step=99647488
SPS: 4162
Epoch: 6084, global_step=99663872
SPS: 4162
Epoch: 6085, global_step=99680256
SPS: 4162
Epoch: 6086, global_step=99696640
SPS: 4162
Epoch: 6087, global_step=99713024
SPS: 4162
Epoch: 6088, global_step=99729408
SPS: 4162
Epoch: 6089, global_step=99745792
SPS: 4162
Epoch: 6090, global_step=99762176
SPS: 4163
Epoch: 6091, global_step=99778560
SPS: 4163
Epoch: 6092, global_step=99794944
SPS: 4163
Epoch: 6093, global_step=99811328
SPS: 4163
Epoch: 6094, global_step=99827712
SPS: 4163
Epoch: 6095, global_step=99844096
SPS: 4163
Epoch: 6096, global_step=99860480
SPS: 4163
Epoch: 6097, global_step=99876864
SPS: 4163
Epoch: 6098, global_step=99893248
SPS: 4164
Epoch: 6099, global_step=99909632
SPS: 4164
Epoch: 6100, global_step=99926016
SPS: 4164
Epoch: 6101, global_step=99942400
Evaluating
Evaluated 1024 steps resulting in 16 episodes
eval_success_once_mean=1.0
eval_return_mean=50.69011688232422
eval_episode_len_mean=64.0
eval_reward_mean=0.7920330762863159
eval_success_at_end_mean=0.9375
model saved to runs/gandalf-so101graspcube-43/ckpt_6101.pt
SPS: 4161
Epoch: 6102, global_step=99958784
SPS: 4161
Epoch: 6103, global_step=99975168
SPS: 4162
model saved to runs/gandalf-so101graspcube-43/final_ckpt.pt
[1;34mwandb[0m: 
[1;34mwandb[0m: 🚀 View run [33mgandalf-so101graspcube-43[0m at: [34mhttps://wandb.ai/jackvial/SO101-ManiSkill/runs/wdqpgzh6[0m
[1;34mwandb[0m: Find logs at: [1;35mwandb/run-20250912_093709-wdqpgzh6/logs[0m
